2026-05-22 13:46:38,574 | INFO | MainProcess | Prueba de logging manual
2026-05-22 13:47:24,301 | INFO | MainProcess | App iniciada | gpu_disponible=True | log=/media/darkseid/DATA/Repos/probability-and-statistics/dice/dice_app.log
2026-05-22 13:48:37,538 | INFO | MainProcess | Lanzar N | N=100 | dados=6 | modo_solicitado=AMBAS | modo_real=AMBAS | trabajadores=16
2026-05-22 13:48:37,538 | INFO | MainProcess | GPU inicio | experimentos=50 | dados=6 | lote_max=120000
2026-05-22 13:48:52,086 | INFO | MainProcess | Lanzar N | N=100 | dados=6 | modo_solicitado=AMBAS | modo_real=AMBAS | trabajadores=16
2026-05-22 13:48:52,086 | INFO | MainProcess | GPU inicio | experimentos=50 | dados=6 | lote_max=120000
2026-05-22 13:49:10,223 | INFO | MainProcess | Lanzar N | N=100 | dados=6 | modo_solicitado=AMBAS | modo_real=AMBAS | trabajadores=16
2026-05-22 13:49:10,224 | INFO | MainProcess | GPU inicio | experimentos=50 | dados=6 | lote_max=120000
2026-05-22 13:49:20,580 | INFO | MainProcess | Lanzar N | N=100 | dados=6 | modo_solicitado=AMBAS | modo_real=AMBAS | trabajadores=16
2026-05-22 13:49:20,581 | INFO | MainProcess | GPU inicio | experimentos=50 | dados=6 | lote_max=120000
2026-05-22 13:49:32,367 | INFO | MainProcess | Benchmark inicio | N=100 | dados=6 | trabajadores=16
2026-05-22 13:49:33,254 | INFO | MainProcess | Benchmark inicio | N=100 | dados=6 | trabajadores=16
2026-05-22 13:53:55,540 | INFO | MainProcess | App iniciada | gpu_disponible=True | log=/media/darkseid/DATA/Repos/probability-and-statistics/dice/dice_app.log
2026-05-22 13:54:11,908 | INFO | MainProcess | Lanzar N | N=100 | dados=6 | modo_solicitado=AMBAS | modo_real=AMBAS | trabajadores=16
2026-05-22 13:54:11,909 | INFO | MainProcess | GPU inicio | experimentos=50 | dados=6 | lote_max=120000
2026-05-22 13:54:33,861 | INFO | MainProcess | Lanzar N | N=100 | dados=6 | modo_solicitado=AMBAS | modo_real=AMBAS | trabajadores=16
2026-05-22 13:54:33,861 | INFO | MainProcess | GPU inicio | experimentos=50 | dados=6 | lote_max=120000
2026-05-22 13:54:47,933 | INFO | MainProcess | Lanzar N | N=1000 | dados=6 | modo_solicitado=AMBAS | modo_real=AMBAS | trabajadores=16
2026-05-22 13:54:47,933 | INFO | MainProcess | GPU inicio | experimentos=500 | dados=6 | lote_max=120000
2026-05-22 13:55:39,611 | INFO | MainProcess | Sesion cargada | nombre=Expo | ruta=/media/darkseid/DATA/Repos/probability-and-statistics/dice/sessions/Expo.json
2026-05-22 13:55:39,616 | INFO | MainProcess | Lanzar N | N=1000 | dados=6 | modo_solicitado=AUTO | modo_real=CPU | trabajadores=16
2026-05-22 13:55:39,616 | INFO | MainProcess | Generar masivos | experimentos=1000 | dados=6 | trabajadores=1
2026-05-22 13:59:44,759 | INFO | MainProcess | Nota modo: AUTO eligió CPU por umbral base.
2026-05-22 13:59:44,760 | INFO | MainProcess | Lanzar N | N=1000 | dados=6 | modo_solicitado=AUTO | modo_real=CPU | trabajadores=16
2026-05-22 13:59:44,760 | INFO | MainProcess | Generar masivos | experimentos=1000 | dados=6 | trabajadores=1
2026-05-22 14:02:16,670 | INFO | MainProcess | Lanzar N | N=1000 | dados=6 | modo_solicitado=AMBAS | modo_real=AMBAS | trabajadores=16
2026-05-22 14:02:16,674 | INFO | MainProcess | GPU inicio | experimentos=500 | dados=6 | lote_max=120000
2026-05-22 14:04:48,947 | INFO | MainProcess | Lanzar N | N=2000 | dados=6 | modo_solicitado=AMBAS | modo_real=AMBAS | trabajadores=16
2026-05-22 14:04:48,951 | INFO | MainProcess | GPU inicio | experimentos=1000 | dados=6 | lote_max=120000
2026-05-22 14:04:57,112 | INFO | MainProcess | Lanzar N | N=2000 | dados=6 | modo_solicitado=AMBAS | modo_real=AMBAS | trabajadores=16
2026-05-22 14:04:57,113 | INFO | MainProcess | GPU inicio | experimentos=1000 | dados=6 | lote_max=120000
2026-05-22 14:05:09,670 | INFO | MainProcess | Lanzar N | N=2000 | dados=6 | modo_solicitado=AMBAS | modo_real=AMBAS | trabajadores=16
2026-05-22 14:05:09,670 | INFO | MainProcess | GPU inicio | experimentos=1000 | dados=6 | lote_max=120000
2026-05-22 14:05:16,624 | INFO | MainProcess | Lanzar N | N=2000 | dados=6 | modo_solicitado=AMBAS | modo_real=AMBAS | trabajadores=16
2026-05-22 14:05:16,625 | INFO | MainProcess | GPU inicio | experimentos=1000 | dados=6 | lote_max=120000
2026-05-22 14:05:40,795 | INFO | MainProcess | App iniciada | gpu_disponible=True | log=/media/darkseid/DATA/Repos/probability-and-statistics/dice/dice_app.log
2026-05-22 14:08:58,393 | INFO | MainProcess | Sesion guardada | nombre=Expo | ruta=/media/darkseid/DATA/Repos/probability-and-statistics/dice/sessions/Expo.json
2026-05-22 14:09:02,500 | INFO | MainProcess | Sesion guardada | nombre=Expo | ruta=/media/darkseid/DATA/Repos/probability-and-statistics/dice/sessions/Expo.json
2026-05-22 14:09:18,878 | INFO | MainProcess | Lanzar N | N=2000 | dados=6 | modo_solicitado=AMBAS | modo_real=AMBAS | trabajadores=16
2026-05-22 14:09:18,878 | INFO | MainProcess | GPU inicio | experimentos=1000 | dados=6 | lote_max=120000
2026-05-22 14:10:47,480 | INFO | MainProcess | Sesion guardada | nombre=Expo | ruta=/media/darkseid/DATA/Repos/probability-and-statistics/dice/sessions/Expo.json
2026-05-22 14:14:09,311 | INFO | MainProcess | Sesion guardada | nombre=Expo | ruta=/media/darkseid/DATA/Repos/probability-and-statistics/dice/sessions/Expo.json
2026-05-22 14:17:36,653 | INFO | MainProcess | App iniciada | gpu_disponible=True | log=/media/darkseid/DATA/Repos/probability-and-statistics/dice/dice_app.log
2026-05-22 14:18:07,342 | INFO | MainProcess | Lanzar N | N=1000 | dados=6 | modo_solicitado=AMBAS | modo_real=AMBAS | trabajadores=16
2026-05-22 14:18:07,380 | INFO | MainProcess | GPU inicio | experimentos=500 | dados=6 | lote_max=120000
2026-05-22 14:18:07,381 | INFO | MainProcess | GPU lote inicio | lote=500 | restante_antes=500
2026-05-22 14:18:07,395 | INFO | MainProcess | Progreso GPU (AMBAS) | 500/1000 (50.00%)
2026-05-22 14:18:07,395 | INFO | MainProcess | GPU progreso | lote=500 | restante=0
2026-05-22 14:18:07,395 | INFO | MainProcess | GPU fin | experimentos=500
2026-05-22 14:18:07,395 | INFO | MainProcess | Generar masivos | experimentos=500 | dados=6 | trabajadores=1
2026-05-22 14:18:07,397 | INFO | MainProcess | Progreso CPU (AMBAS) | 560/1000 (56.00%)
2026-05-22 14:18:07,398 | INFO | MainProcess | Progreso CPU (AMBAS) | 608/1000 (60.80%)
2026-05-22 14:18:07,399 | INFO | MainProcess | Progreso CPU (AMBAS) | 656/1000 (65.60%)
2026-05-22 14:18:07,400 | INFO | MainProcess | Progreso CPU (AMBAS) | 704/1000 (70.40%)
2026-05-22 14:18:07,401 | INFO | MainProcess | Progreso CPU (AMBAS) | 752/1000 (75.20%)
2026-05-22 14:18:07,401 | INFO | MainProcess | Progreso CPU (AMBAS) | 800/1000 (80.00%)
2026-05-22 14:18:07,402 | INFO | MainProcess | Progreso CPU (AMBAS) | 860/1000 (86.00%)
2026-05-22 14:18:07,403 | INFO | MainProcess | Progreso CPU (AMBAS) | 908/1000 (90.80%)
2026-05-22 14:18:07,404 | INFO | MainProcess | Progreso CPU (AMBAS) | 956/1000 (95.60%)
2026-05-22 14:18:07,405 | INFO | MainProcess | Progreso CPU (AMBAS) | 1000/1000 (100.00%)
2026-05-22 14:18:07,410 | INFO | MainProcess | Progreso Completado | 1000/1000 (100.00%)
2026-05-22 14:18:25,243 | INFO | MainProcess | Lanzar N | N=10000 | dados=6 | modo_solicitado=AMBAS | modo_real=AMBAS | trabajadores=16
2026-05-22 14:18:25,278 | INFO | MainProcess | GPU inicio | experimentos=5000 | dados=6 | lote_max=120000
2026-05-22 14:18:25,278 | INFO | MainProcess | GPU lote inicio | lote=5000 | restante_antes=5000
2026-05-22 14:18:25,296 | INFO | MainProcess | Progreso GPU (AMBAS) | 5000/10000 (50.00%)
2026-05-22 14:18:25,296 | INFO | MainProcess | GPU progreso | lote=5000 | restante=0
2026-05-22 14:18:25,296 | INFO | MainProcess | GPU fin | experimentos=5000
2026-05-22 14:18:25,296 | INFO | MainProcess | Generar masivos | experimentos=5000 | dados=6 | trabajadores=1
2026-05-22 14:18:25,298 | INFO | MainProcess | Progreso CPU (AMBAS) | 5500/10000 (55.00%)
2026-05-22 14:18:25,300 | INFO | MainProcess | Progreso CPU (AMBAS) | 6000/10000 (60.00%)
2026-05-22 14:18:25,303 | INFO | MainProcess | Progreso CPU (AMBAS) | 6500/10000 (65.00%)
2026-05-22 14:18:25,304 | INFO | MainProcess | Progreso CPU (AMBAS) | 7000/10000 (70.00%)
2026-05-22 14:18:25,307 | INFO | MainProcess | Progreso CPU (AMBAS) | 7500/10000 (75.00%)
2026-05-22 14:18:25,309 | INFO | MainProcess | Progreso CPU (AMBAS) | 8000/10000 (80.00%)
2026-05-22 14:18:25,311 | INFO | MainProcess | Progreso CPU (AMBAS) | 8500/10000 (85.00%)
2026-05-22 14:18:25,313 | INFO | MainProcess | Progreso CPU (AMBAS) | 9000/10000 (90.00%)
2026-05-22 14:18:25,322 | INFO | MainProcess | Progreso CPU (AMBAS) | 9500/10000 (95.00%)
2026-05-22 14:18:25,324 | INFO | MainProcess | Progreso CPU (AMBAS) | 10000/10000 (100.00%)
2026-05-22 14:18:25,336 | INFO | MainProcess | Progreso Completado | 10000/10000 (100.00%)
2026-05-22 14:21:51,080 | INFO | MainProcess | Lanzar N | N=10000 | dados=6 | modo_solicitado=AMBAS | modo_real=AMBAS | trabajadores=16
2026-05-22 14:21:51,139 | INFO | MainProcess | GPU inicio | experimentos=5000 | dados=6 | lote_max=120000
2026-05-22 14:21:51,139 | INFO | MainProcess | GPU lote inicio | lote=5000 | restante_antes=5000
2026-05-22 14:21:51,159 | INFO | MainProcess | Progreso GPU (AMBAS) | 5000/10000 (50.00%)
2026-05-22 14:21:51,159 | INFO | MainProcess | GPU progreso | lote=5000 | restante=0
2026-05-22 14:21:51,159 | INFO | MainProcess | GPU fin | experimentos=5000
2026-05-22 14:21:51,159 | INFO | MainProcess | Generar masivos | experimentos=5000 | dados=6 | trabajadores=1
2026-05-22 14:21:51,162 | INFO | MainProcess | Progreso CPU (AMBAS) | 5500/10000 (55.00%)
2026-05-22 14:21:51,165 | INFO | MainProcess | Progreso CPU (AMBAS) | 6000/10000 (60.00%)
2026-05-22 14:21:51,167 | INFO | MainProcess | Progreso CPU (AMBAS) | 6500/10000 (65.00%)
2026-05-22 14:21:51,169 | INFO | MainProcess | Progreso CPU (AMBAS) | 7000/10000 (70.00%)
2026-05-22 14:21:51,171 | INFO | MainProcess | Progreso CPU (AMBAS) | 7500/10000 (75.00%)
2026-05-22 14:21:51,174 | INFO | MainProcess | Progreso CPU (AMBAS) | 8000/10000 (80.00%)
2026-05-22 14:21:51,177 | INFO | MainProcess | Progreso CPU (AMBAS) | 8500/10000 (85.00%)
2026-05-22 14:21:51,179 | INFO | MainProcess | Progreso CPU (AMBAS) | 9000/10000 (90.00%)
2026-05-22 14:21:51,181 | INFO | MainProcess | Progreso CPU (AMBAS) | 9500/10000 (95.00%)
2026-05-22 14:21:51,184 | INFO | MainProcess | Progreso CPU (AMBAS) | 10000/10000 (100.00%)
2026-05-22 14:21:51,196 | INFO | MainProcess | Progreso Completado | 10000/10000 (100.00%)
2026-05-22 14:24:10,142 | INFO | MainProcess | App iniciada | gpu_disponible=True | log=/media/darkseid/DATA/Repos/probability-and-statistics/dice/dice_app.log
2026-05-22 14:24:31,579 | INFO | MainProcess | Lanzar N | N=10 | dados=6 | modo_solicitado=AMBAS | modo_real=AMBAS | trabajadores=16
2026-05-22 14:24:31,618 | INFO | MainProcess | GPU inicio | experimentos=5 | dados=6 | lote_max=120000
2026-05-22 14:24:31,618 | INFO | MainProcess | GPU lote inicio | lote=5 | restante_antes=5
2026-05-22 14:24:31,629 | INFO | MainProcess | Progreso GPU (AMBAS) | 5/10 (50.00%)
2026-05-22 14:24:31,629 | INFO | MainProcess | GPU progreso | lote=5 | restante=0
2026-05-22 14:24:31,629 | INFO | MainProcess | GPU fin | experimentos=5
2026-05-22 14:24:31,629 | INFO | MainProcess | Generar masivos | experimentos=5 | dados=6 | trabajadores=1
2026-05-22 14:24:31,630 | INFO | MainProcess | Progreso CPU (AMBAS) | 6/10 (60.00%)
2026-05-22 14:24:31,630 | INFO | MainProcess | Progreso CPU (AMBAS) | 7/10 (70.00%)
2026-05-22 14:24:31,631 | INFO | MainProcess | Progreso CPU (AMBAS) | 8/10 (80.00%)
2026-05-22 14:24:31,631 | INFO | MainProcess | Progreso CPU (AMBAS) | 9/10 (90.00%)
2026-05-22 14:24:31,631 | INFO | MainProcess | Progreso CPU (AMBAS) | 10/10 (100.00%)
2026-05-22 14:24:31,636 | INFO | MainProcess | Progreso Completado | 10/10 (100.00%)
2026-05-22 14:24:40,878 | INFO | MainProcess | Lanzar N | N=10 | dados=6 | modo_solicitado=AMBAS | modo_real=AMBAS | trabajadores=16
2026-05-22 14:24:40,912 | INFO | MainProcess | GPU inicio | experimentos=5 | dados=6 | lote_max=120000
2026-05-22 14:24:40,912 | INFO | MainProcess | GPU lote inicio | lote=5 | restante_antes=5
2026-05-22 14:24:40,914 | INFO | MainProcess | Progreso GPU (AMBAS) | 5/10 (50.00%)
2026-05-22 14:24:40,914 | INFO | MainProcess | GPU progreso | lote=5 | restante=0
2026-05-22 14:24:40,914 | INFO | MainProcess | GPU fin | experimentos=5
2026-05-22 14:24:40,914 | INFO | MainProcess | Generar masivos | experimentos=5 | dados=6 | trabajadores=1
2026-05-22 14:24:40,914 | INFO | MainProcess | Progreso CPU (AMBAS) | 6/10 (60.00%)
2026-05-22 14:24:40,915 | INFO | MainProcess | Progreso CPU (AMBAS) | 7/10 (70.00%)
2026-05-22 14:24:40,915 | INFO | MainProcess | Progreso CPU (AMBAS) | 8/10 (80.00%)
2026-05-22 14:24:40,915 | INFO | MainProcess | Progreso CPU (AMBAS) | 9/10 (90.00%)
2026-05-22 14:24:40,915 | INFO | MainProcess | Progreso CPU (AMBAS) | 10/10 (100.00%)
2026-05-22 14:24:40,920 | INFO | MainProcess | Progreso Completado | 10/10 (100.00%)
2026-05-22 14:24:51,904 | INFO | MainProcess | Lanzar N | N=100 | dados=6 | modo_solicitado=AMBAS | modo_real=AMBAS | trabajadores=16
2026-05-22 14:24:51,937 | INFO | MainProcess | GPU inicio | experimentos=50 | dados=6 | lote_max=120000
2026-05-22 14:24:51,937 | INFO | MainProcess | GPU lote inicio | lote=50 | restante_antes=50
2026-05-22 14:24:51,939 | INFO | MainProcess | Progreso GPU (AMBAS) | 50/100 (50.00%)
2026-05-22 14:24:51,940 | INFO | MainProcess | GPU progreso | lote=50 | restante=0
2026-05-22 14:24:51,940 | INFO | MainProcess | GPU fin | experimentos=50
2026-05-22 14:24:51,940 | INFO | MainProcess | Generar masivos | experimentos=50 | dados=6 | trabajadores=1
2026-05-22 14:24:51,941 | INFO | MainProcess | Progreso CPU (AMBAS) | 55/100 (55.00%)
2026-05-22 14:24:51,943 | INFO | MainProcess | Progreso CPU (AMBAS) | 60/100 (60.00%)
2026-05-22 14:24:51,944 | INFO | MainProcess | Progreso CPU (AMBAS) | 65/100 (65.00%)
2026-05-22 14:24:51,945 | INFO | MainProcess | Progreso CPU (AMBAS) | 70/100 (70.00%)
2026-05-22 14:24:51,946 | INFO | MainProcess | Progreso CPU (AMBAS) | 75/100 (75.00%)
2026-05-22 14:24:51,947 | INFO | MainProcess | Progreso CPU (AMBAS) | 80/100 (80.00%)
2026-05-22 14:24:51,948 | INFO | MainProcess | Progreso CPU (AMBAS) | 85/100 (85.00%)
2026-05-22 14:24:51,948 | INFO | MainProcess | Progreso CPU (AMBAS) | 90/100 (90.00%)
2026-05-22 14:24:51,949 | INFO | MainProcess | Progreso CPU (AMBAS) | 95/100 (95.00%)
2026-05-22 14:24:51,950 | INFO | MainProcess | Progreso CPU (AMBAS) | 100/100 (100.00%)
2026-05-22 14:24:51,956 | INFO | MainProcess | Progreso Completado | 100/100 (100.00%)
2026-05-22 14:24:55,032 | INFO | MainProcess | Lanzar N | N=1000 | dados=6 | modo_solicitado=AMBAS | modo_real=AMBAS | trabajadores=16
2026-05-22 14:24:55,069 | INFO | MainProcess | GPU inicio | experimentos=500 | dados=6 | lote_max=120000
2026-05-22 14:24:55,069 | INFO | MainProcess | GPU lote inicio | lote=500 | restante_antes=500
2026-05-22 14:24:55,071 | INFO | MainProcess | Progreso GPU (AMBAS) | 500/1000 (50.00%)
2026-05-22 14:24:55,071 | INFO | MainProcess | GPU progreso | lote=500 | restante=0
2026-05-22 14:24:55,071 | INFO | MainProcess | GPU fin | experimentos=500
2026-05-22 14:24:55,071 | INFO | MainProcess | Generar masivos | experimentos=500 | dados=6 | trabajadores=1
2026-05-22 14:24:55,073 | INFO | MainProcess | Progreso CPU (AMBAS) | 560/1000 (56.00%)
2026-05-22 14:24:55,074 | INFO | MainProcess | Progreso CPU (AMBAS) | 608/1000 (60.80%)
2026-05-22 14:24:55,075 | INFO | MainProcess | Progreso CPU (AMBAS) | 656/1000 (65.60%)
2026-05-22 14:24:55,077 | INFO | MainProcess | Progreso CPU (AMBAS) | 704/1000 (70.40%)
2026-05-22 14:24:55,078 | INFO | MainProcess | Progreso CPU (AMBAS) | 752/1000 (75.20%)
2026-05-22 14:24:55,079 | INFO | MainProcess | Progreso CPU (AMBAS) | 800/1000 (80.00%)
2026-05-22 14:24:55,080 | INFO | MainProcess | Progreso CPU (AMBAS) | 860/1000 (86.00%)
2026-05-22 14:24:55,081 | INFO | MainProcess | Progreso CPU (AMBAS) | 908/1000 (90.80%)
2026-05-22 14:24:55,082 | INFO | MainProcess | Progreso CPU (AMBAS) | 956/1000 (95.60%)
2026-05-22 14:24:55,084 | INFO | MainProcess | Progreso CPU (AMBAS) | 1000/1000 (100.00%)
2026-05-22 14:24:55,088 | INFO | MainProcess | Progreso Completado | 1000/1000 (100.00%)
2026-05-22 14:25:02,624 | INFO | MainProcess | Lanzar N | N=10000 | dados=6 | modo_solicitado=AMBAS | modo_real=AMBAS | trabajadores=16
2026-05-22 14:25:02,661 | INFO | MainProcess | GPU inicio | experimentos=5000 | dados=6 | lote_max=120000
2026-05-22 14:25:02,661 | INFO | MainProcess | GPU lote inicio | lote=5000 | restante_antes=5000
2026-05-22 14:25:02,670 | INFO | MainProcess | Progreso GPU (AMBAS) | 5000/10000 (50.00%)
2026-05-22 14:25:02,671 | INFO | MainProcess | GPU progreso | lote=5000 | restante=0
2026-05-22 14:25:02,671 | INFO | MainProcess | GPU fin | experimentos=5000
2026-05-22 14:25:02,671 | INFO | MainProcess | Generar masivos | experimentos=5000 | dados=6 | trabajadores=1
2026-05-22 14:25:02,673 | INFO | MainProcess | Progreso CPU (AMBAS) | 5500/10000 (55.00%)
2026-05-22 14:25:02,675 | INFO | MainProcess | Progreso CPU (AMBAS) | 6000/10000 (60.00%)
2026-05-22 14:25:02,678 | INFO | MainProcess | Progreso CPU (AMBAS) | 6500/10000 (65.00%)
2026-05-22 14:25:02,680 | INFO | MainProcess | Progreso CPU (AMBAS) | 7000/10000 (70.00%)
2026-05-22 14:25:02,683 | INFO | MainProcess | Progreso CPU (AMBAS) | 7500/10000 (75.00%)
2026-05-22 14:25:02,685 | INFO | MainProcess | Progreso CPU (AMBAS) | 8000/10000 (80.00%)
2026-05-22 14:25:02,687 | INFO | MainProcess | Progreso CPU (AMBAS) | 8500/10000 (85.00%)
2026-05-22 14:25:02,689 | INFO | MainProcess | Progreso CPU (AMBAS) | 9000/10000 (90.00%)
2026-05-22 14:25:02,692 | INFO | MainProcess | Progreso CPU (AMBAS) | 9500/10000 (95.00%)
2026-05-22 14:25:02,694 | INFO | MainProcess | Progreso CPU (AMBAS) | 10000/10000 (100.00%)
2026-05-22 14:25:02,705 | INFO | MainProcess | Progreso Completado | 10000/10000 (100.00%)
2026-05-22 14:30:36,431 | INFO | MainProcess | Lanzar N | N=100000 | dados=6 | modo_solicitado=AMBAS | modo_real=AMBAS | trabajadores=16
2026-05-22 14:30:36,463 | INFO | MainProcess | GPU inicio | experimentos=50000 | dados=6 | lote_max=120000
2026-05-22 14:30:36,463 | INFO | MainProcess | GPU lote inicio | lote=50000 | restante_antes=50000
2026-05-22 14:30:36,557 | INFO | MainProcess | Progreso GPU (AMBAS) | 50000/100000 (50.00%)
2026-05-22 14:30:36,558 | INFO | MainProcess | GPU progreso | lote=50000 | restante=0
2026-05-22 14:30:36,558 | INFO | MainProcess | GPU fin | experimentos=50000
2026-05-22 14:30:36,559 | INFO | MainProcess | Generar masivos | experimentos=50000 | dados=6 | trabajadores=16
2026-05-22 14:30:36,659 | INFO | ForkProcess-1 | [CPU worker] inicio lote: experimentos=10000, dados=6, pid=99581
2026-05-22 14:30:36,659 | INFO | ForkProcess-3 | [CPU worker] inicio lote: experimentos=10000, dados=6, pid=99583
2026-05-22 14:30:36,659 | INFO | ForkProcess-2 | [CPU worker] inicio lote: experimentos=10000, dados=6, pid=99582
2026-05-22 14:30:36,659 | INFO | ForkProcess-4 | [CPU worker] inicio lote: experimentos=10000, dados=6, pid=99584
2026-05-22 14:30:36,660 | INFO | ForkProcess-5 | [CPU worker] inicio lote: experimentos=10000, dados=6, pid=99585
2026-05-22 14:30:36,697 | INFO | ForkProcess-1 | [CPU worker] fin lote: experimentos=10000, pid=99581
2026-05-22 14:30:36,697 | INFO | ForkProcess-3 | [CPU worker] fin lote: experimentos=10000, pid=99583
2026-05-22 14:30:36,697 | INFO | ForkProcess-2 | [CPU worker] fin lote: experimentos=10000, pid=99582
2026-05-22 14:30:36,698 | INFO | ForkProcess-4 | [CPU worker] fin lote: experimentos=10000, pid=99584
2026-05-22 14:30:36,699 | INFO | ForkProcess-5 | [CPU worker] fin lote: experimentos=10000, pid=99585
2026-05-22 14:30:36,716 | INFO | MainProcess | Progreso CPU (AMBAS) | 60000/100000 (60.00%)
2026-05-22 14:30:36,717 | INFO | MainProcess | CPU paralelo progreso | trabajo=1/5
2026-05-22 14:30:36,721 | INFO | MainProcess | Progreso CPU (AMBAS) | 70000/100000 (70.00%)
2026-05-22 14:30:36,721 | INFO | MainProcess | CPU paralelo progreso | trabajo=2/5
2026-05-22 14:30:36,726 | INFO | MainProcess | Progreso CPU (AMBAS) | 80000/100000 (80.00%)
2026-05-22 14:30:36,726 | INFO | MainProcess | CPU paralelo progreso | trabajo=3/5
2026-05-22 14:30:36,729 | INFO | MainProcess | Progreso CPU (AMBAS) | 90000/100000 (90.00%)
2026-05-22 14:30:36,729 | INFO | MainProcess | CPU paralelo progreso | trabajo=4/5
2026-05-22 14:30:36,732 | INFO | MainProcess | Progreso CPU (AMBAS) | 100000/100000 (100.00%)
2026-05-22 14:30:36,733 | INFO | MainProcess | CPU paralelo progreso | trabajo=5/5
2026-05-22 14:30:36,750 | INFO | MainProcess | Progreso Completado | 100000/100000 (100.00%)
2026-05-22 14:42:18,194 | INFO | MainProcess | Sesion guardada | nombre=mi_sesion | ruta=/media/darkseid/DATA/Repos/probability-and-statistics/dice/sessions/mi_sesion.json
2026-05-22 14:43:24,457 | INFO | MainProcess | Lanzar N | N=100 | dados=6 | modo_solicitado=AMBAS | modo_real=AMBAS | trabajadores=16
2026-05-22 14:43:24,492 | INFO | MainProcess | GPU inicio | experimentos=50 | dados=6 | lote_max=120000
2026-05-22 14:43:24,492 | INFO | MainProcess | GPU lote inicio | lote=50 | restante_antes=50
2026-05-22 14:43:24,506 | INFO | MainProcess | Progreso GPU (AMBAS) | 50/100 (50.00%)
2026-05-22 14:43:24,506 | INFO | MainProcess | GPU progreso | lote=50 | restante=0
2026-05-22 14:43:24,506 | INFO | MainProcess | GPU fin | experimentos=50
2026-05-22 14:43:24,506 | INFO | MainProcess | Generar masivos | experimentos=50 | dados=6 | trabajadores=1
2026-05-22 14:43:24,507 | INFO | MainProcess | Progreso CPU (AMBAS) | 55/100 (55.00%)
2026-05-22 14:43:24,508 | INFO | MainProcess | Progreso CPU (AMBAS) | 60/100 (60.00%)
2026-05-22 14:43:24,509 | INFO | MainProcess | Progreso CPU (AMBAS) | 65/100 (65.00%)
2026-05-22 14:43:24,510 | INFO | MainProcess | Progreso CPU (AMBAS) | 70/100 (70.00%)
2026-05-22 14:43:24,511 | INFO | MainProcess | Progreso CPU (AMBAS) | 75/100 (75.00%)
2026-05-22 14:43:24,512 | INFO | MainProcess | Progreso CPU (AMBAS) | 80/100 (80.00%)
2026-05-22 14:43:24,515 | INFO | MainProcess | Progreso CPU (AMBAS) | 85/100 (85.00%)
2026-05-22 14:43:24,516 | INFO | MainProcess | Progreso CPU (AMBAS) | 90/100 (90.00%)
2026-05-22 14:43:24,517 | INFO | MainProcess | Progreso CPU (AMBAS) | 95/100 (95.00%)
2026-05-22 14:43:24,519 | INFO | MainProcess | Progreso CPU (AMBAS) | 100/100 (100.00%)
2026-05-22 14:43:24,523 | INFO | MainProcess | Progreso Completado | 100/100 (100.00%)
2026-05-22 14:50:48,940 | INFO | MainProcess | Sesion guardada | nombre=mi_sesion | ruta=/media/darkseid/DATA/Repos/probability-and-statistics/dice/sessions/mi_sesion.json
2026-05-22 14:50:49,179 | INFO | MainProcess | Sesion guardada | nombre=mi_sesion | ruta=/media/darkseid/DATA/Repos/probability-and-statistics/dice/sessions/mi_sesion.json
2026-05-22 14:50:49,417 | INFO | MainProcess | Sesion guardada | nombre=mi_sesion | ruta=/media/darkseid/DATA/Repos/probability-and-statistics/dice/sessions/mi_sesion.json
2026-05-22 14:50:49,650 | INFO | MainProcess | Sesion guardada | nombre=mi_sesion | ruta=/media/darkseid/DATA/Repos/probability-and-statistics/dice/sessions/mi_sesion.json
2026-05-22 14:50:49,878 | INFO | MainProcess | Sesion guardada | nombre=mi_sesion | ruta=/media/darkseid/DATA/Repos/probability-and-statistics/dice/sessions/mi_sesion.json
2026-05-22 14:50:50,116 | INFO | MainProcess | Sesion guardada | nombre=mi_sesion | ruta=/media/darkseid/DATA/Repos/probability-and-statistics/dice/sessions/mi_sesion.json
2026-05-22 14:50:50,351 | INFO | MainProcess | Sesion guardada | nombre=mi_sesion | ruta=/media/darkseid/DATA/Repos/probability-and-statistics/dice/sessions/mi_sesion.json
2026-05-22 14:50:50,589 | INFO | MainProcess | Sesion guardada | nombre=mi_sesion | ruta=/media/darkseid/DATA/Repos/probability-and-statistics/dice/sessions/mi_sesion.json
2026-05-22 14:52:54,260 | INFO | MainProcess | App iniciada | gpu_disponible=True | log=/media/darkseid/DATA/Repos/probability-and-statistics/dice/dice_app.log
2026-05-22 14:53:18,337 | INFO | MainProcess | Lanzar N | N=10 | dados=6 | modo_solicitado=AMBAS | modo_real=AMBAS | trabajadores=16
2026-05-22 14:53:18,341 | INFO | MainProcess | GPU inicio | experimentos=5 | dados=6 | lote_max=120000
2026-05-22 14:53:18,341 | INFO | MainProcess | GPU lote inicio | lote=5 | restante_antes=5
2026-05-22 14:53:18,360 | INFO | MainProcess | Progreso GPU (AMBAS) | 5/10 (50.00%)
2026-05-22 14:53:18,360 | INFO | MainProcess | GPU progreso | lote=5 | restante=0
2026-05-22 14:53:18,360 | INFO | MainProcess | GPU fin | experimentos=5
2026-05-22 14:53:18,360 | INFO | MainProcess | Generar masivos | experimentos=5 | dados=6 | trabajadores=1
2026-05-22 14:53:18,360 | INFO | MainProcess | Progreso CPU (AMBAS) | 6/10 (60.00%)
2026-05-22 14:53:18,360 | INFO | MainProcess | Progreso CPU (AMBAS) | 7/10 (70.00%)
2026-05-22 14:53:18,360 | INFO | MainProcess | Progreso CPU (AMBAS) | 8/10 (80.00%)
2026-05-22 14:53:18,360 | INFO | MainProcess | Progreso CPU (AMBAS) | 9/10 (90.00%)
2026-05-22 14:53:18,361 | INFO | MainProcess | Progreso CPU (AMBAS) | 10/10 (100.00%)
2026-05-22 14:53:22,433 | INFO | MainProcess | Lanzar N | N=100 | dados=6 | modo_solicitado=AMBAS | modo_real=AMBAS | trabajadores=16
2026-05-22 14:53:22,434 | INFO | MainProcess | GPU inicio | experimentos=50 | dados=6 | lote_max=120000
2026-05-22 14:53:22,434 | INFO | MainProcess | GPU lote inicio | lote=50 | restante_antes=50
2026-05-22 14:53:22,435 | INFO | MainProcess | Progreso GPU (AMBAS) | 50/100 (50.00%)
2026-05-22 14:53:22,435 | INFO | MainProcess | GPU progreso | lote=50 | restante=0
2026-05-22 14:53:22,435 | INFO | MainProcess | GPU fin | experimentos=50
2026-05-22 14:53:22,435 | INFO | MainProcess | Generar masivos | experimentos=50 | dados=6 | trabajadores=1
2026-05-22 14:53:22,435 | INFO | MainProcess | Progreso CPU (AMBAS) | 55/100 (55.00%)
2026-05-22 14:53:22,437 | INFO | MainProcess | Progreso CPU (AMBAS) | 60/100 (60.00%)
2026-05-22 14:53:22,437 | INFO | MainProcess | Progreso CPU (AMBAS) | 65/100 (65.00%)
2026-05-22 14:53:22,437 | INFO | MainProcess | Progreso CPU (AMBAS) | 70/100 (70.00%)
2026-05-22 14:53:22,437 | INFO | MainProcess | Progreso CPU (AMBAS) | 75/100 (75.00%)
2026-05-22 14:53:22,437 | INFO | MainProcess | Progreso CPU (AMBAS) | 80/100 (80.00%)
2026-05-22 14:53:22,437 | INFO | MainProcess | Progreso CPU (AMBAS) | 85/100 (85.00%)
2026-05-22 14:53:22,438 | INFO | MainProcess | Progreso CPU (AMBAS) | 90/100 (90.00%)
2026-05-22 14:53:22,438 | INFO | MainProcess | Progreso CPU (AMBAS) | 95/100 (95.00%)
2026-05-22 14:53:22,438 | INFO | MainProcess | Progreso CPU (AMBAS) | 100/100 (100.00%)
2026-05-22 14:53:23,353 | INFO | MainProcess | Lanzar N | N=100 | dados=6 | modo_solicitado=AMBAS | modo_real=AMBAS | trabajadores=16
2026-05-22 14:53:23,353 | INFO | MainProcess | GPU inicio | experimentos=50 | dados=6 | lote_max=120000
2026-05-22 14:53:23,354 | INFO | MainProcess | GPU lote inicio | lote=50 | restante_antes=50
2026-05-22 14:53:23,355 | INFO | MainProcess | Progreso GPU (AMBAS) | 50/100 (50.00%)
2026-05-22 14:53:23,355 | INFO | MainProcess | GPU progreso | lote=50 | restante=0
2026-05-22 14:53:23,355 | INFO | MainProcess | GPU fin | experimentos=50
2026-05-22 14:53:23,355 | INFO | MainProcess | Generar masivos | experimentos=50 | dados=6 | trabajadores=1
2026-05-22 14:53:23,355 | INFO | MainProcess | Progreso CPU (AMBAS) | 55/100 (55.00%)
2026-05-22 14:53:23,355 | INFO | MainProcess | Progreso CPU (AMBAS) | 60/100 (60.00%)
2026-05-22 14:53:23,355 | INFO | MainProcess | Progreso CPU (AMBAS) | 65/100 (65.00%)
2026-05-22 14:53:23,355 | INFO | MainProcess | Progreso CPU (AMBAS) | 70/100 (70.00%)
2026-05-22 14:53:23,356 | INFO | MainProcess | Progreso CPU (AMBAS) | 75/100 (75.00%)
2026-05-22 14:53:23,356 | INFO | MainProcess | Progreso CPU (AMBAS) | 80/100 (80.00%)
2026-05-22 14:53:23,356 | INFO | MainProcess | Progreso CPU (AMBAS) | 85/100 (85.00%)
2026-05-22 14:53:23,356 | INFO | MainProcess | Progreso CPU (AMBAS) | 90/100 (90.00%)
2026-05-22 14:53:23,356 | INFO | MainProcess | Progreso CPU (AMBAS) | 95/100 (95.00%)
2026-05-22 14:53:23,356 | INFO | MainProcess | Progreso CPU (AMBAS) | 100/100 (100.00%)
2026-05-22 14:53:23,899 | INFO | MainProcess | Lanzar N | N=100 | dados=6 | modo_solicitado=AMBAS | modo_real=AMBAS | trabajadores=16
2026-05-22 14:53:23,900 | INFO | MainProcess | GPU inicio | experimentos=50 | dados=6 | lote_max=120000
2026-05-22 14:53:23,900 | INFO | MainProcess | GPU lote inicio | lote=50 | restante_antes=50
2026-05-22 14:53:23,901 | INFO | MainProcess | Progreso GPU (AMBAS) | 50/100 (50.00%)
2026-05-22 14:53:23,901 | INFO | MainProcess | GPU progreso | lote=50 | restante=0
2026-05-22 14:53:23,901 | INFO | MainProcess | GPU fin | experimentos=50
2026-05-22 14:53:23,901 | INFO | MainProcess | Generar masivos | experimentos=50 | dados=6 | trabajadores=1
2026-05-22 14:53:23,901 | INFO | MainProcess | Progreso CPU (AMBAS) | 55/100 (55.00%)
2026-05-22 14:53:23,901 | INFO | MainProcess | Progreso CPU (AMBAS) | 60/100 (60.00%)
2026-05-22 14:53:23,901 | INFO | MainProcess | Progreso CPU (AMBAS) | 65/100 (65.00%)
2026-05-22 14:53:23,901 | INFO | MainProcess | Progreso CPU (AMBAS) | 70/100 (70.00%)
2026-05-22 14:53:23,902 | INFO | MainProcess | Progreso CPU (AMBAS) | 75/100 (75.00%)
2026-05-22 14:53:23,902 | INFO | MainProcess | Progreso CPU (AMBAS) | 80/100 (80.00%)
2026-05-22 14:53:23,902 | INFO | MainProcess | Progreso CPU (AMBAS) | 85/100 (85.00%)
2026-05-22 14:53:23,902 | INFO | MainProcess | Progreso CPU (AMBAS) | 90/100 (90.00%)
2026-05-22 14:53:23,902 | INFO | MainProcess | Progreso CPU (AMBAS) | 95/100 (95.00%)
2026-05-22 14:53:23,902 | INFO | MainProcess | Progreso CPU (AMBAS) | 100/100 (100.00%)
2026-05-22 14:53:24,211 | INFO | MainProcess | Lanzar N | N=100 | dados=6 | modo_solicitado=AMBAS | modo_real=AMBAS | trabajadores=16
2026-05-22 14:53:24,212 | INFO | MainProcess | GPU inicio | experimentos=50 | dados=6 | lote_max=120000
2026-05-22 14:53:24,212 | INFO | MainProcess | GPU lote inicio | lote=50 | restante_antes=50
2026-05-22 14:53:24,213 | INFO | MainProcess | Progreso GPU (AMBAS) | 50/100 (50.00%)
2026-05-22 14:53:24,213 | INFO | MainProcess | GPU progreso | lote=50 | restante=0
2026-05-22 14:53:24,214 | INFO | MainProcess | GPU fin | experimentos=50
2026-05-22 14:53:24,214 | INFO | MainProcess | Generar masivos | experimentos=50 | dados=6 | trabajadores=1
2026-05-22 14:53:24,215 | INFO | MainProcess | Progreso CPU (AMBAS) | 55/100 (55.00%)
2026-05-22 14:53:24,215 | INFO | MainProcess | Progreso CPU (AMBAS) | 60/100 (60.00%)
2026-05-22 14:53:24,215 | INFO | MainProcess | Progreso CPU (AMBAS) | 65/100 (65.00%)
2026-05-22 14:53:24,215 | INFO | MainProcess | Progreso CPU (AMBAS) | 70/100 (70.00%)
2026-05-22 14:53:24,215 | INFO | MainProcess | Progreso CPU (AMBAS) | 75/100 (75.00%)
2026-05-22 14:53:24,215 | INFO | MainProcess | Progreso CPU (AMBAS) | 80/100 (80.00%)
2026-05-22 14:53:24,215 | INFO | MainProcess | Progreso CPU (AMBAS) | 85/100 (85.00%)
2026-05-22 14:53:24,215 | INFO | MainProcess | Progreso CPU (AMBAS) | 90/100 (90.00%)
2026-05-22 14:53:24,215 | INFO | MainProcess | Progreso CPU (AMBAS) | 95/100 (95.00%)
2026-05-22 14:53:24,216 | INFO | MainProcess | Progreso CPU (AMBAS) | 100/100 (100.00%)
2026-05-22 14:53:24,505 | INFO | MainProcess | Lanzar N | N=100 | dados=6 | modo_solicitado=AMBAS | modo_real=AMBAS | trabajadores=16
2026-05-22 14:53:24,506 | INFO | MainProcess | GPU inicio | experimentos=50 | dados=6 | lote_max=120000
2026-05-22 14:53:24,506 | INFO | MainProcess | GPU lote inicio | lote=50 | restante_antes=50
2026-05-22 14:53:24,508 | INFO | MainProcess | Progreso GPU (AMBAS) | 50/100 (50.00%)
2026-05-22 14:53:24,508 | INFO | MainProcess | GPU progreso | lote=50 | restante=0
2026-05-22 14:53:24,508 | INFO | MainProcess | GPU fin | experimentos=50
2026-05-22 14:53:24,508 | INFO | MainProcess | Generar masivos | experimentos=50 | dados=6 | trabajadores=1
2026-05-22 14:53:24,508 | INFO | MainProcess | Progreso CPU (AMBAS) | 55/100 (55.00%)
2026-05-22 14:53:24,508 | INFO | MainProcess | Progreso CPU (AMBAS) | 60/100 (60.00%)
2026-05-22 14:53:24,508 | INFO | MainProcess | Progreso CPU (AMBAS) | 65/100 (65.00%)
2026-05-22 14:53:24,508 | INFO | MainProcess | Progreso CPU (AMBAS) | 70/100 (70.00%)
2026-05-22 14:53:24,508 | INFO | MainProcess | Progreso CPU (AMBAS) | 75/100 (75.00%)
2026-05-22 14:53:24,509 | INFO | MainProcess | Progreso CPU (AMBAS) | 80/100 (80.00%)
2026-05-22 14:53:24,509 | INFO | MainProcess | Progreso CPU (AMBAS) | 85/100 (85.00%)
2026-05-22 14:53:24,509 | INFO | MainProcess | Progreso CPU (AMBAS) | 90/100 (90.00%)
2026-05-22 14:53:24,509 | INFO | MainProcess | Progreso CPU (AMBAS) | 95/100 (95.00%)
2026-05-22 14:53:24,509 | INFO | MainProcess | Progreso CPU (AMBAS) | 100/100 (100.00%)
2026-05-22 14:53:24,885 | INFO | MainProcess | Lanzar N | N=100 | dados=6 | modo_solicitado=AMBAS | modo_real=AMBAS | trabajadores=16
2026-05-22 14:53:24,886 | INFO | MainProcess | GPU inicio | experimentos=50 | dados=6 | lote_max=120000
2026-05-22 14:53:24,886 | INFO | MainProcess | GPU lote inicio | lote=50 | restante_antes=50
2026-05-22 14:53:24,889 | INFO | MainProcess | Progreso GPU (AMBAS) | 50/100 (50.00%)
2026-05-22 14:53:24,889 | INFO | MainProcess | GPU progreso | lote=50 | restante=0
2026-05-22 14:53:24,889 | INFO | MainProcess | GPU fin | experimentos=50
2026-05-22 14:53:24,889 | INFO | MainProcess | Generar masivos | experimentos=50 | dados=6 | trabajadores=1
2026-05-22 14:53:24,889 | INFO | MainProcess | Progreso CPU (AMBAS) | 55/100 (55.00%)
2026-05-22 14:53:24,889 | INFO | MainProcess | Progreso CPU (AMBAS) | 60/100 (60.00%)
2026-05-22 14:53:24,889 | INFO | MainProcess | Progreso CPU (AMBAS) | 65/100 (65.00%)
2026-05-22 14:53:24,889 | INFO | MainProcess | Progreso CPU (AMBAS) | 70/100 (70.00%)
2026-05-22 14:53:24,889 | INFO | MainProcess | Progreso CPU (AMBAS) | 75/100 (75.00%)
2026-05-22 14:53:24,889 | INFO | MainProcess | Progreso CPU (AMBAS) | 80/100 (80.00%)
2026-05-22 14:53:24,889 | INFO | MainProcess | Progreso CPU (AMBAS) | 85/100 (85.00%)
2026-05-22 14:53:24,889 | INFO | MainProcess | Progreso CPU (AMBAS) | 90/100 (90.00%)
2026-05-22 14:53:24,889 | INFO | MainProcess | Progreso CPU (AMBAS) | 95/100 (95.00%)
2026-05-22 14:53:24,889 | INFO | MainProcess | Progreso CPU (AMBAS) | 100/100 (100.00%)
2026-05-22 14:53:25,964 | INFO | MainProcess | Lanzar N | N=100 | dados=6 | modo_solicitado=AMBAS | modo_real=AMBAS | trabajadores=16
2026-05-22 14:53:25,964 | INFO | MainProcess | GPU inicio | experimentos=50 | dados=6 | lote_max=120000
2026-05-22 14:53:25,964 | INFO | MainProcess | GPU lote inicio | lote=50 | restante_antes=50
2026-05-22 14:53:25,965 | INFO | MainProcess | Progreso GPU (AMBAS) | 50/100 (50.00%)
2026-05-22 14:53:25,966 | INFO | MainProcess | GPU progreso | lote=50 | restante=0
2026-05-22 14:53:25,966 | INFO | MainProcess | GPU fin | experimentos=50
2026-05-22 14:53:25,966 | INFO | MainProcess | Generar masivos | experimentos=50 | dados=6 | trabajadores=1
2026-05-22 14:53:25,966 | INFO | MainProcess | Progreso CPU (AMBAS) | 55/100 (55.00%)
2026-05-22 14:53:25,966 | INFO | MainProcess | Progreso CPU (AMBAS) | 60/100 (60.00%)
2026-05-22 14:53:25,966 | INFO | MainProcess | Progreso CPU (AMBAS) | 65/100 (65.00%)
2026-05-22 14:53:25,966 | INFO | MainProcess | Progreso CPU (AMBAS) | 70/100 (70.00%)
2026-05-22 14:53:25,966 | INFO | MainProcess | Progreso CPU (AMBAS) | 75/100 (75.00%)
2026-05-22 14:53:25,966 | INFO | MainProcess | Progreso CPU (AMBAS) | 80/100 (80.00%)
2026-05-22 14:53:25,966 | INFO | MainProcess | Progreso CPU (AMBAS) | 85/100 (85.00%)
2026-05-22 14:53:25,966 | INFO | MainProcess | Progreso CPU (AMBAS) | 90/100 (90.00%)
2026-05-22 14:53:25,967 | INFO | MainProcess | Progreso CPU (AMBAS) | 95/100 (95.00%)
2026-05-22 14:53:25,967 | INFO | MainProcess | Progreso CPU (AMBAS) | 100/100 (100.00%)
2026-05-22 14:53:26,784 | INFO | MainProcess | Lanzar N | N=100 | dados=6 | modo_solicitado=AMBAS | modo_real=AMBAS | trabajadores=16
2026-05-22 14:53:26,785 | INFO | MainProcess | GPU inicio | experimentos=50 | dados=6 | lote_max=120000
2026-05-22 14:53:26,785 | INFO | MainProcess | GPU lote inicio | lote=50 | restante_antes=50
2026-05-22 14:53:26,786 | INFO | MainProcess | Progreso GPU (AMBAS) | 50/100 (50.00%)
2026-05-22 14:53:26,786 | INFO | MainProcess | GPU progreso | lote=50 | restante=0
2026-05-22 14:53:26,786 | INFO | MainProcess | GPU fin | experimentos=50
2026-05-22 14:53:26,786 | INFO | MainProcess | Generar masivos | experimentos=50 | dados=6 | trabajadores=1
2026-05-22 14:53:26,786 | INFO | MainProcess | Progreso CPU (AMBAS) | 55/100 (55.00%)
2026-05-22 14:53:26,786 | INFO | MainProcess | Progreso CPU (AMBAS) | 60/100 (60.00%)
2026-05-22 14:53:26,786 | INFO | MainProcess | Progreso CPU (AMBAS) | 65/100 (65.00%)
2026-05-22 14:53:26,786 | INFO | MainProcess | Progreso CPU (AMBAS) | 70/100 (70.00%)
2026-05-22 14:53:26,786 | INFO | MainProcess | Progreso CPU (AMBAS) | 75/100 (75.00%)
2026-05-22 14:53:26,786 | INFO | MainProcess | Progreso CPU (AMBAS) | 80/100 (80.00%)
2026-05-22 14:53:26,786 | INFO | MainProcess | Progreso CPU (AMBAS) | 85/100 (85.00%)
2026-05-22 14:53:26,787 | INFO | MainProcess | Progreso CPU (AMBAS) | 90/100 (90.00%)
2026-05-22 14:53:26,787 | INFO | MainProcess | Progreso CPU (AMBAS) | 95/100 (95.00%)
2026-05-22 14:53:26,787 | INFO | MainProcess | Progreso CPU (AMBAS) | 100/100 (100.00%)
2026-05-22 14:53:27,909 | INFO | MainProcess | Lanzar N | N=100 | dados=6 | modo_solicitado=AMBAS | modo_real=AMBAS | trabajadores=16
2026-05-22 14:53:27,910 | INFO | MainProcess | GPU inicio | experimentos=50 | dados=6 | lote_max=120000
2026-05-22 14:53:27,910 | INFO | MainProcess | GPU lote inicio | lote=50 | restante_antes=50
2026-05-22 14:53:27,911 | INFO | MainProcess | Progreso GPU (AMBAS) | 50/100 (50.00%)
2026-05-22 14:53:27,911 | INFO | MainProcess | GPU progreso | lote=50 | restante=0
2026-05-22 14:53:27,911 | INFO | MainProcess | GPU fin | experimentos=50
2026-05-22 14:53:27,911 | INFO | MainProcess | Generar masivos | experimentos=50 | dados=6 | trabajadores=1
2026-05-22 14:53:27,911 | INFO | MainProcess | Progreso CPU (AMBAS) | 55/100 (55.00%)
2026-05-22 14:53:27,911 | INFO | MainProcess | Progreso CPU (AMBAS) | 60/100 (60.00%)
2026-05-22 14:53:27,911 | INFO | MainProcess | Progreso CPU (AMBAS) | 65/100 (65.00%)
2026-05-22 14:53:27,911 | INFO | MainProcess | Progreso CPU (AMBAS) | 70/100 (70.00%)
2026-05-22 14:53:27,911 | INFO | MainProcess | Progreso CPU (AMBAS) | 75/100 (75.00%)
2026-05-22 14:53:27,912 | INFO | MainProcess | Progreso CPU (AMBAS) | 80/100 (80.00%)
2026-05-22 14:53:27,912 | INFO | MainProcess | Progreso CPU (AMBAS) | 85/100 (85.00%)
2026-05-22 14:53:27,912 | INFO | MainProcess | Progreso CPU (AMBAS) | 90/100 (90.00%)
2026-05-22 14:53:27,912 | INFO | MainProcess | Progreso CPU (AMBAS) | 95/100 (95.00%)
2026-05-22 14:53:27,912 | INFO | MainProcess | Progreso CPU (AMBAS) | 100/100 (100.00%)
2026-05-22 14:53:32,675 | INFO | MainProcess | Lanzar N | N=1000 | dados=6 | modo_solicitado=AMBAS | modo_real=AMBAS | trabajadores=16
2026-05-22 14:53:32,675 | INFO | MainProcess | GPU inicio | experimentos=500 | dados=6 | lote_max=120000
2026-05-22 14:53:32,676 | INFO | MainProcess | GPU lote inicio | lote=500 | restante_antes=500
2026-05-22 14:53:32,679 | INFO | MainProcess | Progreso GPU (AMBAS) | 500/1000 (50.00%)
2026-05-22 14:53:32,679 | INFO | MainProcess | GPU progreso | lote=500 | restante=0
2026-05-22 14:53:32,679 | INFO | MainProcess | GPU fin | experimentos=500
2026-05-22 14:53:32,679 | INFO | MainProcess | Generar masivos | experimentos=500 | dados=6 | trabajadores=1
2026-05-22 14:53:32,680 | INFO | MainProcess | Progreso CPU (AMBAS) | 560/1000 (56.00%)
2026-05-22 14:53:32,684 | INFO | MainProcess | Progreso CPU (AMBAS) | 608/1000 (60.80%)
2026-05-22 14:53:32,685 | INFO | MainProcess | Progreso CPU (AMBAS) | 656/1000 (65.60%)
2026-05-22 14:53:32,685 | INFO | MainProcess | Progreso CPU (AMBAS) | 704/1000 (70.40%)
2026-05-22 14:53:32,685 | INFO | MainProcess | Progreso CPU (AMBAS) | 752/1000 (75.20%)
2026-05-22 14:53:32,686 | INFO | MainProcess | Progreso CPU (AMBAS) | 800/1000 (80.00%)
2026-05-22 14:53:32,686 | INFO | MainProcess | Progreso CPU (AMBAS) | 860/1000 (86.00%)
2026-05-22 14:53:32,686 | INFO | MainProcess | Progreso CPU (AMBAS) | 908/1000 (90.80%)
2026-05-22 14:53:32,686 | INFO | MainProcess | Progreso CPU (AMBAS) | 956/1000 (95.60%)
2026-05-22 14:53:32,686 | INFO | MainProcess | Progreso CPU (AMBAS) | 1000/1000 (100.00%)
2026-05-22 14:53:51,286 | INFO | MainProcess | Lanzar N | N=10000 | dados=6 | modo_solicitado=AMBAS | modo_real=AMBAS | trabajadores=16
2026-05-22 14:53:51,287 | INFO | MainProcess | GPU inicio | experimentos=5000 | dados=6 | lote_max=120000
2026-05-22 14:53:51,288 | INFO | MainProcess | GPU lote inicio | lote=5000 | restante_antes=5000
2026-05-22 14:53:51,306 | INFO | MainProcess | Progreso GPU (AMBAS) | 5000/10000 (50.00%)
2026-05-22 14:53:51,306 | INFO | MainProcess | GPU progreso | lote=5000 | restante=0
2026-05-22 14:53:51,306 | INFO | MainProcess | GPU fin | experimentos=5000
2026-05-22 14:53:51,306 | INFO | MainProcess | Generar masivos | experimentos=5000 | dados=6 | trabajadores=1
2026-05-22 14:53:51,307 | INFO | MainProcess | Progreso CPU (AMBAS) | 5500/10000 (55.00%)
2026-05-22 14:53:51,309 | INFO | MainProcess | Progreso CPU (AMBAS) | 6000/10000 (60.00%)
2026-05-22 14:53:51,310 | INFO | MainProcess | Progreso CPU (AMBAS) | 6500/10000 (65.00%)
2026-05-22 14:53:51,311 | INFO | MainProcess | Progreso CPU (AMBAS) | 7000/10000 (70.00%)
2026-05-22 14:53:51,312 | INFO | MainProcess | Progreso CPU (AMBAS) | 7500/10000 (75.00%)
2026-05-22 14:53:51,314 | INFO | MainProcess | Progreso CPU (AMBAS) | 8000/10000 (80.00%)
2026-05-22 14:53:51,315 | INFO | MainProcess | Progreso CPU (AMBAS) | 8500/10000 (85.00%)
2026-05-22 14:53:51,316 | INFO | MainProcess | Progreso CPU (AMBAS) | 9000/10000 (90.00%)
2026-05-22 14:53:51,317 | INFO | MainProcess | Progreso CPU (AMBAS) | 9500/10000 (95.00%)
2026-05-22 14:53:51,319 | INFO | MainProcess | Progreso CPU (AMBAS) | 10000/10000 (100.00%)
2026-05-22 14:56:44,764 | INFO | MainProcess | Lanzar N | N=10000 | dados=6 | modo_solicitado=GPU | modo_real=GPU | trabajadores=16
2026-05-22 14:56:44,765 | INFO | MainProcess | GPU inicio | experimentos=10000 | dados=6 | lote_max=120000
2026-05-22 14:56:44,766 | INFO | MainProcess | GPU lote inicio | lote=10000 | restante_antes=10000
2026-05-22 14:56:44,796 | INFO | MainProcess | Progreso GPU | 10000/10000 (100.00%)
2026-05-22 14:56:44,796 | INFO | MainProcess | GPU progreso | lote=10000 | restante=0
2026-05-22 14:56:44,796 | INFO | MainProcess | GPU fin | experimentos=10000
2026-05-22 15:04:32,063 | INFO | MainProcess | Lanzar N | N=1000 | dados=6 | modo_solicitado=GPU | modo_real=GPU | trabajadores=16
2026-05-22 15:04:32,064 | INFO | MainProcess | GPU inicio | experimentos=1000 | dados=6 | lote_max=120000
2026-05-22 15:04:32,064 | INFO | MainProcess | GPU lote inicio | lote=1000 | restante_antes=1000
2026-05-22 15:04:32,083 | INFO | MainProcess | Progreso GPU | 1000/1000 (100.00%)
2026-05-22 15:04:32,083 | INFO | MainProcess | GPU progreso | lote=1000 | restante=0
2026-05-22 15:04:32,083 | INFO | MainProcess | GPU fin | experimentos=1000
2026-05-22 15:10:46,893 | INFO | MainProcess | Lanzar N | N=1000 | dados=6 | modo_solicitado=GPU | modo_real=GPU | trabajadores=16
2026-05-22 15:10:46,894 | INFO | MainProcess | GPU inicio | experimentos=1000 | dados=6 | lote_max=120000
2026-05-22 15:10:46,894 | INFO | MainProcess | GPU lote inicio | lote=1000 | restante_antes=1000
2026-05-22 15:10:46,914 | INFO | MainProcess | Progreso GPU | 1000/1000 (100.00%)
2026-05-22 15:10:46,915 | INFO | MainProcess | GPU progreso | lote=1000 | restante=0
2026-05-22 15:10:46,915 | INFO | MainProcess | GPU fin | experimentos=1000
2026-05-22 15:13:34,063 | INFO | MainProcess | Lanzar N | N=1000 | dados=6 | modo_solicitado=GPU | modo_real=GPU | trabajadores=16
2026-05-22 15:13:34,063 | INFO | MainProcess | GPU inicio | experimentos=1000 | dados=6 | lote_max=120000
2026-05-22 15:13:34,063 | INFO | MainProcess | GPU lote inicio | lote=1000 | restante_antes=1000
2026-05-22 15:13:34,084 | INFO | MainProcess | Progreso GPU | 1000/1000 (100.00%)
2026-05-22 15:13:34,084 | INFO | MainProcess | GPU progreso | lote=1000 | restante=0
2026-05-22 15:13:34,084 | INFO | MainProcess | GPU fin | experimentos=1000
2026-05-22 15:29:00,995 | INFO | MainProcess | Lanzar N | N=100 | dados=6 | modo_solicitado=GPU | modo_real=GPU | trabajadores=16
2026-05-22 15:29:00,996 | INFO | MainProcess | GPU inicio | experimentos=100 | dados=6 | lote_max=120000
2026-05-22 15:29:00,996 | INFO | MainProcess | GPU lote inicio | lote=100 | restante_antes=100
2026-05-22 15:29:01,008 | INFO | MainProcess | Progreso GPU | 100/100 (100.00%)
2026-05-22 15:29:01,008 | INFO | MainProcess | GPU progreso | lote=100 | restante=0
2026-05-22 15:29:01,008 | INFO | MainProcess | GPU fin | experimentos=100
2026-05-22 15:35:55,171 | INFO | MainProcess | App iniciada | gpu_disponible=True | log=/media/darkseid/DATA/Repos/probability-and-statistics/dice/dice_app.log
2026-05-22 15:36:00,416 | INFO | MainProcess | Lanzar N | N=10 | dados=1 | modo_solicitado=AUTO | modo_real=CPU | trabajadores=16
2026-05-22 15:36:00,420 | INFO | MainProcess | Generar masivos | experimentos=10 | dados=1 | trabajadores=1
2026-05-22 15:36:00,421 | INFO | MainProcess | Progreso CPU | 1/10 (10.00%)
2026-05-22 15:36:00,421 | INFO | MainProcess | Progreso CPU | 2/10 (20.00%)
2026-05-22 15:36:00,421 | INFO | MainProcess | Progreso CPU | 3/10 (30.00%)
2026-05-22 15:36:00,421 | INFO | MainProcess | Progreso CPU | 4/10 (40.00%)
2026-05-22 15:36:00,421 | INFO | MainProcess | Progreso CPU | 5/10 (50.00%)
2026-05-22 15:36:00,421 | INFO | MainProcess | Progreso CPU | 6/10 (60.00%)
2026-05-22 15:36:00,421 | INFO | MainProcess | Progreso CPU | 7/10 (70.00%)
2026-05-22 15:36:00,421 | INFO | MainProcess | Progreso CPU | 8/10 (80.00%)
2026-05-22 15:36:00,421 | INFO | MainProcess | Progreso CPU | 9/10 (90.00%)
2026-05-22 15:36:00,421 | INFO | MainProcess | Progreso CPU | 10/10 (100.00%)
2026-05-22 15:36:00,466 | INFO | MainProcess | Nota modo: AUTO eligió CPU por umbral base.
2026-05-22 15:36:05,186 | INFO | MainProcess | Lanzar N | N=10 | dados=1 | modo_solicitado=GPU | modo_real=GPU | trabajadores=16
2026-05-22 15:36:05,187 | INFO | MainProcess | GPU inicio | experimentos=10 | dados=1 | lote_max=120000
2026-05-22 15:36:05,187 | INFO | MainProcess | GPU lote inicio | lote=10 | restante_antes=10
2026-05-22 15:36:05,188 | INFO | MainProcess | Progreso GPU | 10/10 (100.00%)
2026-05-22 15:36:05,188 | INFO | MainProcess | GPU progreso | lote=10 | restante=0
2026-05-22 15:36:05,188 | INFO | MainProcess | GPU fin | experimentos=10
2026-05-22 15:36:13,375 | INFO | MainProcess | Lanzar N | N=10 | dados=1 | modo_solicitado=AMBAS | modo_real=AMBAS | trabajadores=16
2026-05-22 15:36:13,376 | INFO | MainProcess | GPU inicio | experimentos=5 | dados=1 | lote_max=120000
2026-05-22 15:36:13,376 | INFO | MainProcess | GPU lote inicio | lote=5 | restante_antes=5
2026-05-22 15:36:13,377 | INFO | MainProcess | Progreso GPU (AMBAS) | 5/10 (50.00%)
2026-05-22 15:36:13,377 | INFO | MainProcess | GPU progreso | lote=5 | restante=0
2026-05-22 15:36:13,377 | INFO | MainProcess | GPU fin | experimentos=5
2026-05-22 15:36:13,377 | INFO | MainProcess | Generar masivos | experimentos=5 | dados=1 | trabajadores=1
2026-05-22 15:36:13,377 | INFO | MainProcess | Progreso CPU (AMBAS) | 6/10 (60.00%)
2026-05-22 15:36:13,377 | INFO | MainProcess | Progreso CPU (AMBAS) | 7/10 (70.00%)
2026-05-22 15:36:13,378 | INFO | MainProcess | Progreso CPU (AMBAS) | 8/10 (80.00%)
2026-05-22 15:36:13,378 | INFO | MainProcess | Progreso CPU (AMBAS) | 9/10 (90.00%)
2026-05-22 15:36:13,378 | INFO | MainProcess | Progreso CPU (AMBAS) | 10/10 (100.00%)
2026-05-22 15:36:24,298 | INFO | MainProcess | Lanzar N | N=10 | dados=1 | modo_solicitado=AMBAS | modo_real=AMBAS | trabajadores=16
2026-05-22 15:36:24,299 | INFO | MainProcess | GPU inicio | experimentos=5 | dados=1 | lote_max=120000
2026-05-22 15:36:24,299 | INFO | MainProcess | GPU lote inicio | lote=5 | restante_antes=5
2026-05-22 15:36:24,300 | INFO | MainProcess | Progreso GPU (AMBAS) | 5/10 (50.00%)
2026-05-22 15:36:24,300 | INFO | MainProcess | GPU progreso | lote=5 | restante=0
2026-05-22 15:36:24,300 | INFO | MainProcess | GPU fin | experimentos=5
2026-05-22 15:36:24,300 | INFO | MainProcess | Generar masivos | experimentos=5 | dados=1 | trabajadores=1
2026-05-22 15:36:24,300 | INFO | MainProcess | Progreso CPU (AMBAS) | 6/10 (60.00%)
2026-05-22 15:36:24,300 | INFO | MainProcess | Progreso CPU (AMBAS) | 7/10 (70.00%)
2026-05-22 15:36:24,300 | INFO | MainProcess | Progreso CPU (AMBAS) | 8/10 (80.00%)
2026-05-22 15:36:24,300 | INFO | MainProcess | Progreso CPU (AMBAS) | 9/10 (90.00%)
2026-05-22 15:36:24,300 | INFO | MainProcess | Progreso CPU (AMBAS) | 10/10 (100.00%)
2026-05-22 15:36:25,135 | INFO | MainProcess | Lanzar N | N=10 | dados=1 | modo_solicitado=AMBAS | modo_real=AMBAS | trabajadores=16
2026-05-22 15:36:25,135 | INFO | MainProcess | GPU inicio | experimentos=5 | dados=1 | lote_max=120000
2026-05-22 15:36:25,136 | INFO | MainProcess | GPU lote inicio | lote=5 | restante_antes=5
2026-05-22 15:36:25,136 | INFO | MainProcess | Progreso GPU (AMBAS) | 5/10 (50.00%)
2026-05-22 15:36:25,136 | INFO | MainProcess | GPU progreso | lote=5 | restante=0
2026-05-22 15:36:25,136 | INFO | MainProcess | GPU fin | experimentos=5
2026-05-22 15:36:25,136 | INFO | MainProcess | Generar masivos | experimentos=5 | dados=1 | trabajadores=1
2026-05-22 15:36:25,136 | INFO | MainProcess | Progreso CPU (AMBAS) | 6/10 (60.00%)
2026-05-22 15:36:25,136 | INFO | MainProcess | Progreso CPU (AMBAS) | 7/10 (70.00%)
2026-05-22 15:36:25,136 | INFO | MainProcess | Progreso CPU (AMBAS) | 8/10 (80.00%)
2026-05-22 15:36:25,136 | INFO | MainProcess | Progreso CPU (AMBAS) | 9/10 (90.00%)
2026-05-22 15:36:25,137 | INFO | MainProcess | Progreso CPU (AMBAS) | 10/10 (100.00%)
2026-05-22 15:36:25,678 | INFO | MainProcess | Lanzar N | N=10 | dados=1 | modo_solicitado=AMBAS | modo_real=AMBAS | trabajadores=16
2026-05-22 15:36:25,678 | INFO | MainProcess | GPU inicio | experimentos=5 | dados=1 | lote_max=120000
2026-05-22 15:36:25,678 | INFO | MainProcess | GPU lote inicio | lote=5 | restante_antes=5
2026-05-22 15:36:25,679 | INFO | MainProcess | Progreso GPU (AMBAS) | 5/10 (50.00%)
2026-05-22 15:36:25,679 | INFO | MainProcess | GPU progreso | lote=5 | restante=0
2026-05-22 15:36:25,679 | INFO | MainProcess | GPU fin | experimentos=5
2026-05-22 15:36:25,679 | INFO | MainProcess | Generar masivos | experimentos=5 | dados=1 | trabajadores=1
2026-05-22 15:36:25,680 | INFO | MainProcess | Progreso CPU (AMBAS) | 6/10 (60.00%)
2026-05-22 15:36:25,680 | INFO | MainProcess | Progreso CPU (AMBAS) | 7/10 (70.00%)
2026-05-22 15:36:25,680 | INFO | MainProcess | Progreso CPU (AMBAS) | 8/10 (80.00%)
2026-05-22 15:36:25,680 | INFO | MainProcess | Progreso CPU (AMBAS) | 9/10 (90.00%)
2026-05-22 15:36:25,680 | INFO | MainProcess | Progreso CPU (AMBAS) | 10/10 (100.00%)
2026-05-22 15:36:25,936 | INFO | MainProcess | Lanzar N | N=10 | dados=1 | modo_solicitado=AMBAS | modo_real=AMBAS | trabajadores=16
2026-05-22 15:36:25,938 | INFO | MainProcess | GPU inicio | experimentos=5 | dados=1 | lote_max=120000
2026-05-22 15:36:25,938 | INFO | MainProcess | GPU lote inicio | lote=5 | restante_antes=5
2026-05-22 15:36:25,939 | INFO | MainProcess | Progreso GPU (AMBAS) | 5/10 (50.00%)
2026-05-22 15:36:25,939 | INFO | MainProcess | GPU progreso | lote=5 | restante=0
2026-05-22 15:36:25,939 | INFO | MainProcess | GPU fin | experimentos=5
2026-05-22 15:36:25,939 | INFO | MainProcess | Generar masivos | experimentos=5 | dados=1 | trabajadores=1
2026-05-22 15:36:25,939 | INFO | MainProcess | Progreso CPU (AMBAS) | 6/10 (60.00%)
2026-05-22 15:36:25,939 | INFO | MainProcess | Progreso CPU (AMBAS) | 7/10 (70.00%)
2026-05-22 15:36:25,939 | INFO | MainProcess | Progreso CPU (AMBAS) | 8/10 (80.00%)
2026-05-22 15:36:25,939 | INFO | MainProcess | Progreso CPU (AMBAS) | 9/10 (90.00%)
2026-05-22 15:36:25,939 | INFO | MainProcess | Progreso CPU (AMBAS) | 10/10 (100.00%)
2026-05-22 15:36:26,187 | INFO | MainProcess | Lanzar N | N=10 | dados=1 | modo_solicitado=AMBAS | modo_real=AMBAS | trabajadores=16
2026-05-22 15:36:26,188 | INFO | MainProcess | GPU inicio | experimentos=5 | dados=1 | lote_max=120000
2026-05-22 15:36:26,188 | INFO | MainProcess | GPU lote inicio | lote=5 | restante_antes=5
2026-05-22 15:36:26,189 | INFO | MainProcess | Progreso GPU (AMBAS) | 5/10 (50.00%)
2026-05-22 15:36:26,189 | INFO | MainProcess | GPU progreso | lote=5 | restante=0
2026-05-22 15:36:26,189 | INFO | MainProcess | GPU fin | experimentos=5
2026-05-22 15:36:26,189 | INFO | MainProcess | Generar masivos | experimentos=5 | dados=1 | trabajadores=1
2026-05-22 15:36:26,189 | INFO | MainProcess | Progreso CPU (AMBAS) | 6/10 (60.00%)
2026-05-22 15:36:26,189 | INFO | MainProcess | Progreso CPU (AMBAS) | 7/10 (70.00%)
2026-05-22 15:36:26,189 | INFO | MainProcess | Progreso CPU (AMBAS) | 8/10 (80.00%)
2026-05-22 15:36:26,189 | INFO | MainProcess | Progreso CPU (AMBAS) | 9/10 (90.00%)
2026-05-22 15:36:26,189 | INFO | MainProcess | Progreso CPU (AMBAS) | 10/10 (100.00%)
2026-05-22 15:36:26,474 | INFO | MainProcess | Lanzar N | N=10 | dados=1 | modo_solicitado=AMBAS | modo_real=AMBAS | trabajadores=16
2026-05-22 15:36:26,475 | INFO | MainProcess | GPU inicio | experimentos=5 | dados=1 | lote_max=120000
2026-05-22 15:36:26,475 | INFO | MainProcess | GPU lote inicio | lote=5 | restante_antes=5
2026-05-22 15:36:26,476 | INFO | MainProcess | Progreso GPU (AMBAS) | 5/10 (50.00%)
2026-05-22 15:36:26,476 | INFO | MainProcess | GPU progreso | lote=5 | restante=0
2026-05-22 15:36:26,476 | INFO | MainProcess | GPU fin | experimentos=5
2026-05-22 15:36:26,476 | INFO | MainProcess | Generar masivos | experimentos=5 | dados=1 | trabajadores=1
2026-05-22 15:36:26,476 | INFO | MainProcess | Progreso CPU (AMBAS) | 6/10 (60.00%)
2026-05-22 15:36:26,476 | INFO | MainProcess | Progreso CPU (AMBAS) | 7/10 (70.00%)
2026-05-22 15:36:26,476 | INFO | MainProcess | Progreso CPU (AMBAS) | 8/10 (80.00%)
2026-05-22 15:36:26,476 | INFO | MainProcess | Progreso CPU (AMBAS) | 9/10 (90.00%)
2026-05-22 15:36:26,476 | INFO | MainProcess | Progreso CPU (AMBAS) | 10/10 (100.00%)
2026-05-22 15:36:26,741 | INFO | MainProcess | Lanzar N | N=10 | dados=1 | modo_solicitado=AMBAS | modo_real=AMBAS | trabajadores=16
2026-05-22 15:36:26,742 | INFO | MainProcess | GPU inicio | experimentos=5 | dados=1 | lote_max=120000
2026-05-22 15:36:26,742 | INFO | MainProcess | GPU lote inicio | lote=5 | restante_antes=5
2026-05-22 15:36:26,743 | INFO | MainProcess | Progreso GPU (AMBAS) | 5/10 (50.00%)
2026-05-22 15:36:26,743 | INFO | MainProcess | GPU progreso | lote=5 | restante=0
2026-05-22 15:36:26,744 | INFO | MainProcess | GPU fin | experimentos=5
2026-05-22 15:36:26,744 | INFO | MainProcess | Generar masivos | experimentos=5 | dados=1 | trabajadores=1
2026-05-22 15:36:26,744 | INFO | MainProcess | Progreso CPU (AMBAS) | 6/10 (60.00%)
2026-05-22 15:36:26,744 | INFO | MainProcess | Progreso CPU (AMBAS) | 7/10 (70.00%)
2026-05-22 15:36:26,744 | INFO | MainProcess | Progreso CPU (AMBAS) | 8/10 (80.00%)
2026-05-22 15:36:26,744 | INFO | MainProcess | Progreso CPU (AMBAS) | 9/10 (90.00%)
2026-05-22 15:36:26,744 | INFO | MainProcess | Progreso CPU (AMBAS) | 10/10 (100.00%)
2026-05-22 15:36:27,008 | INFO | MainProcess | Lanzar N | N=10 | dados=1 | modo_solicitado=AMBAS | modo_real=AMBAS | trabajadores=16
2026-05-22 15:36:27,010 | INFO | MainProcess | GPU inicio | experimentos=5 | dados=1 | lote_max=120000
2026-05-22 15:36:27,011 | INFO | MainProcess | GPU lote inicio | lote=5 | restante_antes=5
2026-05-22 15:36:27,012 | INFO | MainProcess | Progreso GPU (AMBAS) | 5/10 (50.00%)
2026-05-22 15:36:27,012 | INFO | MainProcess | GPU progreso | lote=5 | restante=0
2026-05-22 15:36:27,012 | INFO | MainProcess | GPU fin | experimentos=5
2026-05-22 15:36:27,012 | INFO | MainProcess | Generar masivos | experimentos=5 | dados=1 | trabajadores=1
2026-05-22 15:36:27,012 | INFO | MainProcess | Progreso CPU (AMBAS) | 6/10 (60.00%)
2026-05-22 15:36:27,012 | INFO | MainProcess | Progreso CPU (AMBAS) | 7/10 (70.00%)
2026-05-22 15:36:27,012 | INFO | MainProcess | Progreso CPU (AMBAS) | 8/10 (80.00%)
2026-05-22 15:36:27,012 | INFO | MainProcess | Progreso CPU (AMBAS) | 9/10 (90.00%)
2026-05-22 15:36:27,012 | INFO | MainProcess | Progreso CPU (AMBAS) | 10/10 (100.00%)
2026-05-22 15:36:27,291 | INFO | MainProcess | Lanzar N | N=10 | dados=1 | modo_solicitado=AMBAS | modo_real=AMBAS | trabajadores=16
2026-05-22 15:36:27,292 | INFO | MainProcess | GPU inicio | experimentos=5 | dados=1 | lote_max=120000
2026-05-22 15:36:27,292 | INFO | MainProcess | GPU lote inicio | lote=5 | restante_antes=5
2026-05-22 15:36:27,293 | INFO | MainProcess | Progreso GPU (AMBAS) | 5/10 (50.00%)
2026-05-22 15:36:27,293 | INFO | MainProcess | GPU progreso | lote=5 | restante=0
2026-05-22 15:36:27,293 | INFO | MainProcess | GPU fin | experimentos=5
2026-05-22 15:36:27,294 | INFO | MainProcess | Generar masivos | experimentos=5 | dados=1 | trabajadores=1
2026-05-22 15:36:27,294 | INFO | MainProcess | Progreso CPU (AMBAS) | 6/10 (60.00%)
2026-05-22 15:36:27,294 | INFO | MainProcess | Progreso CPU (AMBAS) | 7/10 (70.00%)
2026-05-22 15:36:27,294 | INFO | MainProcess | Progreso CPU (AMBAS) | 8/10 (80.00%)
2026-05-22 15:36:27,294 | INFO | MainProcess | Progreso CPU (AMBAS) | 9/10 (90.00%)
2026-05-22 15:36:27,294 | INFO | MainProcess | Progreso CPU (AMBAS) | 10/10 (100.00%)
2026-05-22 15:36:27,562 | INFO | MainProcess | Lanzar N | N=10 | dados=1 | modo_solicitado=AMBAS | modo_real=AMBAS | trabajadores=16
2026-05-22 15:36:27,563 | INFO | MainProcess | GPU inicio | experimentos=5 | dados=1 | lote_max=120000
2026-05-22 15:36:27,563 | INFO | MainProcess | GPU lote inicio | lote=5 | restante_antes=5
2026-05-22 15:36:27,565 | INFO | MainProcess | Progreso GPU (AMBAS) | 5/10 (50.00%)
2026-05-22 15:36:27,565 | INFO | MainProcess | GPU progreso | lote=5 | restante=0
2026-05-22 15:36:27,565 | INFO | MainProcess | GPU fin | experimentos=5
2026-05-22 15:36:27,565 | INFO | MainProcess | Generar masivos | experimentos=5 | dados=1 | trabajadores=1
2026-05-22 15:36:27,565 | INFO | MainProcess | Progreso CPU (AMBAS) | 6/10 (60.00%)
2026-05-22 15:36:27,565 | INFO | MainProcess | Progreso CPU (AMBAS) | 7/10 (70.00%)
2026-05-22 15:36:27,565 | INFO | MainProcess | Progreso CPU (AMBAS) | 8/10 (80.00%)
2026-05-22 15:36:27,565 | INFO | MainProcess | Progreso CPU (AMBAS) | 9/10 (90.00%)
2026-05-22 15:36:27,565 | INFO | MainProcess | Progreso CPU (AMBAS) | 10/10 (100.00%)
2026-05-22 15:36:27,829 | INFO | MainProcess | Lanzar N | N=10 | dados=1 | modo_solicitado=AMBAS | modo_real=AMBAS | trabajadores=16
2026-05-22 15:36:27,830 | INFO | MainProcess | GPU inicio | experimentos=5 | dados=1 | lote_max=120000
2026-05-22 15:36:27,830 | INFO | MainProcess | GPU lote inicio | lote=5 | restante_antes=5
2026-05-22 15:36:27,831 | INFO | MainProcess | Progreso GPU (AMBAS) | 5/10 (50.00%)
2026-05-22 15:36:27,831 | INFO | MainProcess | GPU progreso | lote=5 | restante=0
2026-05-22 15:36:27,831 | INFO | MainProcess | GPU fin | experimentos=5
2026-05-22 15:36:27,831 | INFO | MainProcess | Generar masivos | experimentos=5 | dados=1 | trabajadores=1
2026-05-22 15:36:27,831 | INFO | MainProcess | Progreso CPU (AMBAS) | 6/10 (60.00%)
2026-05-22 15:36:27,831 | INFO | MainProcess | Progreso CPU (AMBAS) | 7/10 (70.00%)
2026-05-22 15:36:27,831 | INFO | MainProcess | Progreso CPU (AMBAS) | 8/10 (80.00%)
2026-05-22 15:36:27,831 | INFO | MainProcess | Progreso CPU (AMBAS) | 9/10 (90.00%)
2026-05-22 15:36:27,831 | INFO | MainProcess | Progreso CPU (AMBAS) | 10/10 (100.00%)
2026-05-22 15:36:30,110 | INFO | MainProcess | Lanzar N | N=100 | dados=1 | modo_solicitado=AMBAS | modo_real=AMBAS | trabajadores=16
2026-05-22 15:36:30,111 | INFO | MainProcess | GPU inicio | experimentos=50 | dados=1 | lote_max=120000
2026-05-22 15:36:30,111 | INFO | MainProcess | GPU lote inicio | lote=50 | restante_antes=50
2026-05-22 15:36:30,112 | INFO | MainProcess | Progreso GPU (AMBAS) | 50/100 (50.00%)
2026-05-22 15:36:30,112 | INFO | MainProcess | GPU progreso | lote=50 | restante=0
2026-05-22 15:36:30,112 | INFO | MainProcess | GPU fin | experimentos=50
2026-05-22 15:36:30,112 | INFO | MainProcess | Generar masivos | experimentos=50 | dados=1 | trabajadores=1
2026-05-22 15:36:30,112 | INFO | MainProcess | Progreso CPU (AMBAS) | 55/100 (55.00%)
2026-05-22 15:36:30,112 | INFO | MainProcess | Progreso CPU (AMBAS) | 60/100 (60.00%)
2026-05-22 15:36:30,112 | INFO | MainProcess | Progreso CPU (AMBAS) | 65/100 (65.00%)
2026-05-22 15:36:30,113 | INFO | MainProcess | Progreso CPU (AMBAS) | 70/100 (70.00%)
2026-05-22 15:36:30,113 | INFO | MainProcess | Progreso CPU (AMBAS) | 75/100 (75.00%)
2026-05-22 15:36:30,113 | INFO | MainProcess | Progreso CPU (AMBAS) | 80/100 (80.00%)
2026-05-22 15:36:30,114 | INFO | MainProcess | Progreso CPU (AMBAS) | 85/100 (85.00%)
2026-05-22 15:36:30,114 | INFO | MainProcess | Progreso CPU (AMBAS) | 90/100 (90.00%)
2026-05-22 15:36:30,115 | INFO | MainProcess | Progreso CPU (AMBAS) | 95/100 (95.00%)
2026-05-22 15:36:30,115 | INFO | MainProcess | Progreso CPU (AMBAS) | 100/100 (100.00%)
2026-05-22 15:36:31,474 | INFO | MainProcess | Lanzar N | N=100 | dados=1 | modo_solicitado=AMBAS | modo_real=AMBAS | trabajadores=16
2026-05-22 15:36:31,475 | INFO | MainProcess | GPU inicio | experimentos=50 | dados=1 | lote_max=120000
2026-05-22 15:36:31,475 | INFO | MainProcess | GPU lote inicio | lote=50 | restante_antes=50
2026-05-22 15:36:31,475 | INFO | MainProcess | Progreso GPU (AMBAS) | 50/100 (50.00%)
2026-05-22 15:36:31,476 | INFO | MainProcess | GPU progreso | lote=50 | restante=0
2026-05-22 15:36:31,476 | INFO | MainProcess | GPU fin | experimentos=50
2026-05-22 15:36:31,476 | INFO | MainProcess | Generar masivos | experimentos=50 | dados=1 | trabajadores=1
2026-05-22 15:36:31,476 | INFO | MainProcess | Progreso CPU (AMBAS) | 55/100 (55.00%)
2026-05-22 15:36:31,476 | INFO | MainProcess | Progreso CPU (AMBAS) | 60/100 (60.00%)
2026-05-22 15:36:31,476 | INFO | MainProcess | Progreso CPU (AMBAS) | 65/100 (65.00%)
2026-05-22 15:36:31,476 | INFO | MainProcess | Progreso CPU (AMBAS) | 70/100 (70.00%)
2026-05-22 15:36:31,476 | INFO | MainProcess | Progreso CPU (AMBAS) | 75/100 (75.00%)
2026-05-22 15:36:31,476 | INFO | MainProcess | Progreso CPU (AMBAS) | 80/100 (80.00%)
2026-05-22 15:36:31,476 | INFO | MainProcess | Progreso CPU (AMBAS) | 85/100 (85.00%)
2026-05-22 15:36:31,476 | INFO | MainProcess | Progreso CPU (AMBAS) | 90/100 (90.00%)
2026-05-22 15:36:31,476 | INFO | MainProcess | Progreso CPU (AMBAS) | 95/100 (95.00%)
2026-05-22 15:36:31,476 | INFO | MainProcess | Progreso CPU (AMBAS) | 100/100 (100.00%)
2026-05-22 15:36:31,794 | INFO | MainProcess | Lanzar N | N=100 | dados=1 | modo_solicitado=AMBAS | modo_real=AMBAS | trabajadores=16
2026-05-22 15:36:31,794 | INFO | MainProcess | GPU inicio | experimentos=50 | dados=1 | lote_max=120000
2026-05-22 15:36:31,794 | INFO | MainProcess | GPU lote inicio | lote=50 | restante_antes=50
2026-05-22 15:36:31,795 | INFO | MainProcess | Progreso GPU (AMBAS) | 50/100 (50.00%)
2026-05-22 15:36:31,795 | INFO | MainProcess | GPU progreso | lote=50 | restante=0
2026-05-22 15:36:31,795 | INFO | MainProcess | GPU fin | experimentos=50
2026-05-22 15:36:31,795 | INFO | MainProcess | Generar masivos | experimentos=50 | dados=1 | trabajadores=1
2026-05-22 15:36:31,795 | INFO | MainProcess | Progreso CPU (AMBAS) | 55/100 (55.00%)
2026-05-22 15:36:31,795 | INFO | MainProcess | Progreso CPU (AMBAS) | 60/100 (60.00%)
2026-05-22 15:36:31,795 | INFO | MainProcess | Progreso CPU (AMBAS) | 65/100 (65.00%)
2026-05-22 15:36:31,796 | INFO | MainProcess | Progreso CPU (AMBAS) | 70/100 (70.00%)
2026-05-22 15:36:31,796 | INFO | MainProcess | Progreso CPU (AMBAS) | 75/100 (75.00%)
2026-05-22 15:36:31,796 | INFO | MainProcess | Progreso CPU (AMBAS) | 80/100 (80.00%)
2026-05-22 15:36:31,796 | INFO | MainProcess | Progreso CPU (AMBAS) | 85/100 (85.00%)
2026-05-22 15:36:31,796 | INFO | MainProcess | Progreso CPU (AMBAS) | 90/100 (90.00%)
2026-05-22 15:36:31,796 | INFO | MainProcess | Progreso CPU (AMBAS) | 95/100 (95.00%)
2026-05-22 15:36:31,796 | INFO | MainProcess | Progreso CPU (AMBAS) | 100/100 (100.00%)
2026-05-22 15:36:32,069 | INFO | MainProcess | Lanzar N | N=100 | dados=1 | modo_solicitado=AMBAS | modo_real=AMBAS | trabajadores=16
2026-05-22 15:36:32,070 | INFO | MainProcess | GPU inicio | experimentos=50 | dados=1 | lote_max=120000
2026-05-22 15:36:32,070 | INFO | MainProcess | GPU lote inicio | lote=50 | restante_antes=50
2026-05-22 15:36:32,071 | INFO | MainProcess | Progreso GPU (AMBAS) | 50/100 (50.00%)
2026-05-22 15:36:32,071 | INFO | MainProcess | GPU progreso | lote=50 | restante=0
2026-05-22 15:36:32,071 | INFO | MainProcess | GPU fin | experimentos=50
2026-05-22 15:36:32,071 | INFO | MainProcess | Generar masivos | experimentos=50 | dados=1 | trabajadores=1
2026-05-22 15:36:32,072 | INFO | MainProcess | Progreso CPU (AMBAS) | 55/100 (55.00%)
2026-05-22 15:36:32,072 | INFO | MainProcess | Progreso CPU (AMBAS) | 60/100 (60.00%)
2026-05-22 15:36:32,072 | INFO | MainProcess | Progreso CPU (AMBAS) | 65/100 (65.00%)
2026-05-22 15:36:32,072 | INFO | MainProcess | Progreso CPU (AMBAS) | 70/100 (70.00%)
2026-05-22 15:36:32,072 | INFO | MainProcess | Progreso CPU (AMBAS) | 75/100 (75.00%)
2026-05-22 15:36:32,072 | INFO | MainProcess | Progreso CPU (AMBAS) | 80/100 (80.00%)
2026-05-22 15:36:32,072 | INFO | MainProcess | Progreso CPU (AMBAS) | 85/100 (85.00%)
2026-05-22 15:36:32,072 | INFO | MainProcess | Progreso CPU (AMBAS) | 90/100 (90.00%)
2026-05-22 15:36:32,072 | INFO | MainProcess | Progreso CPU (AMBAS) | 95/100 (95.00%)
2026-05-22 15:36:32,072 | INFO | MainProcess | Progreso CPU (AMBAS) | 100/100 (100.00%)
2026-05-22 15:36:32,434 | INFO | MainProcess | Lanzar N | N=100 | dados=1 | modo_solicitado=AMBAS | modo_real=AMBAS | trabajadores=16
2026-05-22 15:36:32,435 | INFO | MainProcess | GPU inicio | experimentos=50 | dados=1 | lote_max=120000
2026-05-22 15:36:32,435 | INFO | MainProcess | GPU lote inicio | lote=50 | restante_antes=50
2026-05-22 15:36:32,436 | INFO | MainProcess | Progreso GPU (AMBAS) | 50/100 (50.00%)
2026-05-22 15:36:32,436 | INFO | MainProcess | GPU progreso | lote=50 | restante=0
2026-05-22 15:36:32,436 | INFO | MainProcess | GPU fin | experimentos=50
2026-05-22 15:36:32,436 | INFO | MainProcess | Generar masivos | experimentos=50 | dados=1 | trabajadores=1
2026-05-22 15:36:32,436 | INFO | MainProcess | Progreso CPU (AMBAS) | 55/100 (55.00%)
2026-05-22 15:36:32,437 | INFO | MainProcess | Progreso CPU (AMBAS) | 60/100 (60.00%)
2026-05-22 15:36:32,437 | INFO | MainProcess | Progreso CPU (AMBAS) | 65/100 (65.00%)
2026-05-22 15:36:32,438 | INFO | MainProcess | Progreso CPU (AMBAS) | 70/100 (70.00%)
2026-05-22 15:36:32,438 | INFO | MainProcess | Progreso CPU (AMBAS) | 75/100 (75.00%)
2026-05-22 15:36:32,438 | INFO | MainProcess | Progreso CPU (AMBAS) | 80/100 (80.00%)
2026-05-22 15:36:32,438 | INFO | MainProcess | Progreso CPU (AMBAS) | 85/100 (85.00%)
2026-05-22 15:36:32,438 | INFO | MainProcess | Progreso CPU (AMBAS) | 90/100 (90.00%)
2026-05-22 15:36:32,438 | INFO | MainProcess | Progreso CPU (AMBAS) | 95/100 (95.00%)
2026-05-22 15:36:32,438 | INFO | MainProcess | Progreso CPU (AMBAS) | 100/100 (100.00%)
2026-05-22 15:36:32,718 | INFO | MainProcess | Lanzar N | N=100 | dados=1 | modo_solicitado=AMBAS | modo_real=AMBAS | trabajadores=16
2026-05-22 15:36:32,719 | INFO | MainProcess | GPU inicio | experimentos=50 | dados=1 | lote_max=120000
2026-05-22 15:36:32,719 | INFO | MainProcess | GPU lote inicio | lote=50 | restante_antes=50
2026-05-22 15:36:32,720 | INFO | MainProcess | Progreso GPU (AMBAS) | 50/100 (50.00%)
2026-05-22 15:36:32,720 | INFO | MainProcess | GPU progreso | lote=50 | restante=0
2026-05-22 15:36:32,720 | INFO | MainProcess | GPU fin | experimentos=50
2026-05-22 15:36:32,720 | INFO | MainProcess | Generar masivos | experimentos=50 | dados=1 | trabajadores=1
2026-05-22 15:36:32,720 | INFO | MainProcess | Progreso CPU (AMBAS) | 55/100 (55.00%)
2026-05-22 15:36:32,720 | INFO | MainProcess | Progreso CPU (AMBAS) | 60/100 (60.00%)
2026-05-22 15:36:32,720 | INFO | MainProcess | Progreso CPU (AMBAS) | 65/100 (65.00%)
2026-05-22 15:36:32,720 | INFO | MainProcess | Progreso CPU (AMBAS) | 70/100 (70.00%)
2026-05-22 15:36:32,720 | INFO | MainProcess | Progreso CPU (AMBAS) | 75/100 (75.00%)
2026-05-22 15:36:32,721 | INFO | MainProcess | Progreso CPU (AMBAS) | 80/100 (80.00%)
2026-05-22 15:36:32,721 | INFO | MainProcess | Progreso CPU (AMBAS) | 85/100 (85.00%)
2026-05-22 15:36:32,721 | INFO | MainProcess | Progreso CPU (AMBAS) | 90/100 (90.00%)
2026-05-22 15:36:32,721 | INFO | MainProcess | Progreso CPU (AMBAS) | 95/100 (95.00%)
2026-05-22 15:36:32,721 | INFO | MainProcess | Progreso CPU (AMBAS) | 100/100 (100.00%)
2026-05-22 15:36:32,976 | INFO | MainProcess | Lanzar N | N=100 | dados=1 | modo_solicitado=AMBAS | modo_real=AMBAS | trabajadores=16
2026-05-22 15:36:32,977 | INFO | MainProcess | GPU inicio | experimentos=50 | dados=1 | lote_max=120000
2026-05-22 15:36:32,977 | INFO | MainProcess | GPU lote inicio | lote=50 | restante_antes=50
2026-05-22 15:36:32,978 | INFO | MainProcess | Progreso GPU (AMBAS) | 50/100 (50.00%)
2026-05-22 15:36:32,978 | INFO | MainProcess | GPU progreso | lote=50 | restante=0
2026-05-22 15:36:32,978 | INFO | MainProcess | GPU fin | experimentos=50
2026-05-22 15:36:32,978 | INFO | MainProcess | Generar masivos | experimentos=50 | dados=1 | trabajadores=1
2026-05-22 15:36:32,978 | INFO | MainProcess | Progreso CPU (AMBAS) | 55/100 (55.00%)
2026-05-22 15:36:32,978 | INFO | MainProcess | Progreso CPU (AMBAS) | 60/100 (60.00%)
2026-05-22 15:36:32,978 | INFO | MainProcess | Progreso CPU (AMBAS) | 65/100 (65.00%)
2026-05-22 15:36:32,978 | INFO | MainProcess | Progreso CPU (AMBAS) | 70/100 (70.00%)
2026-05-22 15:36:32,979 | INFO | MainProcess | Progreso CPU (AMBAS) | 75/100 (75.00%)
2026-05-22 15:36:32,979 | INFO | MainProcess | Progreso CPU (AMBAS) | 80/100 (80.00%)
2026-05-22 15:36:32,979 | INFO | MainProcess | Progreso CPU (AMBAS) | 85/100 (85.00%)
2026-05-22 15:36:32,979 | INFO | MainProcess | Progreso CPU (AMBAS) | 90/100 (90.00%)
2026-05-22 15:36:32,979 | INFO | MainProcess | Progreso CPU (AMBAS) | 95/100 (95.00%)
2026-05-22 15:36:32,979 | INFO | MainProcess | Progreso CPU (AMBAS) | 100/100 (100.00%)
2026-05-22 15:36:33,333 | INFO | MainProcess | Lanzar N | N=100 | dados=1 | modo_solicitado=AMBAS | modo_real=AMBAS | trabajadores=16
2026-05-22 15:36:33,334 | INFO | MainProcess | GPU inicio | experimentos=50 | dados=1 | lote_max=120000
2026-05-22 15:36:33,334 | INFO | MainProcess | GPU lote inicio | lote=50 | restante_antes=50
2026-05-22 15:36:33,335 | INFO | MainProcess | Progreso GPU (AMBAS) | 50/100 (50.00%)
2026-05-22 15:36:33,335 | INFO | MainProcess | GPU progreso | lote=50 | restante=0
2026-05-22 15:36:33,335 | INFO | MainProcess | GPU fin | experimentos=50
2026-05-22 15:36:33,335 | INFO | MainProcess | Generar masivos | experimentos=50 | dados=1 | trabajadores=1
2026-05-22 15:36:33,336 | INFO | MainProcess | Progreso CPU (AMBAS) | 55/100 (55.00%)
2026-05-22 15:36:33,336 | INFO | MainProcess | Progreso CPU (AMBAS) | 60/100 (60.00%)
2026-05-22 15:36:33,337 | INFO | MainProcess | Progreso CPU (AMBAS) | 65/100 (65.00%)
2026-05-22 15:36:33,337 | INFO | MainProcess | Progreso CPU (AMBAS) | 70/100 (70.00%)
2026-05-22 15:36:33,337 | INFO | MainProcess | Progreso CPU (AMBAS) | 75/100 (75.00%)
2026-05-22 15:36:33,337 | INFO | MainProcess | Progreso CPU (AMBAS) | 80/100 (80.00%)
2026-05-22 15:36:33,337 | INFO | MainProcess | Progreso CPU (AMBAS) | 85/100 (85.00%)
2026-05-22 15:36:33,337 | INFO | MainProcess | Progreso CPU (AMBAS) | 90/100 (90.00%)
2026-05-22 15:36:33,337 | INFO | MainProcess | Progreso CPU (AMBAS) | 95/100 (95.00%)
2026-05-22 15:36:33,337 | INFO | MainProcess | Progreso CPU (AMBAS) | 100/100 (100.00%)
2026-05-22 15:36:33,625 | INFO | MainProcess | Lanzar N | N=100 | dados=1 | modo_solicitado=AMBAS | modo_real=AMBAS | trabajadores=16
2026-05-22 15:36:33,626 | INFO | MainProcess | GPU inicio | experimentos=50 | dados=1 | lote_max=120000
2026-05-22 15:36:33,626 | INFO | MainProcess | GPU lote inicio | lote=50 | restante_antes=50
2026-05-22 15:36:33,627 | INFO | MainProcess | Progreso GPU (AMBAS) | 50/100 (50.00%)
2026-05-22 15:36:33,627 | INFO | MainProcess | GPU progreso | lote=50 | restante=0
2026-05-22 15:36:33,627 | INFO | MainProcess | GPU fin | experimentos=50
2026-05-22 15:36:33,627 | INFO | MainProcess | Generar masivos | experimentos=50 | dados=1 | trabajadores=1
2026-05-22 15:36:33,627 | INFO | MainProcess | Progreso CPU (AMBAS) | 55/100 (55.00%)
2026-05-22 15:36:33,627 | INFO | MainProcess | Progreso CPU (AMBAS) | 60/100 (60.00%)
2026-05-22 15:36:33,627 | INFO | MainProcess | Progreso CPU (AMBAS) | 65/100 (65.00%)
2026-05-22 15:36:33,627 | INFO | MainProcess | Progreso CPU (AMBAS) | 70/100 (70.00%)
2026-05-22 15:36:33,627 | INFO | MainProcess | Progreso CPU (AMBAS) | 75/100 (75.00%)
2026-05-22 15:36:33,627 | INFO | MainProcess | Progreso CPU (AMBAS) | 80/100 (80.00%)
2026-05-22 15:36:33,627 | INFO | MainProcess | Progreso CPU (AMBAS) | 85/100 (85.00%)
2026-05-22 15:36:33,628 | INFO | MainProcess | Progreso CPU (AMBAS) | 90/100 (90.00%)
2026-05-22 15:36:33,628 | INFO | MainProcess | Progreso CPU (AMBAS) | 95/100 (95.00%)
2026-05-22 15:36:33,628 | INFO | MainProcess | Progreso CPU (AMBAS) | 100/100 (100.00%)
2026-05-22 15:36:34,014 | INFO | MainProcess | Lanzar N | N=100 | dados=1 | modo_solicitado=AMBAS | modo_real=AMBAS | trabajadores=16
2026-05-22 15:36:34,015 | INFO | MainProcess | GPU inicio | experimentos=50 | dados=1 | lote_max=120000
2026-05-22 15:36:34,015 | INFO | MainProcess | GPU lote inicio | lote=50 | restante_antes=50
2026-05-22 15:36:34,016 | INFO | MainProcess | Progreso GPU (AMBAS) | 50/100 (50.00%)
2026-05-22 15:36:34,016 | INFO | MainProcess | GPU progreso | lote=50 | restante=0
2026-05-22 15:36:34,016 | INFO | MainProcess | GPU fin | experimentos=50
2026-05-22 15:36:34,016 | INFO | MainProcess | Generar masivos | experimentos=50 | dados=1 | trabajadores=1
2026-05-22 15:36:34,016 | INFO | MainProcess | Progreso CPU (AMBAS) | 55/100 (55.00%)
2026-05-22 15:36:34,016 | INFO | MainProcess | Progreso CPU (AMBAS) | 60/100 (60.00%)
2026-05-22 15:36:34,016 | INFO | MainProcess | Progreso CPU (AMBAS) | 65/100 (65.00%)
2026-05-22 15:36:34,016 | INFO | MainProcess | Progreso CPU (AMBAS) | 70/100 (70.00%)
2026-05-22 15:36:34,016 | INFO | MainProcess | Progreso CPU (AMBAS) | 75/100 (75.00%)
2026-05-22 15:36:34,016 | INFO | MainProcess | Progreso CPU (AMBAS) | 80/100 (80.00%)
2026-05-22 15:36:34,017 | INFO | MainProcess | Progreso CPU (AMBAS) | 85/100 (85.00%)
2026-05-22 15:36:34,017 | INFO | MainProcess | Progreso CPU (AMBAS) | 90/100 (90.00%)
2026-05-22 15:36:34,017 | INFO | MainProcess | Progreso CPU (AMBAS) | 95/100 (95.00%)
2026-05-22 15:36:34,017 | INFO | MainProcess | Progreso CPU (AMBAS) | 100/100 (100.00%)
2026-05-22 15:36:34,298 | INFO | MainProcess | Lanzar N | N=100 | dados=1 | modo_solicitado=AMBAS | modo_real=AMBAS | trabajadores=16
2026-05-22 15:36:34,299 | INFO | MainProcess | GPU inicio | experimentos=50 | dados=1 | lote_max=120000
2026-05-22 15:36:34,299 | INFO | MainProcess | GPU lote inicio | lote=50 | restante_antes=50
2026-05-22 15:36:34,300 | INFO | MainProcess | Progreso GPU (AMBAS) | 50/100 (50.00%)
2026-05-22 15:36:34,300 | INFO | MainProcess | GPU progreso | lote=50 | restante=0
2026-05-22 15:36:34,300 | INFO | MainProcess | GPU fin | experimentos=50
2026-05-22 15:36:34,300 | INFO | MainProcess | Generar masivos | experimentos=50 | dados=1 | trabajadores=1
2026-05-22 15:36:34,300 | INFO | MainProcess | Progreso CPU (AMBAS) | 55/100 (55.00%)
2026-05-22 15:36:34,301 | INFO | MainProcess | Progreso CPU (AMBAS) | 60/100 (60.00%)
2026-05-22 15:36:34,301 | INFO | MainProcess | Progreso CPU (AMBAS) | 65/100 (65.00%)
2026-05-22 15:36:34,301 | INFO | MainProcess | Progreso CPU (AMBAS) | 70/100 (70.00%)
2026-05-22 15:36:34,301 | INFO | MainProcess | Progreso CPU (AMBAS) | 75/100 (75.00%)
2026-05-22 15:36:34,301 | INFO | MainProcess | Progreso CPU (AMBAS) | 80/100 (80.00%)
2026-05-22 15:36:34,301 | INFO | MainProcess | Progreso CPU (AMBAS) | 85/100 (85.00%)
2026-05-22 15:36:34,301 | INFO | MainProcess | Progreso CPU (AMBAS) | 90/100 (90.00%)
2026-05-22 15:36:34,301 | INFO | MainProcess | Progreso CPU (AMBAS) | 95/100 (95.00%)
2026-05-22 15:36:34,301 | INFO | MainProcess | Progreso CPU (AMBAS) | 100/100 (100.00%)
2026-05-22 15:36:34,577 | INFO | MainProcess | Lanzar N | N=100 | dados=1 | modo_solicitado=AMBAS | modo_real=AMBAS | trabajadores=16
2026-05-22 15:36:34,578 | INFO | MainProcess | GPU inicio | experimentos=50 | dados=1 | lote_max=120000
2026-05-22 15:36:34,578 | INFO | MainProcess | GPU lote inicio | lote=50 | restante_antes=50
2026-05-22 15:36:34,579 | INFO | MainProcess | Progreso GPU (AMBAS) | 50/100 (50.00%)
2026-05-22 15:36:34,579 | INFO | MainProcess | GPU progreso | lote=50 | restante=0
2026-05-22 15:36:34,579 | INFO | MainProcess | GPU fin | experimentos=50
2026-05-22 15:36:34,580 | INFO | MainProcess | Generar masivos | experimentos=50 | dados=1 | trabajadores=1
2026-05-22 15:36:34,580 | INFO | MainProcess | Progreso CPU (AMBAS) | 55/100 (55.00%)
2026-05-22 15:36:34,580 | INFO | MainProcess | Progreso CPU (AMBAS) | 60/100 (60.00%)
2026-05-22 15:36:34,580 | INFO | MainProcess | Progreso CPU (AMBAS) | 65/100 (65.00%)
2026-05-22 15:36:34,580 | INFO | MainProcess | Progreso CPU (AMBAS) | 70/100 (70.00%)
2026-05-22 15:36:34,580 | INFO | MainProcess | Progreso CPU (AMBAS) | 75/100 (75.00%)
2026-05-22 15:36:34,580 | INFO | MainProcess | Progreso CPU (AMBAS) | 80/100 (80.00%)
2026-05-22 15:36:34,580 | INFO | MainProcess | Progreso CPU (AMBAS) | 85/100 (85.00%)
2026-05-22 15:36:34,580 | INFO | MainProcess | Progreso CPU (AMBAS) | 90/100 (90.00%)
2026-05-22 15:36:34,580 | INFO | MainProcess | Progreso CPU (AMBAS) | 95/100 (95.00%)
2026-05-22 15:36:34,580 | INFO | MainProcess | Progreso CPU (AMBAS) | 100/100 (100.00%)
2026-05-22 15:36:34,860 | INFO | MainProcess | Lanzar N | N=100 | dados=1 | modo_solicitado=AMBAS | modo_real=AMBAS | trabajadores=16
2026-05-22 15:36:34,861 | INFO | MainProcess | GPU inicio | experimentos=50 | dados=1 | lote_max=120000
2026-05-22 15:36:34,861 | INFO | MainProcess | GPU lote inicio | lote=50 | restante_antes=50
2026-05-22 15:36:34,862 | INFO | MainProcess | Progreso GPU (AMBAS) | 50/100 (50.00%)
2026-05-22 15:36:34,863 | INFO | MainProcess | GPU progreso | lote=50 | restante=0
2026-05-22 15:36:34,863 | INFO | MainProcess | GPU fin | experimentos=50
2026-05-22 15:36:34,863 | INFO | MainProcess | Generar masivos | experimentos=50 | dados=1 | trabajadores=1
2026-05-22 15:36:34,863 | INFO | MainProcess | Progreso CPU (AMBAS) | 55/100 (55.00%)
2026-05-22 15:36:34,863 | INFO | MainProcess | Progreso CPU (AMBAS) | 60/100 (60.00%)
2026-05-22 15:36:34,863 | INFO | MainProcess | Progreso CPU (AMBAS) | 65/100 (65.00%)
2026-05-22 15:36:34,863 | INFO | MainProcess | Progreso CPU (AMBAS) | 70/100 (70.00%)
2026-05-22 15:36:34,863 | INFO | MainProcess | Progreso CPU (AMBAS) | 75/100 (75.00%)
2026-05-22 15:36:34,863 | INFO | MainProcess | Progreso CPU (AMBAS) | 80/100 (80.00%)
2026-05-22 15:36:34,863 | INFO | MainProcess | Progreso CPU (AMBAS) | 85/100 (85.00%)
2026-05-22 15:36:34,863 | INFO | MainProcess | Progreso CPU (AMBAS) | 90/100 (90.00%)
2026-05-22 15:36:34,863 | INFO | MainProcess | Progreso CPU (AMBAS) | 95/100 (95.00%)
2026-05-22 15:36:34,864 | INFO | MainProcess | Progreso CPU (AMBAS) | 100/100 (100.00%)
2026-05-22 15:36:35,136 | INFO | MainProcess | Lanzar N | N=100 | dados=1 | modo_solicitado=AMBAS | modo_real=AMBAS | trabajadores=16
2026-05-22 15:36:35,137 | INFO | MainProcess | GPU inicio | experimentos=50 | dados=1 | lote_max=120000
2026-05-22 15:36:35,137 | INFO | MainProcess | GPU lote inicio | lote=50 | restante_antes=50
2026-05-22 15:36:35,138 | INFO | MainProcess | Progreso GPU (AMBAS) | 50/100 (50.00%)
2026-05-22 15:36:35,138 | INFO | MainProcess | GPU progreso | lote=50 | restante=0
2026-05-22 15:36:35,138 | INFO | MainProcess | GPU fin | experimentos=50
2026-05-22 15:36:35,138 | INFO | MainProcess | Generar masivos | experimentos=50 | dados=1 | trabajadores=1
2026-05-22 15:36:35,138 | INFO | MainProcess | Progreso CPU (AMBAS) | 55/100 (55.00%)
2026-05-22 15:36:35,138 | INFO | MainProcess | Progreso CPU (AMBAS) | 60/100 (60.00%)
2026-05-22 15:36:35,138 | INFO | MainProcess | Progreso CPU (AMBAS) | 65/100 (65.00%)
2026-05-22 15:36:35,138 | INFO | MainProcess | Progreso CPU (AMBAS) | 70/100 (70.00%)
2026-05-22 15:36:35,138 | INFO | MainProcess | Progreso CPU (AMBAS) | 75/100 (75.00%)
2026-05-22 15:36:35,138 | INFO | MainProcess | Progreso CPU (AMBAS) | 80/100 (80.00%)
2026-05-22 15:36:35,138 | INFO | MainProcess | Progreso CPU (AMBAS) | 85/100 (85.00%)
2026-05-22 15:36:35,138 | INFO | MainProcess | Progreso CPU (AMBAS) | 90/100 (90.00%)
2026-05-22 15:36:35,138 | INFO | MainProcess | Progreso CPU (AMBAS) | 95/100 (95.00%)
2026-05-22 15:36:35,138 | INFO | MainProcess | Progreso CPU (AMBAS) | 100/100 (100.00%)
2026-05-22 15:36:41,362 | INFO | MainProcess | Lanzar N | N=1000 | dados=1 | modo_solicitado=AMBAS | modo_real=AMBAS | trabajadores=16
2026-05-22 15:36:41,363 | INFO | MainProcess | GPU inicio | experimentos=500 | dados=1 | lote_max=120000
2026-05-22 15:36:41,363 | INFO | MainProcess | GPU lote inicio | lote=500 | restante_antes=500
2026-05-22 15:36:41,365 | INFO | MainProcess | Progreso GPU (AMBAS) | 500/1000 (50.00%)
2026-05-22 15:36:41,365 | INFO | MainProcess | GPU progreso | lote=500 | restante=0
2026-05-22 15:36:41,365 | INFO | MainProcess | GPU fin | experimentos=500
2026-05-22 15:36:41,365 | INFO | MainProcess | Generar masivos | experimentos=500 | dados=1 | trabajadores=1
2026-05-22 15:36:41,365 | INFO | MainProcess | Progreso CPU (AMBAS) | 560/1000 (56.00%)
2026-05-22 15:36:41,365 | INFO | MainProcess | Progreso CPU (AMBAS) | 608/1000 (60.80%)
2026-05-22 15:36:41,365 | INFO | MainProcess | Progreso CPU (AMBAS) | 656/1000 (65.60%)
2026-05-22 15:36:41,366 | INFO | MainProcess | Progreso CPU (AMBAS) | 704/1000 (70.40%)
2026-05-22 15:36:41,366 | INFO | MainProcess | Progreso CPU (AMBAS) | 752/1000 (75.20%)
2026-05-22 15:36:41,366 | INFO | MainProcess | Progreso CPU (AMBAS) | 800/1000 (80.00%)
2026-05-22 15:36:41,366 | INFO | MainProcess | Progreso CPU (AMBAS) | 860/1000 (86.00%)
2026-05-22 15:36:41,366 | INFO | MainProcess | Progreso CPU (AMBAS) | 908/1000 (90.80%)
2026-05-22 15:36:41,366 | INFO | MainProcess | Progreso CPU (AMBAS) | 956/1000 (95.60%)
2026-05-22 15:36:41,366 | INFO | MainProcess | Progreso CPU (AMBAS) | 1000/1000 (100.00%)
2026-05-22 15:36:42,475 | INFO | MainProcess | Lanzar N | N=1000 | dados=1 | modo_solicitado=AMBAS | modo_real=AMBAS | trabajadores=16
2026-05-22 15:36:42,476 | INFO | MainProcess | GPU inicio | experimentos=500 | dados=1 | lote_max=120000
2026-05-22 15:36:42,476 | INFO | MainProcess | GPU lote inicio | lote=500 | restante_antes=500
2026-05-22 15:36:42,477 | INFO | MainProcess | Progreso GPU (AMBAS) | 500/1000 (50.00%)
2026-05-22 15:36:42,477 | INFO | MainProcess | GPU progreso | lote=500 | restante=0
2026-05-22 15:36:42,477 | INFO | MainProcess | GPU fin | experimentos=500
2026-05-22 15:36:42,477 | INFO | MainProcess | Generar masivos | experimentos=500 | dados=1 | trabajadores=1
2026-05-22 15:36:42,477 | INFO | MainProcess | Progreso CPU (AMBAS) | 560/1000 (56.00%)
2026-05-22 15:36:42,477 | INFO | MainProcess | Progreso CPU (AMBAS) | 608/1000 (60.80%)
2026-05-22 15:36:42,477 | INFO | MainProcess | Progreso CPU (AMBAS) | 656/1000 (65.60%)
2026-05-22 15:36:42,477 | INFO | MainProcess | Progreso CPU (AMBAS) | 704/1000 (70.40%)
2026-05-22 15:36:42,478 | INFO | MainProcess | Progreso CPU (AMBAS) | 752/1000 (75.20%)
2026-05-22 15:36:42,478 | INFO | MainProcess | Progreso CPU (AMBAS) | 800/1000 (80.00%)
2026-05-22 15:36:42,478 | INFO | MainProcess | Progreso CPU (AMBAS) | 860/1000 (86.00%)
2026-05-22 15:36:42,478 | INFO | MainProcess | Progreso CPU (AMBAS) | 908/1000 (90.80%)
2026-05-22 15:36:42,478 | INFO | MainProcess | Progreso CPU (AMBAS) | 956/1000 (95.60%)
2026-05-22 15:36:42,478 | INFO | MainProcess | Progreso CPU (AMBAS) | 1000/1000 (100.00%)
2026-05-22 15:36:43,076 | INFO | MainProcess | Lanzar N | N=1000 | dados=1 | modo_solicitado=AMBAS | modo_real=AMBAS | trabajadores=16
2026-05-22 15:36:43,077 | INFO | MainProcess | GPU inicio | experimentos=500 | dados=1 | lote_max=120000
2026-05-22 15:36:43,077 | INFO | MainProcess | GPU lote inicio | lote=500 | restante_antes=500
2026-05-22 15:36:43,079 | INFO | MainProcess | Progreso GPU (AMBAS) | 500/1000 (50.00%)
2026-05-22 15:36:43,079 | INFO | MainProcess | GPU progreso | lote=500 | restante=0
2026-05-22 15:36:43,079 | INFO | MainProcess | GPU fin | experimentos=500
2026-05-22 15:36:43,079 | INFO | MainProcess | Generar masivos | experimentos=500 | dados=1 | trabajadores=1
2026-05-22 15:36:43,079 | INFO | MainProcess | Progreso CPU (AMBAS) | 560/1000 (56.00%)
2026-05-22 15:36:43,079 | INFO | MainProcess | Progreso CPU (AMBAS) | 608/1000 (60.80%)
2026-05-22 15:36:43,079 | INFO | MainProcess | Progreso CPU (AMBAS) | 656/1000 (65.60%)
2026-05-22 15:36:43,079 | INFO | MainProcess | Progreso CPU (AMBAS) | 704/1000 (70.40%)
2026-05-22 15:36:43,079 | INFO | MainProcess | Progreso CPU (AMBAS) | 752/1000 (75.20%)
2026-05-22 15:36:43,079 | INFO | MainProcess | Progreso CPU (AMBAS) | 800/1000 (80.00%)
2026-05-22 15:36:43,080 | INFO | MainProcess | Progreso CPU (AMBAS) | 860/1000 (86.00%)
2026-05-22 15:36:43,080 | INFO | MainProcess | Progreso CPU (AMBAS) | 908/1000 (90.80%)
2026-05-22 15:36:43,080 | INFO | MainProcess | Progreso CPU (AMBAS) | 956/1000 (95.60%)
2026-05-22 15:36:43,080 | INFO | MainProcess | Progreso CPU (AMBAS) | 1000/1000 (100.00%)
2026-05-22 15:36:44,192 | INFO | MainProcess | Lanzar N | N=1000 | dados=1 | modo_solicitado=AMBAS | modo_real=AMBAS | trabajadores=16
2026-05-22 15:36:44,192 | INFO | MainProcess | GPU inicio | experimentos=500 | dados=1 | lote_max=120000
2026-05-22 15:36:44,192 | INFO | MainProcess | GPU lote inicio | lote=500 | restante_antes=500
2026-05-22 15:36:44,194 | INFO | MainProcess | Progreso GPU (AMBAS) | 500/1000 (50.00%)
2026-05-22 15:36:44,194 | INFO | MainProcess | GPU progreso | lote=500 | restante=0
2026-05-22 15:36:44,194 | INFO | MainProcess | GPU fin | experimentos=500
2026-05-22 15:36:44,194 | INFO | MainProcess | Generar masivos | experimentos=500 | dados=1 | trabajadores=1
2026-05-22 15:36:44,194 | INFO | MainProcess | Progreso CPU (AMBAS) | 560/1000 (56.00%)
2026-05-22 15:36:44,194 | INFO | MainProcess | Progreso CPU (AMBAS) | 608/1000 (60.80%)
2026-05-22 15:36:44,194 | INFO | MainProcess | Progreso CPU (AMBAS) | 656/1000 (65.60%)
2026-05-22 15:36:44,194 | INFO | MainProcess | Progreso CPU (AMBAS) | 704/1000 (70.40%)
2026-05-22 15:36:44,194 | INFO | MainProcess | Progreso CPU (AMBAS) | 752/1000 (75.20%)
2026-05-22 15:36:44,194 | INFO | MainProcess | Progreso CPU (AMBAS) | 800/1000 (80.00%)
2026-05-22 15:36:44,194 | INFO | MainProcess | Progreso CPU (AMBAS) | 860/1000 (86.00%)
2026-05-22 15:36:44,194 | INFO | MainProcess | Progreso CPU (AMBAS) | 908/1000 (90.80%)
2026-05-22 15:36:44,195 | INFO | MainProcess | Progreso CPU (AMBAS) | 956/1000 (95.60%)
2026-05-22 15:36:44,195 | INFO | MainProcess | Progreso CPU (AMBAS) | 1000/1000 (100.00%)
2026-05-22 15:36:45,981 | INFO | MainProcess | Lanzar N | N=1000 | dados=1 | modo_solicitado=AMBAS | modo_real=AMBAS | trabajadores=16
2026-05-22 15:36:45,983 | INFO | MainProcess | GPU inicio | experimentos=500 | dados=1 | lote_max=120000
2026-05-22 15:36:45,983 | INFO | MainProcess | GPU lote inicio | lote=500 | restante_antes=500
2026-05-22 15:36:45,984 | INFO | MainProcess | Progreso GPU (AMBAS) | 500/1000 (50.00%)
2026-05-22 15:36:45,984 | INFO | MainProcess | GPU progreso | lote=500 | restante=0
2026-05-22 15:36:45,984 | INFO | MainProcess | GPU fin | experimentos=500
2026-05-22 15:36:45,984 | INFO | MainProcess | Generar masivos | experimentos=500 | dados=1 | trabajadores=1
2026-05-22 15:36:45,985 | INFO | MainProcess | Progreso CPU (AMBAS) | 560/1000 (56.00%)
2026-05-22 15:36:45,985 | INFO | MainProcess | Progreso CPU (AMBAS) | 608/1000 (60.80%)
2026-05-22 15:36:45,985 | INFO | MainProcess | Progreso CPU (AMBAS) | 656/1000 (65.60%)
2026-05-22 15:36:45,985 | INFO | MainProcess | Progreso CPU (AMBAS) | 704/1000 (70.40%)
2026-05-22 15:36:45,985 | INFO | MainProcess | Progreso CPU (AMBAS) | 752/1000 (75.20%)
2026-05-22 15:36:45,985 | INFO | MainProcess | Progreso CPU (AMBAS) | 800/1000 (80.00%)
2026-05-22 15:36:45,985 | INFO | MainProcess | Progreso CPU (AMBAS) | 860/1000 (86.00%)
2026-05-22 15:36:45,985 | INFO | MainProcess | Progreso CPU (AMBAS) | 908/1000 (90.80%)
2026-05-22 15:36:45,986 | INFO | MainProcess | Progreso CPU (AMBAS) | 956/1000 (95.60%)
2026-05-22 15:36:45,986 | INFO | MainProcess | Progreso CPU (AMBAS) | 1000/1000 (100.00%)
2026-05-22 15:36:48,349 | INFO | MainProcess | Lanzar N | N=1000 | dados=1 | modo_solicitado=AMBAS | modo_real=AMBAS | trabajadores=16
2026-05-22 15:36:48,350 | INFO | MainProcess | GPU inicio | experimentos=500 | dados=1 | lote_max=120000
2026-05-22 15:36:48,351 | INFO | MainProcess | GPU lote inicio | lote=500 | restante_antes=500
2026-05-22 15:36:48,352 | INFO | MainProcess | Progreso GPU (AMBAS) | 500/1000 (50.00%)
2026-05-22 15:36:48,352 | INFO | MainProcess | GPU progreso | lote=500 | restante=0
2026-05-22 15:36:48,352 | INFO | MainProcess | GPU fin | experimentos=500
2026-05-22 15:36:48,352 | INFO | MainProcess | Generar masivos | experimentos=500 | dados=1 | trabajadores=1
2026-05-22 15:36:48,352 | INFO | MainProcess | Progreso CPU (AMBAS) | 560/1000 (56.00%)
2026-05-22 15:36:48,352 | INFO | MainProcess | Progreso CPU (AMBAS) | 608/1000 (60.80%)
2026-05-22 15:36:48,352 | INFO | MainProcess | Progreso CPU (AMBAS) | 656/1000 (65.60%)
2026-05-22 15:36:48,353 | INFO | MainProcess | Progreso CPU (AMBAS) | 704/1000 (70.40%)
2026-05-22 15:36:48,353 | INFO | MainProcess | Progreso CPU (AMBAS) | 752/1000 (75.20%)
2026-05-22 15:36:48,353 | INFO | MainProcess | Progreso CPU (AMBAS) | 800/1000 (80.00%)
2026-05-22 15:36:48,353 | INFO | MainProcess | Progreso CPU (AMBAS) | 860/1000 (86.00%)
2026-05-22 15:36:48,353 | INFO | MainProcess | Progreso CPU (AMBAS) | 908/1000 (90.80%)
2026-05-22 15:36:48,353 | INFO | MainProcess | Progreso CPU (AMBAS) | 956/1000 (95.60%)
2026-05-22 15:36:48,353 | INFO | MainProcess | Progreso CPU (AMBAS) | 1000/1000 (100.00%)
2026-05-22 15:36:51,117 | INFO | MainProcess | Lanzar N | N=1000 | dados=1 | modo_solicitado=AMBAS | modo_real=AMBAS | trabajadores=16
2026-05-22 15:36:51,117 | INFO | MainProcess | GPU inicio | experimentos=500 | dados=1 | lote_max=120000
2026-05-22 15:36:51,118 | INFO | MainProcess | GPU lote inicio | lote=500 | restante_antes=500
2026-05-22 15:36:51,119 | INFO | MainProcess | Progreso GPU (AMBAS) | 500/1000 (50.00%)
2026-05-22 15:36:51,119 | INFO | MainProcess | GPU progreso | lote=500 | restante=0
2026-05-22 15:36:51,119 | INFO | MainProcess | GPU fin | experimentos=500
2026-05-22 15:36:51,119 | INFO | MainProcess | Generar masivos | experimentos=500 | dados=1 | trabajadores=1
2026-05-22 15:36:51,119 | INFO | MainProcess | Progreso CPU (AMBAS) | 560/1000 (56.00%)
2026-05-22 15:36:51,119 | INFO | MainProcess | Progreso CPU (AMBAS) | 608/1000 (60.80%)
2026-05-22 15:36:51,120 | INFO | MainProcess | Progreso CPU (AMBAS) | 656/1000 (65.60%)
2026-05-22 15:36:51,120 | INFO | MainProcess | Progreso CPU (AMBAS) | 704/1000 (70.40%)
2026-05-22 15:36:51,120 | INFO | MainProcess | Progreso CPU (AMBAS) | 752/1000 (75.20%)
2026-05-22 15:36:51,120 | INFO | MainProcess | Progreso CPU (AMBAS) | 800/1000 (80.00%)
2026-05-22 15:36:51,120 | INFO | MainProcess | Progreso CPU (AMBAS) | 860/1000 (86.00%)
2026-05-22 15:36:51,120 | INFO | MainProcess | Progreso CPU (AMBAS) | 908/1000 (90.80%)
2026-05-22 15:36:51,120 | INFO | MainProcess | Progreso CPU (AMBAS) | 956/1000 (95.60%)
2026-05-22 15:36:51,120 | INFO | MainProcess | Progreso CPU (AMBAS) | 1000/1000 (100.00%)
2026-05-22 15:36:53,879 | INFO | MainProcess | Lanzar N | N=1000 | dados=1 | modo_solicitado=AMBAS | modo_real=AMBAS | trabajadores=16
2026-05-22 15:36:53,880 | INFO | MainProcess | GPU inicio | experimentos=500 | dados=1 | lote_max=120000
2026-05-22 15:36:53,880 | INFO | MainProcess | GPU lote inicio | lote=500 | restante_antes=500
2026-05-22 15:36:53,881 | INFO | MainProcess | Progreso GPU (AMBAS) | 500/1000 (50.00%)
2026-05-22 15:36:53,881 | INFO | MainProcess | GPU progreso | lote=500 | restante=0
2026-05-22 15:36:53,881 | INFO | MainProcess | GPU fin | experimentos=500
2026-05-22 15:36:53,881 | INFO | MainProcess | Generar masivos | experimentos=500 | dados=1 | trabajadores=1
2026-05-22 15:36:53,881 | INFO | MainProcess | Progreso CPU (AMBAS) | 560/1000 (56.00%)
2026-05-22 15:36:53,881 | INFO | MainProcess | Progreso CPU (AMBAS) | 608/1000 (60.80%)
2026-05-22 15:36:53,881 | INFO | MainProcess | Progreso CPU (AMBAS) | 656/1000 (65.60%)
2026-05-22 15:36:53,882 | INFO | MainProcess | Progreso CPU (AMBAS) | 704/1000 (70.40%)
2026-05-22 15:36:53,882 | INFO | MainProcess | Progreso CPU (AMBAS) | 752/1000 (75.20%)
2026-05-22 15:36:53,882 | INFO | MainProcess | Progreso CPU (AMBAS) | 800/1000 (80.00%)
2026-05-22 15:36:53,882 | INFO | MainProcess | Progreso CPU (AMBAS) | 860/1000 (86.00%)
2026-05-22 15:36:53,882 | INFO | MainProcess | Progreso CPU (AMBAS) | 908/1000 (90.80%)
2026-05-22 15:36:53,882 | INFO | MainProcess | Progreso CPU (AMBAS) | 956/1000 (95.60%)
2026-05-22 15:36:53,882 | INFO | MainProcess | Progreso CPU (AMBAS) | 1000/1000 (100.00%)
2026-05-22 15:36:56,747 | INFO | MainProcess | Lanzar N | N=1000 | dados=1 | modo_solicitado=AMBAS | modo_real=AMBAS | trabajadores=16
2026-05-22 15:36:56,748 | INFO | MainProcess | GPU inicio | experimentos=500 | dados=1 | lote_max=120000
2026-05-22 15:36:56,748 | INFO | MainProcess | GPU lote inicio | lote=500 | restante_antes=500
2026-05-22 15:36:56,749 | INFO | MainProcess | Progreso GPU (AMBAS) | 500/1000 (50.00%)
2026-05-22 15:36:56,749 | INFO | MainProcess | GPU progreso | lote=500 | restante=0
2026-05-22 15:36:56,749 | INFO | MainProcess | GPU fin | experimentos=500
2026-05-22 15:36:56,749 | INFO | MainProcess | Generar masivos | experimentos=500 | dados=1 | trabajadores=1
2026-05-22 15:36:56,749 | INFO | MainProcess | Progreso CPU (AMBAS) | 560/1000 (56.00%)
2026-05-22 15:36:56,749 | INFO | MainProcess | Progreso CPU (AMBAS) | 608/1000 (60.80%)
2026-05-22 15:36:56,749 | INFO | MainProcess | Progreso CPU (AMBAS) | 656/1000 (65.60%)
2026-05-22 15:36:56,749 | INFO | MainProcess | Progreso CPU (AMBAS) | 704/1000 (70.40%)
2026-05-22 15:36:56,750 | INFO | MainProcess | Progreso CPU (AMBAS) | 752/1000 (75.20%)
2026-05-22 15:36:56,750 | INFO | MainProcess | Progreso CPU (AMBAS) | 800/1000 (80.00%)
2026-05-22 15:36:56,750 | INFO | MainProcess | Progreso CPU (AMBAS) | 860/1000 (86.00%)
2026-05-22 15:36:56,750 | INFO | MainProcess | Progreso CPU (AMBAS) | 908/1000 (90.80%)
2026-05-22 15:36:56,750 | INFO | MainProcess | Progreso CPU (AMBAS) | 956/1000 (95.60%)
2026-05-22 15:36:56,750 | INFO | MainProcess | Progreso CPU (AMBAS) | 1000/1000 (100.00%)
2026-05-22 15:37:05,491 | INFO | MainProcess | Lanzar N | N=1000 | dados=1 | modo_solicitado=AMBAS | modo_real=AMBAS | trabajadores=16
2026-05-22 15:37:05,491 | INFO | MainProcess | GPU inicio | experimentos=500 | dados=1 | lote_max=120000
2026-05-22 15:37:05,491 | INFO | MainProcess | GPU lote inicio | lote=500 | restante_antes=500
2026-05-22 15:37:05,493 | INFO | MainProcess | Progreso GPU (AMBAS) | 500/1000 (50.00%)
2026-05-22 15:37:05,493 | INFO | MainProcess | GPU progreso | lote=500 | restante=0
2026-05-22 15:37:05,493 | INFO | MainProcess | GPU fin | experimentos=500
2026-05-22 15:37:05,493 | INFO | MainProcess | Generar masivos | experimentos=500 | dados=1 | trabajadores=1
2026-05-22 15:37:05,493 | INFO | MainProcess | Progreso CPU (AMBAS) | 560/1000 (56.00%)
2026-05-22 15:37:05,493 | INFO | MainProcess | Progreso CPU (AMBAS) | 608/1000 (60.80%)
2026-05-22 15:37:05,493 | INFO | MainProcess | Progreso CPU (AMBAS) | 656/1000 (65.60%)
2026-05-22 15:37:05,494 | INFO | MainProcess | Progreso CPU (AMBAS) | 704/1000 (70.40%)
2026-05-22 15:37:05,494 | INFO | MainProcess | Progreso CPU (AMBAS) | 752/1000 (75.20%)
2026-05-22 15:37:05,494 | INFO | MainProcess | Progreso CPU (AMBAS) | 800/1000 (80.00%)
2026-05-22 15:37:05,494 | INFO | MainProcess | Progreso CPU (AMBAS) | 860/1000 (86.00%)
2026-05-22 15:37:05,494 | INFO | MainProcess | Progreso CPU (AMBAS) | 908/1000 (90.80%)
2026-05-22 15:37:05,494 | INFO | MainProcess | Progreso CPU (AMBAS) | 956/1000 (95.60%)
2026-05-22 15:37:05,494 | INFO | MainProcess | Progreso CPU (AMBAS) | 1000/1000 (100.00%)
2026-05-22 15:37:08,205 | INFO | MainProcess | Lanzar N | N=1000 | dados=1 | modo_solicitado=AMBAS | modo_real=AMBAS | trabajadores=16
2026-05-22 15:37:08,205 | INFO | MainProcess | GPU inicio | experimentos=500 | dados=1 | lote_max=120000
2026-05-22 15:37:08,206 | INFO | MainProcess | GPU lote inicio | lote=500 | restante_antes=500
2026-05-22 15:37:08,207 | INFO | MainProcess | Progreso GPU (AMBAS) | 500/1000 (50.00%)
2026-05-22 15:37:08,207 | INFO | MainProcess | GPU progreso | lote=500 | restante=0
2026-05-22 15:37:08,207 | INFO | MainProcess | GPU fin | experimentos=500
2026-05-22 15:37:08,207 | INFO | MainProcess | Generar masivos | experimentos=500 | dados=1 | trabajadores=1
2026-05-22 15:37:08,207 | INFO | MainProcess | Progreso CPU (AMBAS) | 560/1000 (56.00%)
2026-05-22 15:37:08,207 | INFO | MainProcess | Progreso CPU (AMBAS) | 608/1000 (60.80%)
2026-05-22 15:37:08,207 | INFO | MainProcess | Progreso CPU (AMBAS) | 656/1000 (65.60%)
2026-05-22 15:37:08,207 | INFO | MainProcess | Progreso CPU (AMBAS) | 704/1000 (70.40%)
2026-05-22 15:37:08,207 | INFO | MainProcess | Progreso CPU (AMBAS) | 752/1000 (75.20%)
2026-05-22 15:37:08,207 | INFO | MainProcess | Progreso CPU (AMBAS) | 800/1000 (80.00%)
2026-05-22 15:37:08,208 | INFO | MainProcess | Progreso CPU (AMBAS) | 860/1000 (86.00%)
2026-05-22 15:37:08,208 | INFO | MainProcess | Progreso CPU (AMBAS) | 908/1000 (90.80%)
2026-05-22 15:37:08,208 | INFO | MainProcess | Progreso CPU (AMBAS) | 956/1000 (95.60%)
2026-05-22 15:37:08,208 | INFO | MainProcess | Progreso CPU (AMBAS) | 1000/1000 (100.00%)
2026-05-22 15:37:13,215 | INFO | MainProcess | Lanzar N | N=10000 | dados=1 | modo_solicitado=AMBAS | modo_real=AMBAS | trabajadores=16
2026-05-22 15:37:13,216 | INFO | MainProcess | GPU inicio | experimentos=5000 | dados=1 | lote_max=120000
2026-05-22 15:37:13,216 | INFO | MainProcess | GPU lote inicio | lote=5000 | restante_antes=5000
2026-05-22 15:37:13,221 | INFO | MainProcess | Progreso GPU (AMBAS) | 5000/10000 (50.00%)
2026-05-22 15:37:13,221 | INFO | MainProcess | GPU progreso | lote=5000 | restante=0
2026-05-22 15:37:13,221 | INFO | MainProcess | GPU fin | experimentos=5000
2026-05-22 15:37:13,221 | INFO | MainProcess | Generar masivos | experimentos=5000 | dados=1 | trabajadores=1
2026-05-22 15:37:13,222 | INFO | MainProcess | Progreso CPU (AMBAS) | 5500/10000 (55.00%)
2026-05-22 15:37:13,223 | INFO | MainProcess | Progreso CPU (AMBAS) | 6000/10000 (60.00%)
2026-05-22 15:37:13,223 | INFO | MainProcess | Progreso CPU (AMBAS) | 6500/10000 (65.00%)
2026-05-22 15:37:13,224 | INFO | MainProcess | Progreso CPU (AMBAS) | 7000/10000 (70.00%)
2026-05-22 15:37:13,224 | INFO | MainProcess | Progreso CPU (AMBAS) | 7500/10000 (75.00%)
2026-05-22 15:37:13,225 | INFO | MainProcess | Progreso CPU (AMBAS) | 8000/10000 (80.00%)
2026-05-22 15:37:13,225 | INFO | MainProcess | Progreso CPU (AMBAS) | 8500/10000 (85.00%)
2026-05-22 15:37:13,226 | INFO | MainProcess | Progreso CPU (AMBAS) | 9000/10000 (90.00%)
2026-05-22 15:37:13,226 | INFO | MainProcess | Progreso CPU (AMBAS) | 9500/10000 (95.00%)
2026-05-22 15:37:13,227 | INFO | MainProcess | Progreso CPU (AMBAS) | 10000/10000 (100.00%)
2026-05-22 15:37:18,762 | INFO | MainProcess | Lanzar N | N=10000 | dados=1 | modo_solicitado=AMBAS | modo_real=AMBAS | trabajadores=16
2026-05-22 15:37:18,763 | INFO | MainProcess | GPU inicio | experimentos=5000 | dados=1 | lote_max=120000
2026-05-22 15:37:18,763 | INFO | MainProcess | GPU lote inicio | lote=5000 | restante_antes=5000
2026-05-22 15:37:18,768 | INFO | MainProcess | Progreso GPU (AMBAS) | 5000/10000 (50.00%)
2026-05-22 15:37:18,768 | INFO | MainProcess | GPU progreso | lote=5000 | restante=0
2026-05-22 15:37:18,768 | INFO | MainProcess | GPU fin | experimentos=5000
2026-05-22 15:37:18,768 | INFO | MainProcess | Generar masivos | experimentos=5000 | dados=1 | trabajadores=1
2026-05-22 15:37:18,769 | INFO | MainProcess | Progreso CPU (AMBAS) | 5500/10000 (55.00%)
2026-05-22 15:37:18,769 | INFO | MainProcess | Progreso CPU (AMBAS) | 6000/10000 (60.00%)
2026-05-22 15:37:18,770 | INFO | MainProcess | Progreso CPU (AMBAS) | 6500/10000 (65.00%)
2026-05-22 15:37:18,770 | INFO | MainProcess | Progreso CPU (AMBAS) | 7000/10000 (70.00%)
2026-05-22 15:37:18,771 | INFO | MainProcess | Progreso CPU (AMBAS) | 7500/10000 (75.00%)
2026-05-22 15:37:18,771 | INFO | MainProcess | Progreso CPU (AMBAS) | 8000/10000 (80.00%)
2026-05-22 15:37:18,772 | INFO | MainProcess | Progreso CPU (AMBAS) | 8500/10000 (85.00%)
2026-05-22 15:37:18,772 | INFO | MainProcess | Progreso CPU (AMBAS) | 9000/10000 (90.00%)
2026-05-22 15:37:18,772 | INFO | MainProcess | Progreso CPU (AMBAS) | 9500/10000 (95.00%)
2026-05-22 15:37:18,773 | INFO | MainProcess | Progreso CPU (AMBAS) | 10000/10000 (100.00%)
2026-05-22 15:37:23,383 | INFO | MainProcess | Lanzar N | N=100000 | dados=1 | modo_solicitado=AMBAS | modo_real=AMBAS | trabajadores=16
2026-05-22 15:37:23,384 | INFO | MainProcess | GPU inicio | experimentos=50000 | dados=1 | lote_max=120000
2026-05-22 15:37:23,385 | INFO | MainProcess | GPU lote inicio | lote=50000 | restante_antes=50000
2026-05-22 15:37:23,412 | INFO | MainProcess | Progreso GPU (AMBAS) | 50000/100000 (50.00%)
2026-05-22 15:37:23,412 | INFO | MainProcess | GPU progreso | lote=50000 | restante=0
2026-05-22 15:37:23,412 | INFO | MainProcess | GPU fin | experimentos=50000
2026-05-22 15:37:23,412 | INFO | MainProcess | Generar masivos | experimentos=50000 | dados=1 | trabajadores=16
2026-05-22 15:37:23,490 | INFO | ForkProcess-1 | [CPU worker] inicio lote: experimentos=10000, dados=1, pid=180663
2026-05-22 15:37:23,490 | INFO | ForkProcess-3 | [CPU worker] inicio lote: experimentos=10000, dados=1, pid=180665
2026-05-22 15:37:23,490 | INFO | ForkProcess-4 | [CPU worker] inicio lote: experimentos=10000, dados=1, pid=180666
2026-05-22 15:37:23,490 | INFO | ForkProcess-5 | [CPU worker] inicio lote: experimentos=10000, dados=1, pid=180667
2026-05-22 15:37:23,490 | INFO | ForkProcess-2 | [CPU worker] inicio lote: experimentos=10000, dados=1, pid=180664
2026-05-22 15:37:23,500 | INFO | ForkProcess-1 | [CPU worker] fin lote: experimentos=10000, pid=180663
2026-05-22 15:37:23,500 | INFO | ForkProcess-4 | [CPU worker] fin lote: experimentos=10000, pid=180666
2026-05-22 15:37:23,501 | INFO | ForkProcess-5 | [CPU worker] fin lote: experimentos=10000, pid=180667
2026-05-22 15:37:23,501 | INFO | MainProcess | Progreso CPU (AMBAS) | 60000/100000 (60.00%)
2026-05-22 15:37:23,501 | INFO | ForkProcess-3 | [CPU worker] fin lote: experimentos=10000, pid=180665
2026-05-22 15:37:23,501 | INFO | MainProcess | CPU paralelo progreso | trabajo=1/5
2026-05-22 15:37:23,502 | INFO | ForkProcess-2 | [CPU worker] fin lote: experimentos=10000, pid=180664
2026-05-22 15:37:23,502 | INFO | MainProcess | Progreso CPU (AMBAS) | 70000/100000 (70.00%)
2026-05-22 15:37:23,502 | INFO | MainProcess | CPU paralelo progreso | trabajo=2/5
2026-05-22 15:37:23,502 | INFO | MainProcess | Progreso CPU (AMBAS) | 80000/100000 (80.00%)
2026-05-22 15:37:23,502 | INFO | MainProcess | CPU paralelo progreso | trabajo=3/5
2026-05-22 15:37:23,502 | INFO | MainProcess | Progreso CPU (AMBAS) | 90000/100000 (90.00%)
2026-05-22 15:37:23,502 | INFO | MainProcess | CPU paralelo progreso | trabajo=4/5
2026-05-22 15:37:23,502 | INFO | MainProcess | Progreso CPU (AMBAS) | 100000/100000 (100.00%)
2026-05-22 15:37:23,502 | INFO | MainProcess | CPU paralelo progreso | trabajo=5/5
2026-05-22 15:37:56,208 | INFO | MainProcess | Lanzar N | N=1000000 | dados=1 | modo_solicitado=AMBAS | modo_real=AMBAS | trabajadores=16
2026-05-22 15:37:56,209 | INFO | MainProcess | GPU inicio | experimentos=500000 | dados=1 | lote_max=120000
2026-05-22 15:37:56,210 | INFO | MainProcess | GPU lote inicio | lote=120000 | restante_antes=500000
2026-05-22 15:37:56,286 | INFO | MainProcess | Progreso GPU (AMBAS) | 120000/1000000 (12.00%)
2026-05-22 15:37:56,286 | INFO | MainProcess | GPU progreso | lote=120000 | restante=380000
2026-05-22 15:37:56,286 | INFO | MainProcess | GPU lote inicio | lote=120000 | restante_antes=380000
2026-05-22 15:37:56,347 | INFO | MainProcess | Progreso GPU (AMBAS) | 240000/1000000 (24.00%)
2026-05-22 15:37:56,348 | INFO | MainProcess | GPU progreso | lote=120000 | restante=260000
2026-05-22 15:37:56,348 | INFO | MainProcess | GPU lote inicio | lote=120000 | restante_antes=260000
2026-05-22 15:37:56,409 | INFO | MainProcess | Progreso GPU (AMBAS) | 360000/1000000 (36.00%)
2026-05-22 15:37:56,409 | INFO | MainProcess | GPU progreso | lote=120000 | restante=140000
2026-05-22 15:37:56,409 | INFO | MainProcess | GPU lote inicio | lote=120000 | restante_antes=140000
2026-05-22 15:37:56,470 | INFO | MainProcess | Progreso GPU (AMBAS) | 480000/1000000 (48.00%)
2026-05-22 15:37:56,470 | INFO | MainProcess | GPU progreso | lote=120000 | restante=20000
2026-05-22 15:37:56,470 | INFO | MainProcess | GPU lote inicio | lote=20000 | restante_antes=20000
2026-05-22 15:37:56,481 | INFO | MainProcess | Progreso GPU (AMBAS) | 500000/1000000 (50.00%)
2026-05-22 15:37:56,482 | INFO | MainProcess | GPU progreso | lote=20000 | restante=0
2026-05-22 15:37:56,482 | INFO | MainProcess | GPU fin | experimentos=500000
2026-05-22 15:37:56,482 | INFO | MainProcess | Generar masivos | experimentos=500000 | dados=1 | trabajadores=16
2026-05-22 15:37:56,550 | INFO | ForkProcess-20 | [CPU worker] inicio lote: experimentos=31250, dados=1, pid=181341
2026-05-22 15:37:56,550 | INFO | ForkProcess-19 | [CPU worker] inicio lote: experimentos=31250, dados=1, pid=181340
2026-05-22 15:37:56,550 | INFO | ForkProcess-17 | [CPU worker] inicio lote: experimentos=31250, dados=1, pid=181338
2026-05-22 15:37:56,551 | INFO | ForkProcess-18 | [CPU worker] inicio lote: experimentos=31250, dados=1, pid=181339
2026-05-22 15:37:56,551 | INFO | ForkProcess-23 | [CPU worker] inicio lote: experimentos=31250, dados=1, pid=181344
2026-05-22 15:37:56,551 | INFO | ForkProcess-22 | [CPU worker] inicio lote: experimentos=31250, dados=1, pid=181343
2026-05-22 15:37:56,551 | INFO | ForkProcess-21 | [CPU worker] inicio lote: experimentos=31250, dados=1, pid=181342
2026-05-22 15:37:56,551 | INFO | ForkProcess-24 | [CPU worker] inicio lote: experimentos=31250, dados=1, pid=181345
2026-05-22 15:37:56,551 | INFO | ForkProcess-26 | [CPU worker] inicio lote: experimentos=31250, dados=1, pid=181347
2026-05-22 15:37:56,551 | INFO | ForkProcess-25 | [CPU worker] inicio lote: experimentos=31250, dados=1, pid=181346
2026-05-22 15:37:56,552 | INFO | ForkProcess-27 | [CPU worker] inicio lote: experimentos=31250, dados=1, pid=181348
2026-05-22 15:37:56,552 | INFO | ForkProcess-28 | [CPU worker] inicio lote: experimentos=31250, dados=1, pid=181349
2026-05-22 15:37:56,552 | INFO | ForkProcess-29 | [CPU worker] inicio lote: experimentos=31250, dados=1, pid=181350
2026-05-22 15:37:56,552 | INFO | ForkProcess-30 | [CPU worker] inicio lote: experimentos=31250, dados=1, pid=181351
2026-05-22 15:37:56,552 | INFO | ForkProcess-31 | [CPU worker] inicio lote: experimentos=31250, dados=1, pid=181352
2026-05-22 15:37:56,553 | INFO | ForkProcess-32 | [CPU worker] inicio lote: experimentos=31250, dados=1, pid=181353
2026-05-22 15:37:56,606 | INFO | ForkProcess-17 | [CPU worker] fin lote: experimentos=31250, pid=181338
2026-05-22 15:37:56,606 | INFO | ForkProcess-18 | [CPU worker] fin lote: experimentos=31250, pid=181339
2026-05-22 15:37:56,606 | INFO | ForkProcess-23 | [CPU worker] fin lote: experimentos=31250, pid=181344
2026-05-22 15:37:56,606 | INFO | ForkProcess-19 | [CPU worker] fin lote: experimentos=31250, pid=181340
2026-05-22 15:37:56,606 | INFO | ForkProcess-20 | [CPU worker] fin lote: experimentos=31250, pid=181341
2026-05-22 15:37:56,607 | INFO | ForkProcess-28 | [CPU worker] fin lote: experimentos=31250, pid=181349
2026-05-22 15:37:56,607 | INFO | ForkProcess-24 | [CPU worker] fin lote: experimentos=31250, pid=181345
2026-05-22 15:37:56,607 | INFO | ForkProcess-31 | [CPU worker] fin lote: experimentos=31250, pid=181352
2026-05-22 15:37:56,607 | INFO | ForkProcess-29 | [CPU worker] fin lote: experimentos=31250, pid=181350
2026-05-22 15:37:56,607 | INFO | MainProcess | CPU paralelo progreso | trabajo=1/16
2026-05-22 15:37:56,608 | INFO | MainProcess | Progreso CPU (AMBAS) | 562500/1000000 (56.25%)
2026-05-22 15:37:56,608 | INFO | MainProcess | CPU paralelo progreso | trabajo=3/16
2026-05-22 15:37:56,608 | INFO | MainProcess | Progreso CPU (AMBAS) | 625000/1000000 (62.50%)
2026-05-22 15:37:56,608 | INFO | ForkProcess-27 | [CPU worker] fin lote: experimentos=31250, pid=181348
2026-05-22 15:37:56,608 | INFO | ForkProcess-26 | [CPU worker] fin lote: experimentos=31250, pid=181347
2026-05-22 15:37:56,608 | INFO | ForkProcess-32 | [CPU worker] fin lote: experimentos=31250, pid=181353
2026-05-22 15:37:56,608 | INFO | ForkProcess-22 | [CPU worker] fin lote: experimentos=31250, pid=181343
2026-05-22 15:37:56,610 | INFO | ForkProcess-21 | [CPU worker] fin lote: experimentos=31250, pid=181342
2026-05-22 15:37:56,610 | INFO | ForkProcess-30 | [CPU worker] fin lote: experimentos=31250, pid=181351
2026-05-22 15:37:56,610 | INFO | MainProcess | Progreso CPU (AMBAS) | 656250/1000000 (65.62%)
2026-05-22 15:37:56,611 | INFO | MainProcess | CPU paralelo progreso | trabajo=6/16
2026-05-22 15:37:56,611 | INFO | MainProcess | Progreso CPU (AMBAS) | 718750/1000000 (71.88%)
2026-05-22 15:37:56,611 | INFO | MainProcess | Progreso CPU (AMBAS) | 750000/1000000 (75.00%)
2026-05-22 15:37:56,612 | INFO | ForkProcess-25 | [CPU worker] fin lote: experimentos=31250, pid=181346
2026-05-22 15:37:56,612 | INFO | MainProcess | CPU paralelo progreso | trabajo=9/16
2026-05-22 15:37:56,613 | INFO | MainProcess | Progreso CPU (AMBAS) | 812500/1000000 (81.25%)
2026-05-22 15:37:56,613 | INFO | MainProcess | Progreso CPU (AMBAS) | 875000/1000000 (87.50%)
2026-05-22 15:37:56,613 | INFO | MainProcess | CPU paralelo progreso | trabajo=12/16
2026-05-22 15:37:56,613 | INFO | MainProcess | Progreso CPU (AMBAS) | 906250/1000000 (90.62%)
2026-05-22 15:37:56,613 | INFO | MainProcess | Progreso CPU (AMBAS) | 968750/1000000 (96.88%)
2026-05-22 15:37:56,613 | INFO | MainProcess | CPU paralelo progreso | trabajo=15/16
2026-05-22 15:37:56,613 | INFO | MainProcess | Progreso CPU (AMBAS) | 1000000/1000000 (100.00%)
2026-05-22 15:37:56,613 | INFO | MainProcess | CPU paralelo progreso | trabajo=16/16
2026-05-22 15:37:59,230 | INFO | MainProcess | Lanzar N | N=1000000 | dados=1 | modo_solicitado=AMBAS | modo_real=AMBAS | trabajadores=16
2026-05-22 15:37:59,232 | INFO | MainProcess | GPU inicio | experimentos=500000 | dados=1 | lote_max=120000
2026-05-22 15:37:59,232 | INFO | MainProcess | GPU lote inicio | lote=120000 | restante_antes=500000
2026-05-22 15:37:59,295 | INFO | MainProcess | Progreso GPU (AMBAS) | 120000/1000000 (12.00%)
2026-05-22 15:37:59,295 | INFO | MainProcess | GPU progreso | lote=120000 | restante=380000
2026-05-22 15:37:59,295 | INFO | MainProcess | GPU lote inicio | lote=120000 | restante_antes=380000
2026-05-22 15:37:59,360 | INFO | MainProcess | Progreso GPU (AMBAS) | 240000/1000000 (24.00%)
2026-05-22 15:37:59,360 | INFO | MainProcess | GPU progreso | lote=120000 | restante=260000
2026-05-22 15:37:59,361 | INFO | MainProcess | GPU lote inicio | lote=120000 | restante_antes=260000
2026-05-22 15:37:59,422 | INFO | MainProcess | Progreso GPU (AMBAS) | 360000/1000000 (36.00%)
2026-05-22 15:37:59,423 | INFO | MainProcess | GPU progreso | lote=120000 | restante=140000
2026-05-22 15:37:59,423 | INFO | MainProcess | GPU lote inicio | lote=120000 | restante_antes=140000
2026-05-22 15:37:59,482 | INFO | MainProcess | Progreso GPU (AMBAS) | 480000/1000000 (48.00%)
2026-05-22 15:37:59,483 | INFO | MainProcess | GPU progreso | lote=120000 | restante=20000
2026-05-22 15:37:59,483 | INFO | MainProcess | GPU lote inicio | lote=20000 | restante_antes=20000
2026-05-22 15:37:59,494 | INFO | MainProcess | Progreso GPU (AMBAS) | 500000/1000000 (50.00%)
2026-05-22 15:37:59,495 | INFO | MainProcess | GPU progreso | lote=20000 | restante=0
2026-05-22 15:37:59,495 | INFO | MainProcess | GPU fin | experimentos=500000
2026-05-22 15:37:59,495 | INFO | MainProcess | Generar masivos | experimentos=500000 | dados=1 | trabajadores=16
2026-05-22 15:37:59,572 | INFO | ForkProcess-33 | [CPU worker] inicio lote: experimentos=31250, dados=1, pid=181421
2026-05-22 15:37:59,572 | INFO | ForkProcess-34 | [CPU worker] inicio lote: experimentos=31250, dados=1, pid=181422
2026-05-22 15:37:59,572 | INFO | ForkProcess-36 | [CPU worker] inicio lote: experimentos=31250, dados=1, pid=181424
2026-05-22 15:37:59,572 | INFO | ForkProcess-35 | [CPU worker] inicio lote: experimentos=31250, dados=1, pid=181423
2026-05-22 15:37:59,573 | INFO | ForkProcess-39 | [CPU worker] inicio lote: experimentos=31250, dados=1, pid=181427
2026-05-22 15:37:59,573 | INFO | ForkProcess-40 | [CPU worker] inicio lote: experimentos=31250, dados=1, pid=181428
2026-05-22 15:37:59,573 | INFO | ForkProcess-37 | [CPU worker] inicio lote: experimentos=31250, dados=1, pid=181425
2026-05-22 15:37:59,573 | INFO | ForkProcess-38 | [CPU worker] inicio lote: experimentos=31250, dados=1, pid=181426
2026-05-22 15:37:59,573 | INFO | ForkProcess-42 | [CPU worker] inicio lote: experimentos=31250, dados=1, pid=181430
2026-05-22 15:37:59,573 | INFO | ForkProcess-43 | [CPU worker] inicio lote: experimentos=31250, dados=1, pid=181431
2026-05-22 15:37:59,573 | INFO | ForkProcess-46 | [CPU worker] inicio lote: experimentos=31250, dados=1, pid=181434
2026-05-22 15:37:59,574 | INFO | ForkProcess-47 | [CPU worker] inicio lote: experimentos=31250, dados=1, pid=181435
2026-05-22 15:37:59,573 | INFO | ForkProcess-41 | [CPU worker] inicio lote: experimentos=31250, dados=1, pid=181429
2026-05-22 15:37:59,573 | INFO | ForkProcess-44 | [CPU worker] inicio lote: experimentos=31250, dados=1, pid=181432
2026-05-22 15:37:59,573 | INFO | ForkProcess-45 | [CPU worker] inicio lote: experimentos=31250, dados=1, pid=181433
2026-05-22 15:37:59,574 | INFO | ForkProcess-48 | [CPU worker] inicio lote: experimentos=31250, dados=1, pid=181436
2026-05-22 15:37:59,625 | INFO | ForkProcess-43 | [CPU worker] fin lote: experimentos=31250, pid=181431
2026-05-22 15:37:59,629 | INFO | ForkProcess-36 | [CPU worker] fin lote: experimentos=31250, pid=181424
2026-05-22 15:37:59,629 | INFO | ForkProcess-37 | [CPU worker] fin lote: experimentos=31250, pid=181425
2026-05-22 15:37:59,629 | INFO | ForkProcess-42 | [CPU worker] fin lote: experimentos=31250, pid=181430
2026-05-22 15:37:59,629 | INFO | ForkProcess-35 | [CPU worker] fin lote: experimentos=31250, pid=181423
2026-05-22 15:37:59,629 | INFO | ForkProcess-40 | [CPU worker] fin lote: experimentos=31250, pid=181428
2026-05-22 15:37:59,630 | INFO | ForkProcess-39 | [CPU worker] fin lote: experimentos=31250, pid=181427
2026-05-22 15:37:59,630 | INFO | ForkProcess-47 | [CPU worker] fin lote: experimentos=31250, pid=181435
2026-05-22 15:37:59,630 | INFO | ForkProcess-41 | [CPU worker] fin lote: experimentos=31250, pid=181429
2026-05-22 15:37:59,630 | INFO | ForkProcess-33 | [CPU worker] fin lote: experimentos=31250, pid=181421
2026-05-22 15:37:59,631 | INFO | ForkProcess-34 | [CPU worker] fin lote: experimentos=31250, pid=181422
2026-05-22 15:37:59,631 | INFO | MainProcess | CPU paralelo progreso | trabajo=1/16
2026-05-22 15:37:59,631 | INFO | MainProcess | Progreso CPU (AMBAS) | 562500/1000000 (56.25%)
2026-05-22 15:37:59,631 | INFO | MainProcess | CPU paralelo progreso | trabajo=3/16
2026-05-22 15:37:59,631 | INFO | MainProcess | Progreso CPU (AMBAS) | 625000/1000000 (62.50%)
2026-05-22 15:37:59,632 | INFO | MainProcess | Progreso CPU (AMBAS) | 656250/1000000 (65.62%)
2026-05-22 15:37:59,632 | INFO | ForkProcess-45 | [CPU worker] fin lote: experimentos=31250, pid=181433
2026-05-22 15:37:59,632 | INFO | ForkProcess-46 | [CPU worker] fin lote: experimentos=31250, pid=181434
2026-05-22 15:37:59,634 | INFO | ForkProcess-38 | [CPU worker] fin lote: experimentos=31250, pid=181426
2026-05-22 15:37:59,635 | INFO | MainProcess | CPU paralelo progreso | trabajo=6/16
2026-05-22 15:37:59,635 | INFO | MainProcess | Progreso CPU (AMBAS) | 718750/1000000 (71.88%)
2026-05-22 15:37:59,635 | INFO | MainProcess | Progreso CPU (AMBAS) | 750000/1000000 (75.00%)
2026-05-22 15:37:59,635 | INFO | MainProcess | CPU paralelo progreso | trabajo=9/16
2026-05-22 15:37:59,635 | INFO | MainProcess | Progreso CPU (AMBAS) | 812500/1000000 (81.25%)
2026-05-22 15:37:59,646 | INFO | ForkProcess-48 | [CPU worker] fin lote: experimentos=31250, pid=181436
2026-05-22 15:37:59,647 | INFO | ForkProcess-44 | [CPU worker] fin lote: experimentos=31250, pid=181432
2026-05-22 15:37:59,648 | INFO | MainProcess | Progreso CPU (AMBAS) | 875000/1000000 (87.50%)
2026-05-22 15:37:59,648 | INFO | MainProcess | CPU paralelo progreso | trabajo=12/16
2026-05-22 15:37:59,648 | INFO | MainProcess | Progreso CPU (AMBAS) | 906250/1000000 (90.62%)
2026-05-22 15:37:59,648 | INFO | MainProcess | Progreso CPU (AMBAS) | 968750/1000000 (96.88%)
2026-05-22 15:37:59,648 | INFO | MainProcess | CPU paralelo progreso | trabajo=15/16
2026-05-22 15:37:59,648 | INFO | MainProcess | Progreso CPU (AMBAS) | 1000000/1000000 (100.00%)
2026-05-22 15:37:59,648 | INFO | MainProcess | CPU paralelo progreso | trabajo=16/16
2026-05-22 15:38:16,789 | INFO | MainProcess | Lanzar N | N=1000000 | dados=1 | modo_solicitado=AMBAS | modo_real=AMBAS | trabajadores=16
2026-05-22 15:38:16,790 | INFO | MainProcess | GPU inicio | experimentos=500000 | dados=1 | lote_max=120000
2026-05-22 15:38:16,790 | INFO | MainProcess | GPU lote inicio | lote=120000 | restante_antes=500000
2026-05-22 15:38:16,862 | INFO | MainProcess | Progreso GPU (AMBAS) | 120000/1000000 (12.00%)
2026-05-22 15:38:16,862 | INFO | MainProcess | GPU progreso | lote=120000 | restante=380000
2026-05-22 15:38:16,862 | INFO | MainProcess | GPU lote inicio | lote=120000 | restante_antes=380000
2026-05-22 15:38:16,927 | INFO | MainProcess | Progreso GPU (AMBAS) | 240000/1000000 (24.00%)
2026-05-22 15:38:16,927 | INFO | MainProcess | GPU progreso | lote=120000 | restante=260000
2026-05-22 15:38:16,927 | INFO | MainProcess | GPU lote inicio | lote=120000 | restante_antes=260000
2026-05-22 15:38:16,991 | INFO | MainProcess | Progreso GPU (AMBAS) | 360000/1000000 (36.00%)
2026-05-22 15:38:16,991 | INFO | MainProcess | GPU progreso | lote=120000 | restante=140000
2026-05-22 15:38:16,991 | INFO | MainProcess | GPU lote inicio | lote=120000 | restante_antes=140000
2026-05-22 15:38:17,055 | INFO | MainProcess | Progreso GPU (AMBAS) | 480000/1000000 (48.00%)
2026-05-22 15:38:17,055 | INFO | MainProcess | GPU progreso | lote=120000 | restante=20000
2026-05-22 15:38:17,055 | INFO | MainProcess | GPU lote inicio | lote=20000 | restante_antes=20000
2026-05-22 15:38:17,067 | INFO | MainProcess | Progreso GPU (AMBAS) | 500000/1000000 (50.00%)
2026-05-22 15:38:17,067 | INFO | MainProcess | GPU progreso | lote=20000 | restante=0
2026-05-22 15:38:17,067 | INFO | MainProcess | GPU fin | experimentos=500000
2026-05-22 15:38:17,067 | INFO | MainProcess | Generar masivos | experimentos=500000 | dados=1 | trabajadores=16
2026-05-22 15:38:17,145 | INFO | ForkProcess-49 | [CPU worker] inicio lote: experimentos=31250, dados=1, pid=181799
2026-05-22 15:38:17,145 | INFO | ForkProcess-50 | [CPU worker] inicio lote: experimentos=31250, dados=1, pid=181800
2026-05-22 15:38:17,146 | INFO | ForkProcess-51 | [CPU worker] inicio lote: experimentos=31250, dados=1, pid=181801
2026-05-22 15:38:17,146 | INFO | ForkProcess-52 | [CPU worker] inicio lote: experimentos=31250, dados=1, pid=181802
2026-05-22 15:38:17,146 | INFO | ForkProcess-54 | [CPU worker] inicio lote: experimentos=31250, dados=1, pid=181804
2026-05-22 15:38:17,146 | INFO | ForkProcess-53 | [CPU worker] inicio lote: experimentos=31250, dados=1, pid=181803
2026-05-22 15:38:17,146 | INFO | ForkProcess-56 | [CPU worker] inicio lote: experimentos=31250, dados=1, pid=181806
2026-05-22 15:38:17,146 | INFO | ForkProcess-57 | [CPU worker] inicio lote: experimentos=31250, dados=1, pid=181807
2026-05-22 15:38:17,146 | INFO | ForkProcess-59 | [CPU worker] inicio lote: experimentos=31250, dados=1, pid=181809
2026-05-22 15:38:17,146 | INFO | ForkProcess-60 | [CPU worker] inicio lote: experimentos=31250, dados=1, pid=181810
2026-05-22 15:38:17,146 | INFO | ForkProcess-55 | [CPU worker] inicio lote: experimentos=31250, dados=1, pid=181805
2026-05-22 15:38:17,146 | INFO | ForkProcess-58 | [CPU worker] inicio lote: experimentos=31250, dados=1, pid=181808
2026-05-22 15:38:17,147 | INFO | ForkProcess-62 | [CPU worker] inicio lote: experimentos=31250, dados=1, pid=181812
2026-05-22 15:38:17,147 | INFO | ForkProcess-64 | [CPU worker] inicio lote: experimentos=31250, dados=1, pid=181814
2026-05-22 15:38:17,146 | INFO | ForkProcess-61 | [CPU worker] inicio lote: experimentos=31250, dados=1, pid=181811
2026-05-22 15:38:17,147 | INFO | ForkProcess-63 | [CPU worker] inicio lote: experimentos=31250, dados=1, pid=181813
2026-05-22 15:38:17,201 | INFO | ForkProcess-55 | [CPU worker] fin lote: experimentos=31250, pid=181805
2026-05-22 15:38:17,201 | INFO | ForkProcess-56 | [CPU worker] fin lote: experimentos=31250, pid=181806
2026-05-22 15:38:17,202 | INFO | ForkProcess-54 | [CPU worker] fin lote: experimentos=31250, pid=181804
2026-05-22 15:38:17,202 | INFO | ForkProcess-52 | [CPU worker] fin lote: experimentos=31250, pid=181802
2026-05-22 15:38:17,202 | INFO | ForkProcess-49 | [CPU worker] fin lote: experimentos=31250, pid=181799
2026-05-22 15:38:17,202 | INFO | ForkProcess-53 | [CPU worker] fin lote: experimentos=31250, pid=181803
2026-05-22 15:38:17,202 | INFO | ForkProcess-62 | [CPU worker] fin lote: experimentos=31250, pid=181812
2026-05-22 15:38:17,203 | INFO | MainProcess | CPU paralelo progreso | trabajo=1/16
2026-05-22 15:38:17,204 | INFO | ForkProcess-51 | [CPU worker] fin lote: experimentos=31250, pid=181801
2026-05-22 15:38:17,204 | INFO | ForkProcess-59 | [CPU worker] fin lote: experimentos=31250, pid=181809
2026-05-22 15:38:17,208 | INFO | ForkProcess-50 | [CPU worker] fin lote: experimentos=31250, pid=181800
2026-05-22 15:38:17,208 | INFO | ForkProcess-64 | [CPU worker] fin lote: experimentos=31250, pid=181814
2026-05-22 15:38:17,209 | INFO | ForkProcess-60 | [CPU worker] fin lote: experimentos=31250, pid=181810
2026-05-22 15:38:17,209 | INFO | MainProcess | Progreso CPU (AMBAS) | 562500/1000000 (56.25%)
2026-05-22 15:38:17,209 | INFO | MainProcess | CPU paralelo progreso | trabajo=3/16
2026-05-22 15:38:17,209 | INFO | MainProcess | Progreso CPU (AMBAS) | 625000/1000000 (62.50%)
2026-05-22 15:38:17,209 | INFO | MainProcess | Progreso CPU (AMBAS) | 656250/1000000 (65.62%)
2026-05-22 15:38:17,209 | INFO | MainProcess | CPU paralelo progreso | trabajo=6/16
2026-05-22 15:38:17,209 | INFO | MainProcess | Progreso CPU (AMBAS) | 718750/1000000 (71.88%)
2026-05-22 15:38:17,210 | INFO | MainProcess | Progreso CPU (AMBAS) | 750000/1000000 (75.00%)
2026-05-22 15:38:17,212 | INFO | ForkProcess-57 | [CPU worker] fin lote: experimentos=31250, pid=181807
2026-05-22 15:38:17,212 | INFO | MainProcess | CPU paralelo progreso | trabajo=9/16
2026-05-22 15:38:17,214 | INFO | ForkProcess-63 | [CPU worker] fin lote: experimentos=31250, pid=181813
2026-05-22 15:38:17,218 | INFO | ForkProcess-58 | [CPU worker] fin lote: experimentos=31250, pid=181808
2026-05-22 15:38:17,219 | INFO | MainProcess | Progreso CPU (AMBAS) | 812500/1000000 (81.25%)
2026-05-22 15:38:17,219 | INFO | MainProcess | Progreso CPU (AMBAS) | 875000/1000000 (87.50%)
2026-05-22 15:38:17,219 | INFO | MainProcess | CPU paralelo progreso | trabajo=12/16
2026-05-22 15:38:17,221 | INFO | ForkProcess-61 | [CPU worker] fin lote: experimentos=31250, pid=181811
2026-05-22 15:38:17,221 | INFO | MainProcess | Progreso CPU (AMBAS) | 906250/1000000 (90.62%)
2026-05-22 15:38:17,222 | INFO | MainProcess | Progreso CPU (AMBAS) | 968750/1000000 (96.88%)
2026-05-22 15:38:17,222 | INFO | MainProcess | CPU paralelo progreso | trabajo=15/16
2026-05-22 15:38:17,222 | INFO | MainProcess | Progreso CPU (AMBAS) | 1000000/1000000 (100.00%)
2026-05-22 15:38:17,222 | INFO | MainProcess | CPU paralelo progreso | trabajo=16/16
2026-05-22 15:38:19,909 | INFO | MainProcess | Lanzar N | N=1000000 | dados=1 | modo_solicitado=AMBAS | modo_real=AMBAS | trabajadores=16
2026-05-22 15:38:19,909 | INFO | MainProcess | GPU inicio | experimentos=500000 | dados=1 | lote_max=120000
2026-05-22 15:38:19,909 | INFO | MainProcess | GPU lote inicio | lote=120000 | restante_antes=500000
2026-05-22 15:38:19,971 | INFO | MainProcess | Progreso GPU (AMBAS) | 120000/1000000 (12.00%)
2026-05-22 15:38:19,971 | INFO | MainProcess | GPU progreso | lote=120000 | restante=380000
2026-05-22 15:38:19,971 | INFO | MainProcess | GPU lote inicio | lote=120000 | restante_antes=380000
2026-05-22 15:38:20,031 | INFO | MainProcess | Progreso GPU (AMBAS) | 240000/1000000 (24.00%)
2026-05-22 15:38:20,032 | INFO | MainProcess | GPU progreso | lote=120000 | restante=260000
2026-05-22 15:38:20,032 | INFO | MainProcess | GPU lote inicio | lote=120000 | restante_antes=260000
2026-05-22 15:38:20,092 | INFO | MainProcess | Progreso GPU (AMBAS) | 360000/1000000 (36.00%)
2026-05-22 15:38:20,092 | INFO | MainProcess | GPU progreso | lote=120000 | restante=140000
2026-05-22 15:38:20,092 | INFO | MainProcess | GPU lote inicio | lote=120000 | restante_antes=140000
2026-05-22 15:38:20,152 | INFO | MainProcess | Progreso GPU (AMBAS) | 480000/1000000 (48.00%)
2026-05-22 15:38:20,152 | INFO | MainProcess | GPU progreso | lote=120000 | restante=20000
2026-05-22 15:38:20,153 | INFO | MainProcess | GPU lote inicio | lote=20000 | restante_antes=20000
2026-05-22 15:38:20,163 | INFO | MainProcess | Progreso GPU (AMBAS) | 500000/1000000 (50.00%)
2026-05-22 15:38:20,163 | INFO | MainProcess | GPU progreso | lote=20000 | restante=0
2026-05-22 15:38:20,163 | INFO | MainProcess | GPU fin | experimentos=500000
2026-05-22 15:38:20,163 | INFO | MainProcess | Generar masivos | experimentos=500000 | dados=1 | trabajadores=16
2026-05-22 15:38:20,232 | INFO | ForkProcess-65 | [CPU worker] inicio lote: experimentos=31250, dados=1, pid=181879
2026-05-22 15:38:20,246 | INFO | ForkProcess-66 | [CPU worker] inicio lote: experimentos=31250, dados=1, pid=181880
2026-05-22 15:38:20,246 | INFO | ForkProcess-68 | [CPU worker] inicio lote: experimentos=31250, dados=1, pid=181882
2026-05-22 15:38:20,246 | INFO | ForkProcess-69 | [CPU worker] inicio lote: experimentos=31250, dados=1, pid=181883
2026-05-22 15:38:20,246 | INFO | ForkProcess-70 | [CPU worker] inicio lote: experimentos=31250, dados=1, pid=181884
2026-05-22 15:38:20,246 | INFO | ForkProcess-67 | [CPU worker] inicio lote: experimentos=31250, dados=1, pid=181881
2026-05-22 15:38:20,247 | INFO | ForkProcess-72 | [CPU worker] inicio lote: experimentos=31250, dados=1, pid=181886
2026-05-22 15:38:20,247 | INFO | ForkProcess-78 | [CPU worker] inicio lote: experimentos=31250, dados=1, pid=181892
2026-05-22 15:38:20,247 | INFO | ForkProcess-73 | [CPU worker] inicio lote: experimentos=31250, dados=1, pid=181887
2026-05-22 15:38:20,247 | INFO | ForkProcess-74 | [CPU worker] inicio lote: experimentos=31250, dados=1, pid=181888
2026-05-22 15:38:20,247 | INFO | ForkProcess-75 | [CPU worker] inicio lote: experimentos=31250, dados=1, pid=181889
2026-05-22 15:38:20,247 | INFO | ForkProcess-71 | [CPU worker] inicio lote: experimentos=31250, dados=1, pid=181885
2026-05-22 15:38:20,247 | INFO | ForkProcess-76 | [CPU worker] inicio lote: experimentos=31250, dados=1, pid=181890
2026-05-22 15:38:20,247 | INFO | ForkProcess-77 | [CPU worker] inicio lote: experimentos=31250, dados=1, pid=181891
2026-05-22 15:38:20,248 | INFO | ForkProcess-80 | [CPU worker] inicio lote: experimentos=31250, dados=1, pid=181894
2026-05-22 15:38:20,248 | INFO | ForkProcess-79 | [CPU worker] inicio lote: experimentos=31250, dados=1, pid=181893
2026-05-22 15:38:20,276 | INFO | ForkProcess-65 | [CPU worker] fin lote: experimentos=31250, pid=181879
2026-05-22 15:38:20,280 | INFO | MainProcess | CPU paralelo progreso | trabajo=1/16
2026-05-22 15:38:20,298 | INFO | ForkProcess-71 | [CPU worker] fin lote: experimentos=31250, pid=181885
2026-05-22 15:38:20,299 | INFO | ForkProcess-67 | [CPU worker] fin lote: experimentos=31250, pid=181881
2026-05-22 15:38:20,301 | INFO | ForkProcess-70 | [CPU worker] fin lote: experimentos=31250, pid=181884
2026-05-22 15:38:20,302 | INFO | ForkProcess-69 | [CPU worker] fin lote: experimentos=31250, pid=181883
2026-05-22 15:38:20,303 | INFO | ForkProcess-66 | [CPU worker] fin lote: experimentos=31250, pid=181880
2026-05-22 15:38:20,303 | INFO | MainProcess | Progreso CPU (AMBAS) | 562500/1000000 (56.25%)
2026-05-22 15:38:20,304 | INFO | MainProcess | CPU paralelo progreso | trabajo=3/16
2026-05-22 15:38:20,304 | INFO | ForkProcess-75 | [CPU worker] fin lote: experimentos=31250, pid=181889
2026-05-22 15:38:20,304 | INFO | ForkProcess-76 | [CPU worker] fin lote: experimentos=31250, pid=181890
2026-05-22 15:38:20,304 | INFO | ForkProcess-74 | [CPU worker] fin lote: experimentos=31250, pid=181888
2026-05-22 15:38:20,305 | INFO | ForkProcess-77 | [CPU worker] fin lote: experimentos=31250, pid=181891
2026-05-22 15:38:20,306 | INFO | ForkProcess-72 | [CPU worker] fin lote: experimentos=31250, pid=181886
2026-05-22 15:38:20,307 | INFO | ForkProcess-78 | [CPU worker] fin lote: experimentos=31250, pid=181892
2026-05-22 15:38:20,316 | INFO | ForkProcess-68 | [CPU worker] fin lote: experimentos=31250, pid=181882
2026-05-22 15:38:20,316 | INFO | ForkProcess-73 | [CPU worker] fin lote: experimentos=31250, pid=181887
2026-05-22 15:38:20,316 | INFO | MainProcess | Progreso CPU (AMBAS) | 625000/1000000 (62.50%)
2026-05-22 15:38:20,317 | INFO | MainProcess | Progreso CPU (AMBAS) | 656250/1000000 (65.62%)
2026-05-22 15:38:20,317 | INFO | MainProcess | CPU paralelo progreso | trabajo=6/16
2026-05-22 15:38:20,317 | INFO | MainProcess | Progreso CPU (AMBAS) | 718750/1000000 (71.88%)
2026-05-22 15:38:20,317 | INFO | MainProcess | Progreso CPU (AMBAS) | 750000/1000000 (75.00%)
2026-05-22 15:38:20,317 | INFO | MainProcess | CPU paralelo progreso | trabajo=9/16
2026-05-22 15:38:20,317 | INFO | MainProcess | Progreso CPU (AMBAS) | 812500/1000000 (81.25%)
2026-05-22 15:38:20,317 | INFO | MainProcess | Progreso CPU (AMBAS) | 875000/1000000 (87.50%)
2026-05-22 15:38:20,317 | INFO | MainProcess | CPU paralelo progreso | trabajo=12/16
2026-05-22 15:38:20,317 | INFO | MainProcess | Progreso CPU (AMBAS) | 906250/1000000 (90.62%)
2026-05-22 15:38:20,320 | INFO | ForkProcess-79 | [CPU worker] fin lote: experimentos=31250, pid=181893
2026-05-22 15:38:20,320 | INFO | ForkProcess-80 | [CPU worker] fin lote: experimentos=31250, pid=181894
2026-05-22 15:38:20,321 | INFO | MainProcess | Progreso CPU (AMBAS) | 968750/1000000 (96.88%)
2026-05-22 15:38:20,321 | INFO | MainProcess | CPU paralelo progreso | trabajo=15/16
2026-05-22 15:38:20,321 | INFO | MainProcess | Progreso CPU (AMBAS) | 1000000/1000000 (100.00%)
2026-05-22 15:38:20,321 | INFO | MainProcess | CPU paralelo progreso | trabajo=16/16
2026-05-22 15:38:23,577 | INFO | MainProcess | Lanzar N | N=1000000 | dados=1 | modo_solicitado=AMBAS | modo_real=AMBAS | trabajadores=16
2026-05-22 15:38:23,578 | INFO | MainProcess | GPU inicio | experimentos=500000 | dados=1 | lote_max=120000
2026-05-22 15:38:23,579 | INFO | MainProcess | GPU lote inicio | lote=120000 | restante_antes=500000
2026-05-22 15:38:23,641 | INFO | MainProcess | Progreso GPU (AMBAS) | 120000/1000000 (12.00%)
2026-05-22 15:38:23,641 | INFO | MainProcess | GPU progreso | lote=120000 | restante=380000
2026-05-22 15:38:23,641 | INFO | MainProcess | GPU lote inicio | lote=120000 | restante_antes=380000
2026-05-22 15:38:23,701 | INFO | MainProcess | Progreso GPU (AMBAS) | 240000/1000000 (24.00%)
2026-05-22 15:38:23,702 | INFO | MainProcess | GPU progreso | lote=120000 | restante=260000
2026-05-22 15:38:23,702 | INFO | MainProcess | GPU lote inicio | lote=120000 | restante_antes=260000
2026-05-22 15:38:23,764 | INFO | MainProcess | Progreso GPU (AMBAS) | 360000/1000000 (36.00%)
2026-05-22 15:38:23,764 | INFO | MainProcess | GPU progreso | lote=120000 | restante=140000
2026-05-22 15:38:23,764 | INFO | MainProcess | GPU lote inicio | lote=120000 | restante_antes=140000
2026-05-22 15:38:23,825 | INFO | MainProcess | Progreso GPU (AMBAS) | 480000/1000000 (48.00%)
2026-05-22 15:38:23,825 | INFO | MainProcess | GPU progreso | lote=120000 | restante=20000
2026-05-22 15:38:23,825 | INFO | MainProcess | GPU lote inicio | lote=20000 | restante_antes=20000
2026-05-22 15:38:23,838 | INFO | MainProcess | Progreso GPU (AMBAS) | 500000/1000000 (50.00%)
2026-05-22 15:38:23,838 | INFO | MainProcess | GPU progreso | lote=20000 | restante=0
2026-05-22 15:38:23,838 | INFO | MainProcess | GPU fin | experimentos=500000
2026-05-22 15:38:23,838 | INFO | MainProcess | Generar masivos | experimentos=500000 | dados=1 | trabajadores=16
2026-05-22 15:38:23,912 | INFO | ForkProcess-81 | [CPU worker] inicio lote: experimentos=31250, dados=1, pid=181960
2026-05-22 15:38:23,912 | INFO | ForkProcess-83 | [CPU worker] inicio lote: experimentos=31250, dados=1, pid=181962
2026-05-22 15:38:23,912 | INFO | ForkProcess-86 | [CPU worker] inicio lote: experimentos=31250, dados=1, pid=181965
2026-05-22 15:38:23,912 | INFO | ForkProcess-82 | [CPU worker] inicio lote: experimentos=31250, dados=1, pid=181961
2026-05-22 15:38:23,912 | INFO | ForkProcess-84 | [CPU worker] inicio lote: experimentos=31250, dados=1, pid=181963
2026-05-22 15:38:23,912 | INFO | ForkProcess-87 | [CPU worker] inicio lote: experimentos=31250, dados=1, pid=181966
2026-05-22 15:38:23,912 | INFO | ForkProcess-85 | [CPU worker] inicio lote: experimentos=31250, dados=1, pid=181964
2026-05-22 15:38:23,913 | INFO | ForkProcess-88 | [CPU worker] inicio lote: experimentos=31250, dados=1, pid=181967
2026-05-22 15:38:23,913 | INFO | ForkProcess-89 | [CPU worker] inicio lote: experimentos=31250, dados=1, pid=181968
2026-05-22 15:38:23,913 | INFO | ForkProcess-90 | [CPU worker] inicio lote: experimentos=31250, dados=1, pid=181969
2026-05-22 15:38:23,913 | INFO | ForkProcess-91 | [CPU worker] inicio lote: experimentos=31250, dados=1, pid=181970
2026-05-22 15:38:23,913 | INFO | ForkProcess-92 | [CPU worker] inicio lote: experimentos=31250, dados=1, pid=181971
2026-05-22 15:38:23,913 | INFO | ForkProcess-93 | [CPU worker] inicio lote: experimentos=31250, dados=1, pid=181972
2026-05-22 15:38:23,913 | INFO | ForkProcess-94 | [CPU worker] inicio lote: experimentos=31250, dados=1, pid=181973
2026-05-22 15:38:23,913 | INFO | ForkProcess-95 | [CPU worker] inicio lote: experimentos=31250, dados=1, pid=181974
2026-05-22 15:38:23,913 | INFO | ForkProcess-96 | [CPU worker] inicio lote: experimentos=31250, dados=1, pid=181975
2026-05-22 15:38:23,953 | INFO | ForkProcess-87 | [CPU worker] fin lote: experimentos=31250, pid=181966
2026-05-22 15:38:23,956 | INFO | ForkProcess-90 | [CPU worker] fin lote: experimentos=31250, pid=181969
2026-05-22 15:38:23,962 | INFO | ForkProcess-82 | [CPU worker] fin lote: experimentos=31250, pid=181961
2026-05-22 15:38:23,967 | INFO | ForkProcess-83 | [CPU worker] fin lote: experimentos=31250, pid=181962
2026-05-22 15:38:23,967 | INFO | ForkProcess-86 | [CPU worker] fin lote: experimentos=31250, pid=181965
2026-05-22 15:38:23,967 | INFO | ForkProcess-89 | [CPU worker] fin lote: experimentos=31250, pid=181968
2026-05-22 15:38:23,967 | INFO | ForkProcess-81 | [CPU worker] fin lote: experimentos=31250, pid=181960
2026-05-22 15:38:23,968 | INFO | ForkProcess-84 | [CPU worker] fin lote: experimentos=31250, pid=181963
2026-05-22 15:38:23,968 | INFO | ForkProcess-93 | [CPU worker] fin lote: experimentos=31250, pid=181972
2026-05-22 15:38:23,968 | INFO | ForkProcess-91 | [CPU worker] fin lote: experimentos=31250, pid=181970
2026-05-22 15:38:23,968 | INFO | ForkProcess-85 | [CPU worker] fin lote: experimentos=31250, pid=181964
2026-05-22 15:38:23,968 | INFO | MainProcess | CPU paralelo progreso | trabajo=1/16
2026-05-22 15:38:23,968 | INFO | MainProcess | Progreso CPU (AMBAS) | 562500/1000000 (56.25%)
2026-05-22 15:38:23,969 | INFO | MainProcess | CPU paralelo progreso | trabajo=3/16
2026-05-22 15:38:23,969 | INFO | MainProcess | Progreso CPU (AMBAS) | 625000/1000000 (62.50%)
2026-05-22 15:38:23,969 | INFO | MainProcess | Progreso CPU (AMBAS) | 656250/1000000 (65.62%)
2026-05-22 15:38:23,969 | INFO | MainProcess | CPU paralelo progreso | trabajo=6/16
2026-05-22 15:38:23,969 | INFO | ForkProcess-92 | [CPU worker] fin lote: experimentos=31250, pid=181971
2026-05-22 15:38:23,969 | INFO | MainProcess | Progreso CPU (AMBAS) | 718750/1000000 (71.88%)
2026-05-22 15:38:23,980 | INFO | ForkProcess-94 | [CPU worker] fin lote: experimentos=31250, pid=181973
2026-05-22 15:38:23,981 | INFO | ForkProcess-95 | [CPU worker] fin lote: experimentos=31250, pid=181974
2026-05-22 15:38:23,985 | INFO | ForkProcess-88 | [CPU worker] fin lote: experimentos=31250, pid=181967
2026-05-22 15:38:23,986 | INFO | MainProcess | Progreso CPU (AMBAS) | 750000/1000000 (75.00%)
2026-05-22 15:38:23,986 | INFO | ForkProcess-96 | [CPU worker] fin lote: experimentos=31250, pid=181975
2026-05-22 15:38:23,986 | INFO | MainProcess | CPU paralelo progreso | trabajo=9/16
2026-05-22 15:38:23,986 | INFO | MainProcess | Progreso CPU (AMBAS) | 812500/1000000 (81.25%)
2026-05-22 15:38:23,986 | INFO | MainProcess | Progreso CPU (AMBAS) | 875000/1000000 (87.50%)
2026-05-22 15:38:23,986 | INFO | MainProcess | CPU paralelo progreso | trabajo=12/16
2026-05-22 15:38:23,987 | INFO | MainProcess | Progreso CPU (AMBAS) | 906250/1000000 (90.62%)
2026-05-22 15:38:23,987 | INFO | MainProcess | Progreso CPU (AMBAS) | 968750/1000000 (96.88%)
2026-05-22 15:38:23,987 | INFO | MainProcess | CPU paralelo progreso | trabajo=15/16
2026-05-22 15:38:23,987 | INFO | MainProcess | Progreso CPU (AMBAS) | 1000000/1000000 (100.00%)
2026-05-22 15:38:23,987 | INFO | MainProcess | CPU paralelo progreso | trabajo=16/16
2026-05-22 15:38:29,086 | INFO | MainProcess | Lanzar N | N=10000000 | dados=1 | modo_solicitado=AMBAS | modo_real=AMBAS | trabajadores=16
2026-05-22 15:38:29,087 | INFO | MainProcess | GPU inicio | experimentos=5000000 | dados=1 | lote_max=120000
2026-05-22 15:38:29,087 | INFO | MainProcess | GPU lote inicio | lote=120000 | restante_antes=5000000
2026-05-22 15:38:29,151 | INFO | MainProcess | Progreso GPU (AMBAS) | 120000/10000000 (1.20%)
2026-05-22 15:38:29,151 | INFO | MainProcess | GPU progreso | lote=120000 | restante=4880000
2026-05-22 15:38:29,151 | INFO | MainProcess | GPU lote inicio | lote=120000 | restante_antes=4880000
2026-05-22 15:38:29,212 | INFO | MainProcess | GPU progreso | lote=120000 | restante=4760000
2026-05-22 15:38:29,212 | INFO | MainProcess | GPU lote inicio | lote=120000 | restante_antes=4760000
2026-05-22 15:38:29,273 | INFO | MainProcess | GPU progreso | lote=120000 | restante=4640000
2026-05-22 15:38:29,273 | INFO | MainProcess | GPU lote inicio | lote=120000 | restante_antes=4640000
2026-05-22 15:38:29,337 | INFO | MainProcess | GPU progreso | lote=120000 | restante=4520000
2026-05-22 15:38:29,338 | INFO | MainProcess | GPU lote inicio | lote=120000 | restante_antes=4520000
2026-05-22 15:38:29,399 | INFO | MainProcess | Progreso GPU (AMBAS) | 600000/10000000 (6.00%)
2026-05-22 15:38:29,399 | INFO | MainProcess | GPU progreso | lote=120000 | restante=4400000
2026-05-22 15:38:29,399 | INFO | MainProcess | GPU lote inicio | lote=120000 | restante_antes=4400000
2026-05-22 15:38:29,459 | INFO | MainProcess | GPU progreso | lote=120000 | restante=4280000
2026-05-22 15:38:29,459 | INFO | MainProcess | GPU lote inicio | lote=120000 | restante_antes=4280000
2026-05-22 15:38:29,521 | INFO | MainProcess | GPU progreso | lote=120000 | restante=4160000
2026-05-22 15:38:29,521 | INFO | MainProcess | GPU lote inicio | lote=120000 | restante_antes=4160000
2026-05-22 15:38:29,580 | INFO | MainProcess | GPU progreso | lote=120000 | restante=4040000
2026-05-22 15:38:29,581 | INFO | MainProcess | GPU lote inicio | lote=120000 | restante_antes=4040000
2026-05-22 15:38:29,641 | INFO | MainProcess | Progreso GPU (AMBAS) | 1080000/10000000 (10.80%)
2026-05-22 15:38:29,642 | INFO | MainProcess | GPU progreso | lote=120000 | restante=3920000
2026-05-22 15:38:29,642 | INFO | MainProcess | GPU lote inicio | lote=120000 | restante_antes=3920000
2026-05-22 15:38:29,703 | INFO | MainProcess | GPU progreso | lote=120000 | restante=3800000
2026-05-22 15:38:29,703 | INFO | MainProcess | GPU lote inicio | lote=120000 | restante_antes=3800000
2026-05-22 15:38:29,764 | INFO | MainProcess | GPU progreso | lote=120000 | restante=3680000
2026-05-22 15:38:29,765 | INFO | MainProcess | GPU lote inicio | lote=120000 | restante_antes=3680000
2026-05-22 15:38:29,825 | INFO | MainProcess | GPU progreso | lote=120000 | restante=3560000
2026-05-22 15:38:29,825 | INFO | MainProcess | GPU lote inicio | lote=120000 | restante_antes=3560000
2026-05-22 15:38:29,885 | INFO | MainProcess | Progreso GPU (AMBAS) | 1560000/10000000 (15.60%)
2026-05-22 15:38:29,886 | INFO | MainProcess | GPU progreso | lote=120000 | restante=3440000
2026-05-22 15:38:29,886 | INFO | MainProcess | GPU lote inicio | lote=120000 | restante_antes=3440000
2026-05-22 15:38:29,947 | INFO | MainProcess | GPU progreso | lote=120000 | restante=3320000
2026-05-22 15:38:29,947 | INFO | MainProcess | GPU lote inicio | lote=120000 | restante_antes=3320000
2026-05-22 15:38:30,007 | INFO | MainProcess | GPU progreso | lote=120000 | restante=3200000
2026-05-22 15:38:30,008 | INFO | MainProcess | GPU lote inicio | lote=120000 | restante_antes=3200000
2026-05-22 15:38:30,069 | INFO | MainProcess | GPU progreso | lote=120000 | restante=3080000
2026-05-22 15:38:30,069 | INFO | MainProcess | GPU lote inicio | lote=120000 | restante_antes=3080000
2026-05-22 15:38:30,129 | INFO | MainProcess | Progreso GPU (AMBAS) | 2040000/10000000 (20.40%)
2026-05-22 15:38:30,129 | INFO | MainProcess | GPU progreso | lote=120000 | restante=2960000
2026-05-22 15:38:30,129 | INFO | MainProcess | GPU lote inicio | lote=120000 | restante_antes=2960000
2026-05-22 15:38:30,189 | INFO | MainProcess | GPU progreso | lote=120000 | restante=2840000
2026-05-22 15:38:30,189 | INFO | MainProcess | GPU lote inicio | lote=120000 | restante_antes=2840000
2026-05-22 15:38:30,249 | INFO | MainProcess | GPU progreso | lote=120000 | restante=2720000
2026-05-22 15:38:30,249 | INFO | MainProcess | GPU lote inicio | lote=120000 | restante_antes=2720000
2026-05-22 15:38:30,311 | INFO | MainProcess | GPU progreso | lote=120000 | restante=2600000
2026-05-22 15:38:30,311 | INFO | MainProcess | GPU lote inicio | lote=120000 | restante_antes=2600000
2026-05-22 15:38:30,371 | INFO | MainProcess | Progreso GPU (AMBAS) | 2520000/10000000 (25.20%)
2026-05-22 15:38:30,371 | INFO | MainProcess | GPU progreso | lote=120000 | restante=2480000
2026-05-22 15:38:30,372 | INFO | MainProcess | GPU lote inicio | lote=120000 | restante_antes=2480000
2026-05-22 15:38:30,432 | INFO | MainProcess | GPU progreso | lote=120000 | restante=2360000
2026-05-22 15:38:30,432 | INFO | MainProcess | GPU lote inicio | lote=120000 | restante_antes=2360000
2026-05-22 15:38:30,493 | INFO | MainProcess | GPU progreso | lote=120000 | restante=2240000
2026-05-22 15:38:30,493 | INFO | MainProcess | GPU lote inicio | lote=120000 | restante_antes=2240000
2026-05-22 15:38:30,555 | INFO | MainProcess | GPU progreso | lote=120000 | restante=2120000
2026-05-22 15:38:30,555 | INFO | MainProcess | GPU lote inicio | lote=120000 | restante_antes=2120000
2026-05-22 15:38:30,615 | INFO | MainProcess | Progreso GPU (AMBAS) | 3000000/10000000 (30.00%)
2026-05-22 15:38:30,615 | INFO | MainProcess | GPU progreso | lote=120000 | restante=2000000
2026-05-22 15:38:30,616 | INFO | MainProcess | GPU lote inicio | lote=120000 | restante_antes=2000000
2026-05-22 15:38:30,678 | INFO | MainProcess | GPU progreso | lote=120000 | restante=1880000
2026-05-22 15:38:30,678 | INFO | MainProcess | GPU lote inicio | lote=120000 | restante_antes=1880000
2026-05-22 15:38:30,739 | INFO | MainProcess | GPU progreso | lote=120000 | restante=1760000
2026-05-22 15:38:30,739 | INFO | MainProcess | GPU lote inicio | lote=120000 | restante_antes=1760000
2026-05-22 15:38:30,800 | INFO | MainProcess | GPU progreso | lote=120000 | restante=1640000
2026-05-22 15:38:30,800 | INFO | MainProcess | GPU lote inicio | lote=120000 | restante_antes=1640000
2026-05-22 15:38:30,860 | INFO | MainProcess | GPU progreso | lote=120000 | restante=1520000
2026-05-22 15:38:30,861 | INFO | MainProcess | GPU lote inicio | lote=120000 | restante_antes=1520000
2026-05-22 15:38:30,921 | INFO | MainProcess | Progreso GPU (AMBAS) | 3600000/10000000 (36.00%)
2026-05-22 15:38:30,921 | INFO | MainProcess | GPU progreso | lote=120000 | restante=1400000
2026-05-22 15:38:30,921 | INFO | MainProcess | GPU lote inicio | lote=120000 | restante_antes=1400000
2026-05-22 15:38:30,981 | INFO | MainProcess | GPU progreso | lote=120000 | restante=1280000
2026-05-22 15:38:30,982 | INFO | MainProcess | GPU lote inicio | lote=120000 | restante_antes=1280000
2026-05-22 15:38:31,042 | INFO | MainProcess | GPU progreso | lote=120000 | restante=1160000
2026-05-22 15:38:31,042 | INFO | MainProcess | GPU lote inicio | lote=120000 | restante_antes=1160000
2026-05-22 15:38:31,103 | INFO | MainProcess | GPU progreso | lote=120000 | restante=1040000
2026-05-22 15:38:31,104 | INFO | MainProcess | GPU lote inicio | lote=120000 | restante_antes=1040000
2026-05-22 15:38:31,164 | INFO | MainProcess | Progreso GPU (AMBAS) | 4080000/10000000 (40.80%)
2026-05-22 15:38:31,164 | INFO | MainProcess | GPU progreso | lote=120000 | restante=920000
2026-05-22 15:38:31,164 | INFO | MainProcess | GPU lote inicio | lote=120000 | restante_antes=920000
2026-05-22 15:38:31,225 | INFO | MainProcess | GPU progreso | lote=120000 | restante=800000
2026-05-22 15:38:31,225 | INFO | MainProcess | GPU lote inicio | lote=120000 | restante_antes=800000
2026-05-22 15:38:31,285 | INFO | MainProcess | GPU progreso | lote=120000 | restante=680000
2026-05-22 15:38:31,285 | INFO | MainProcess | GPU lote inicio | lote=120000 | restante_antes=680000
2026-05-22 15:38:31,345 | INFO | MainProcess | GPU progreso | lote=120000 | restante=560000
2026-05-22 15:38:31,345 | INFO | MainProcess | GPU lote inicio | lote=120000 | restante_antes=560000
2026-05-22 15:38:31,405 | INFO | MainProcess | Progreso GPU (AMBAS) | 4560000/10000000 (45.60%)
2026-05-22 15:38:31,405 | INFO | MainProcess | GPU progreso | lote=120000 | restante=440000
2026-05-22 15:38:31,405 | INFO | MainProcess | GPU lote inicio | lote=120000 | restante_antes=440000
2026-05-22 15:38:31,467 | INFO | MainProcess | GPU progreso | lote=120000 | restante=320000
2026-05-22 15:38:31,467 | INFO | MainProcess | GPU lote inicio | lote=120000 | restante_antes=320000
2026-05-22 15:38:31,529 | INFO | MainProcess | GPU progreso | lote=120000 | restante=200000
2026-05-22 15:38:31,529 | INFO | MainProcess | GPU lote inicio | lote=120000 | restante_antes=200000
2026-05-22 15:38:31,590 | INFO | MainProcess | GPU progreso | lote=120000 | restante=80000
2026-05-22 15:38:31,591 | INFO | MainProcess | GPU lote inicio | lote=80000 | restante_antes=80000
2026-05-22 15:38:31,631 | INFO | MainProcess | Progreso GPU (AMBAS) | 5000000/10000000 (50.00%)
2026-05-22 15:38:31,632 | INFO | MainProcess | GPU progreso | lote=80000 | restante=0
2026-05-22 15:38:31,632 | INFO | MainProcess | GPU fin | experimentos=5000000
2026-05-22 15:38:31,632 | INFO | MainProcess | Generar masivos | experimentos=5000000 | dados=1 | trabajadores=16
2026-05-22 15:38:31,694 | INFO | ForkProcess-97 | [CPU worker] inicio lote: experimentos=312500, dados=1, pid=182144
2026-05-22 15:38:31,694 | INFO | ForkProcess-99 | [CPU worker] inicio lote: experimentos=312500, dados=1, pid=182146
2026-05-22 15:38:31,694 | INFO | ForkProcess-100 | [CPU worker] inicio lote: experimentos=312500, dados=1, pid=182147
2026-05-22 15:38:31,694 | INFO | ForkProcess-101 | [CPU worker] inicio lote: experimentos=312500, dados=1, pid=182148
2026-05-22 15:38:31,694 | INFO | ForkProcess-98 | [CPU worker] inicio lote: experimentos=312500, dados=1, pid=182145
2026-05-22 15:38:31,695 | INFO | ForkProcess-102 | [CPU worker] inicio lote: experimentos=312500, dados=1, pid=182149
2026-05-22 15:38:31,695 | INFO | ForkProcess-104 | [CPU worker] inicio lote: experimentos=312500, dados=1, pid=182151
2026-05-22 15:38:31,695 | INFO | ForkProcess-105 | [CPU worker] inicio lote: experimentos=312500, dados=1, pid=182152
2026-05-22 15:38:31,695 | INFO | ForkProcess-103 | [CPU worker] inicio lote: experimentos=312500, dados=1, pid=182150
2026-05-22 15:38:31,695 | INFO | ForkProcess-107 | [CPU worker] inicio lote: experimentos=312500, dados=1, pid=182154
2026-05-22 15:38:31,695 | INFO | ForkProcess-108 | [CPU worker] inicio lote: experimentos=312500, dados=1, pid=182155
2026-05-22 15:38:31,696 | INFO | ForkProcess-109 | [CPU worker] inicio lote: experimentos=312500, dados=1, pid=182156
2026-05-22 15:38:31,696 | INFO | ForkProcess-110 | [CPU worker] inicio lote: experimentos=312500, dados=1, pid=182157
2026-05-22 15:38:31,696 | INFO | ForkProcess-112 | [CPU worker] inicio lote: experimentos=312500, dados=1, pid=182159
2026-05-22 15:38:31,696 | INFO | ForkProcess-111 | [CPU worker] inicio lote: experimentos=312500, dados=1, pid=182158
2026-05-22 15:38:31,695 | INFO | ForkProcess-106 | [CPU worker] inicio lote: experimentos=312500, dados=1, pid=182153
2026-05-22 15:38:32,224 | INFO | ForkProcess-104 | [CPU worker] fin lote: experimentos=312500, pid=182151
2026-05-22 15:38:32,255 | INFO | ForkProcess-99 | [CPU worker] fin lote: experimentos=312500, pid=182146
2026-05-22 15:38:32,257 | INFO | ForkProcess-102 | [CPU worker] fin lote: experimentos=312500, pid=182149
2026-05-22 15:38:32,259 | INFO | ForkProcess-98 | [CPU worker] fin lote: experimentos=312500, pid=182145
2026-05-22 15:38:32,269 | INFO | ForkProcess-101 | [CPU worker] fin lote: experimentos=312500, pid=182148
2026-05-22 15:38:32,270 | INFO | ForkProcess-105 | [CPU worker] fin lote: experimentos=312500, pid=182152
2026-05-22 15:38:32,274 | INFO | ForkProcess-110 | [CPU worker] fin lote: experimentos=312500, pid=182157
2026-05-22 15:38:32,275 | INFO | ForkProcess-103 | [CPU worker] fin lote: experimentos=312500, pid=182150
2026-05-22 15:38:32,279 | INFO | ForkProcess-111 | [CPU worker] fin lote: experimentos=312500, pid=182158
2026-05-22 15:38:32,280 | INFO | ForkProcess-107 | [CPU worker] fin lote: experimentos=312500, pid=182154
2026-05-22 15:38:32,280 | INFO | ForkProcess-112 | [CPU worker] fin lote: experimentos=312500, pid=182159
2026-05-22 15:38:32,286 | INFO | ForkProcess-109 | [CPU worker] fin lote: experimentos=312500, pid=182156
2026-05-22 15:38:32,288 | INFO | ForkProcess-100 | [CPU worker] fin lote: experimentos=312500, pid=182147
2026-05-22 15:38:32,294 | INFO | ForkProcess-108 | [CPU worker] fin lote: experimentos=312500, pid=182155
2026-05-22 15:38:32,295 | INFO | ForkProcess-106 | [CPU worker] fin lote: experimentos=312500, pid=182153
2026-05-22 15:38:32,296 | INFO | ForkProcess-97 | [CPU worker] fin lote: experimentos=312500, pid=182144
2026-05-22 15:38:32,297 | INFO | MainProcess | CPU paralelo progreso | trabajo=1/16
2026-05-22 15:38:32,297 | INFO | MainProcess | Progreso CPU (AMBAS) | 5625000/10000000 (56.25%)
2026-05-22 15:38:32,297 | INFO | MainProcess | CPU paralelo progreso | trabajo=3/16
2026-05-22 15:38:32,297 | INFO | MainProcess | Progreso CPU (AMBAS) | 6250000/10000000 (62.50%)
2026-05-22 15:38:32,297 | INFO | MainProcess | Progreso CPU (AMBAS) | 6562500/10000000 (65.62%)
2026-05-22 15:38:32,297 | INFO | MainProcess | CPU paralelo progreso | trabajo=6/16
2026-05-22 15:38:32,297 | INFO | MainProcess | Progreso CPU (AMBAS) | 7187500/10000000 (71.88%)
2026-05-22 15:38:32,297 | INFO | MainProcess | Progreso CPU (AMBAS) | 7500000/10000000 (75.00%)
2026-05-22 15:38:32,297 | INFO | MainProcess | CPU paralelo progreso | trabajo=9/16
2026-05-22 15:38:32,298 | INFO | MainProcess | Progreso CPU (AMBAS) | 8125000/10000000 (81.25%)
2026-05-22 15:38:32,298 | INFO | MainProcess | Progreso CPU (AMBAS) | 8750000/10000000 (87.50%)
2026-05-22 15:38:32,298 | INFO | MainProcess | CPU paralelo progreso | trabajo=12/16
2026-05-22 15:38:32,298 | INFO | MainProcess | Progreso CPU (AMBAS) | 9062500/10000000 (90.62%)
2026-05-22 15:38:32,298 | INFO | MainProcess | Progreso CPU (AMBAS) | 9687500/10000000 (96.88%)
2026-05-22 15:38:32,298 | INFO | MainProcess | CPU paralelo progreso | trabajo=15/16
2026-05-22 15:38:32,298 | INFO | MainProcess | Progreso CPU (AMBAS) | 10000000/10000000 (100.00%)
2026-05-22 15:38:32,298 | INFO | MainProcess | CPU paralelo progreso | trabajo=16/16
2026-05-22 15:38:34,957 | INFO | MainProcess | Lanzar N | N=10000000 | dados=1 | modo_solicitado=AMBAS | modo_real=AMBAS | trabajadores=16
2026-05-22 15:38:34,958 | INFO | MainProcess | GPU inicio | experimentos=5000000 | dados=1 | lote_max=120000
2026-05-22 15:38:34,958 | INFO | MainProcess | GPU lote inicio | lote=120000 | restante_antes=5000000
2026-05-22 15:38:35,020 | INFO | MainProcess | Progreso GPU (AMBAS) | 120000/10000000 (1.20%)
2026-05-22 15:38:35,021 | INFO | MainProcess | GPU progreso | lote=120000 | restante=4880000
2026-05-22 15:38:35,021 | INFO | MainProcess | GPU lote inicio | lote=120000 | restante_antes=4880000
2026-05-22 15:38:35,082 | INFO | MainProcess | GPU progreso | lote=120000 | restante=4760000
2026-05-22 15:38:35,082 | INFO | MainProcess | GPU lote inicio | lote=120000 | restante_antes=4760000
2026-05-22 15:38:35,144 | INFO | MainProcess | GPU progreso | lote=120000 | restante=4640000
2026-05-22 15:38:35,144 | INFO | MainProcess | GPU lote inicio | lote=120000 | restante_antes=4640000
2026-05-22 15:38:35,205 | INFO | MainProcess | GPU progreso | lote=120000 | restante=4520000
2026-05-22 15:38:35,205 | INFO | MainProcess | GPU lote inicio | lote=120000 | restante_antes=4520000
2026-05-22 15:38:35,266 | INFO | MainProcess | Progreso GPU (AMBAS) | 600000/10000000 (6.00%)
2026-05-22 15:38:35,267 | INFO | MainProcess | GPU progreso | lote=120000 | restante=4400000
2026-05-22 15:38:35,267 | INFO | MainProcess | GPU lote inicio | lote=120000 | restante_antes=4400000
2026-05-22 15:38:35,327 | INFO | MainProcess | GPU progreso | lote=120000 | restante=4280000
2026-05-22 15:38:35,327 | INFO | MainProcess | GPU lote inicio | lote=120000 | restante_antes=4280000
2026-05-22 15:38:35,388 | INFO | MainProcess | GPU progreso | lote=120000 | restante=4160000
2026-05-22 15:38:35,388 | INFO | MainProcess | GPU lote inicio | lote=120000 | restante_antes=4160000
2026-05-22 15:38:35,449 | INFO | MainProcess | GPU progreso | lote=120000 | restante=4040000
2026-05-22 15:38:35,449 | INFO | MainProcess | GPU lote inicio | lote=120000 | restante_antes=4040000
2026-05-22 15:38:35,510 | INFO | MainProcess | Progreso GPU (AMBAS) | 1080000/10000000 (10.80%)
2026-05-22 15:38:35,510 | INFO | MainProcess | GPU progreso | lote=120000 | restante=3920000
2026-05-22 15:38:35,510 | INFO | MainProcess | GPU lote inicio | lote=120000 | restante_antes=3920000
2026-05-22 15:38:35,571 | INFO | MainProcess | GPU progreso | lote=120000 | restante=3800000
2026-05-22 15:38:35,571 | INFO | MainProcess | GPU lote inicio | lote=120000 | restante_antes=3800000
2026-05-22 15:38:35,631 | INFO | MainProcess | GPU progreso | lote=120000 | restante=3680000
2026-05-22 15:38:35,632 | INFO | MainProcess | GPU lote inicio | lote=120000 | restante_antes=3680000
2026-05-22 15:38:35,692 | INFO | MainProcess | GPU progreso | lote=120000 | restante=3560000
2026-05-22 15:38:35,692 | INFO | MainProcess | GPU lote inicio | lote=120000 | restante_antes=3560000
2026-05-22 15:38:35,753 | INFO | MainProcess | Progreso GPU (AMBAS) | 1560000/10000000 (15.60%)
2026-05-22 15:38:35,753 | INFO | MainProcess | GPU progreso | lote=120000 | restante=3440000
2026-05-22 15:38:35,753 | INFO | MainProcess | GPU lote inicio | lote=120000 | restante_antes=3440000
2026-05-22 15:38:35,813 | INFO | MainProcess | GPU progreso | lote=120000 | restante=3320000
2026-05-22 15:38:35,814 | INFO | MainProcess | GPU lote inicio | lote=120000 | restante_antes=3320000
2026-05-22 15:38:35,874 | INFO | MainProcess | GPU progreso | lote=120000 | restante=3200000
2026-05-22 15:38:35,874 | INFO | MainProcess | GPU lote inicio | lote=120000 | restante_antes=3200000
2026-05-22 15:38:35,935 | INFO | MainProcess | GPU progreso | lote=120000 | restante=3080000
2026-05-22 15:38:35,935 | INFO | MainProcess | GPU lote inicio | lote=120000 | restante_antes=3080000
2026-05-22 15:38:35,996 | INFO | MainProcess | Progreso GPU (AMBAS) | 2040000/10000000 (20.40%)
2026-05-22 15:38:35,996 | INFO | MainProcess | GPU progreso | lote=120000 | restante=2960000
2026-05-22 15:38:35,996 | INFO | MainProcess | GPU lote inicio | lote=120000 | restante_antes=2960000
2026-05-22 15:38:36,057 | INFO | MainProcess | GPU progreso | lote=120000 | restante=2840000
2026-05-22 15:38:36,057 | INFO | MainProcess | GPU lote inicio | lote=120000 | restante_antes=2840000
2026-05-22 15:38:36,117 | INFO | MainProcess | GPU progreso | lote=120000 | restante=2720000
2026-05-22 15:38:36,117 | INFO | MainProcess | GPU lote inicio | lote=120000 | restante_antes=2720000
2026-05-22 15:38:36,178 | INFO | MainProcess | GPU progreso | lote=120000 | restante=2600000
2026-05-22 15:38:36,178 | INFO | MainProcess | GPU lote inicio | lote=120000 | restante_antes=2600000
2026-05-22 15:38:36,238 | INFO | MainProcess | Progreso GPU (AMBAS) | 2520000/10000000 (25.20%)
2026-05-22 15:38:36,238 | INFO | MainProcess | GPU progreso | lote=120000 | restante=2480000
2026-05-22 15:38:36,238 | INFO | MainProcess | GPU lote inicio | lote=120000 | restante_antes=2480000
2026-05-22 15:38:36,299 | INFO | MainProcess | GPU progreso | lote=120000 | restante=2360000
2026-05-22 15:38:36,300 | INFO | MainProcess | GPU lote inicio | lote=120000 | restante_antes=2360000
2026-05-22 15:38:36,360 | INFO | MainProcess | GPU progreso | lote=120000 | restante=2240000
2026-05-22 15:38:36,362 | INFO | MainProcess | GPU lote inicio | lote=120000 | restante_antes=2240000
2026-05-22 15:38:36,424 | INFO | MainProcess | GPU progreso | lote=120000 | restante=2120000
2026-05-22 15:38:36,424 | INFO | MainProcess | GPU lote inicio | lote=120000 | restante_antes=2120000
2026-05-22 15:38:36,485 | INFO | MainProcess | Progreso GPU (AMBAS) | 3000000/10000000 (30.00%)
2026-05-22 15:38:36,485 | INFO | MainProcess | GPU progreso | lote=120000 | restante=2000000
2026-05-22 15:38:36,485 | INFO | MainProcess | GPU lote inicio | lote=120000 | restante_antes=2000000
2026-05-22 15:38:36,545 | INFO | MainProcess | GPU progreso | lote=120000 | restante=1880000
2026-05-22 15:38:36,545 | INFO | MainProcess | GPU lote inicio | lote=120000 | restante_antes=1880000
2026-05-22 15:38:36,606 | INFO | MainProcess | GPU progreso | lote=120000 | restante=1760000
2026-05-22 15:38:36,606 | INFO | MainProcess | GPU lote inicio | lote=120000 | restante_antes=1760000
2026-05-22 15:38:36,666 | INFO | MainProcess | GPU progreso | lote=120000 | restante=1640000
2026-05-22 15:38:36,667 | INFO | MainProcess | GPU lote inicio | lote=120000 | restante_antes=1640000
2026-05-22 15:38:36,727 | INFO | MainProcess | GPU progreso | lote=120000 | restante=1520000
2026-05-22 15:38:36,727 | INFO | MainProcess | GPU lote inicio | lote=120000 | restante_antes=1520000
2026-05-22 15:38:36,787 | INFO | MainProcess | Progreso GPU (AMBAS) | 3600000/10000000 (36.00%)
2026-05-22 15:38:36,787 | INFO | MainProcess | GPU progreso | lote=120000 | restante=1400000
2026-05-22 15:38:36,788 | INFO | MainProcess | GPU lote inicio | lote=120000 | restante_antes=1400000
2026-05-22 15:38:36,848 | INFO | MainProcess | GPU progreso | lote=120000 | restante=1280000
2026-05-22 15:38:36,848 | INFO | MainProcess | GPU lote inicio | lote=120000 | restante_antes=1280000
2026-05-22 15:38:36,909 | INFO | MainProcess | GPU progreso | lote=120000 | restante=1160000
2026-05-22 15:38:36,909 | INFO | MainProcess | GPU lote inicio | lote=120000 | restante_antes=1160000
2026-05-22 15:38:36,970 | INFO | MainProcess | GPU progreso | lote=120000 | restante=1040000
2026-05-22 15:38:36,970 | INFO | MainProcess | GPU lote inicio | lote=120000 | restante_antes=1040000
2026-05-22 15:38:37,031 | INFO | MainProcess | Progreso GPU (AMBAS) | 4080000/10000000 (40.80%)
2026-05-22 15:38:37,031 | INFO | MainProcess | GPU progreso | lote=120000 | restante=920000
2026-05-22 15:38:37,031 | INFO | MainProcess | GPU lote inicio | lote=120000 | restante_antes=920000
2026-05-22 15:38:37,093 | INFO | MainProcess | GPU progreso | lote=120000 | restante=800000
2026-05-22 15:38:37,093 | INFO | MainProcess | GPU lote inicio | lote=120000 | restante_antes=800000
2026-05-22 15:38:37,153 | INFO | MainProcess | GPU progreso | lote=120000 | restante=680000
2026-05-22 15:38:37,154 | INFO | MainProcess | GPU lote inicio | lote=120000 | restante_antes=680000
2026-05-22 15:38:37,214 | INFO | MainProcess | GPU progreso | lote=120000 | restante=560000
2026-05-22 15:38:37,214 | INFO | MainProcess | GPU lote inicio | lote=120000 | restante_antes=560000
2026-05-22 15:38:37,275 | INFO | MainProcess | Progreso GPU (AMBAS) | 4560000/10000000 (45.60%)
2026-05-22 15:38:37,275 | INFO | MainProcess | GPU progreso | lote=120000 | restante=440000
2026-05-22 15:38:37,275 | INFO | MainProcess | GPU lote inicio | lote=120000 | restante_antes=440000
2026-05-22 15:38:37,336 | INFO | MainProcess | GPU progreso | lote=120000 | restante=320000
2026-05-22 15:38:37,336 | INFO | MainProcess | GPU lote inicio | lote=120000 | restante_antes=320000
2026-05-22 15:38:37,397 | INFO | MainProcess | GPU progreso | lote=120000 | restante=200000
2026-05-22 15:38:37,397 | INFO | MainProcess | GPU lote inicio | lote=120000 | restante_antes=200000
2026-05-22 15:38:37,458 | INFO | MainProcess | GPU progreso | lote=120000 | restante=80000
2026-05-22 15:38:37,458 | INFO | MainProcess | GPU lote inicio | lote=80000 | restante_antes=80000
2026-05-22 15:38:37,498 | INFO | MainProcess | Progreso GPU (AMBAS) | 5000000/10000000 (50.00%)
2026-05-22 15:38:37,499 | INFO | MainProcess | GPU progreso | lote=80000 | restante=0
2026-05-22 15:38:37,499 | INFO | MainProcess | GPU fin | experimentos=5000000
2026-05-22 15:38:37,499 | INFO | MainProcess | Generar masivos | experimentos=5000000 | dados=1 | trabajadores=16
2026-05-22 15:38:37,565 | INFO | ForkProcess-113 | [CPU worker] inicio lote: experimentos=312500, dados=1, pid=182296
2026-05-22 15:38:37,565 | INFO | ForkProcess-114 | [CPU worker] inicio lote: experimentos=312500, dados=1, pid=182297
2026-05-22 15:38:37,565 | INFO | ForkProcess-116 | [CPU worker] inicio lote: experimentos=312500, dados=1, pid=182299
2026-05-22 15:38:37,565 | INFO | ForkProcess-115 | [CPU worker] inicio lote: experimentos=312500, dados=1, pid=182298
2026-05-22 15:38:37,565 | INFO | ForkProcess-117 | [CPU worker] inicio lote: experimentos=312500, dados=1, pid=182300
2026-05-22 15:38:37,565 | INFO | ForkProcess-118 | [CPU worker] inicio lote: experimentos=312500, dados=1, pid=182301
2026-05-22 15:38:37,565 | INFO | ForkProcess-119 | [CPU worker] inicio lote: experimentos=312500, dados=1, pid=182302
2026-05-22 15:38:37,565 | INFO | ForkProcess-121 | [CPU worker] inicio lote: experimentos=312500, dados=1, pid=182304
2026-05-22 15:38:37,565 | INFO | ForkProcess-120 | [CPU worker] inicio lote: experimentos=312500, dados=1, pid=182303
2026-05-22 15:38:37,566 | INFO | ForkProcess-122 | [CPU worker] inicio lote: experimentos=312500, dados=1, pid=182305
2026-05-22 15:38:37,566 | INFO | ForkProcess-123 | [CPU worker] inicio lote: experimentos=312500, dados=1, pid=182306
2026-05-22 15:38:37,566 | INFO | ForkProcess-124 | [CPU worker] inicio lote: experimentos=312500, dados=1, pid=182307
2026-05-22 15:38:37,566 | INFO | ForkProcess-125 | [CPU worker] inicio lote: experimentos=312500, dados=1, pid=182308
2026-05-22 15:38:37,566 | INFO | ForkProcess-126 | [CPU worker] inicio lote: experimentos=312500, dados=1, pid=182309
2026-05-22 15:38:37,566 | INFO | ForkProcess-127 | [CPU worker] inicio lote: experimentos=312500, dados=1, pid=182310
2026-05-22 15:38:37,566 | INFO | ForkProcess-128 | [CPU worker] inicio lote: experimentos=312500, dados=1, pid=182311
2026-05-22 15:38:38,125 | INFO | ForkProcess-122 | [CPU worker] fin lote: experimentos=312500, pid=182305
2026-05-22 15:38:38,126 | INFO | ForkProcess-115 | [CPU worker] fin lote: experimentos=312500, pid=182298
2026-05-22 15:38:38,126 | INFO | ForkProcess-114 | [CPU worker] fin lote: experimentos=312500, pid=182297
2026-05-22 15:38:38,127 | INFO | ForkProcess-120 | [CPU worker] fin lote: experimentos=312500, pid=182303
2026-05-22 15:38:38,128 | INFO | ForkProcess-116 | [CPU worker] fin lote: experimentos=312500, pid=182299
2026-05-22 15:38:38,129 | INFO | ForkProcess-113 | [CPU worker] fin lote: experimentos=312500, pid=182296
2026-05-22 15:38:38,130 | INFO | ForkProcess-126 | [CPU worker] fin lote: experimentos=312500, pid=182309
2026-05-22 15:38:38,130 | INFO | MainProcess | CPU paralelo progreso | trabajo=1/16
2026-05-22 15:38:38,130 | INFO | MainProcess | Progreso CPU (AMBAS) | 5625000/10000000 (56.25%)
2026-05-22 15:38:38,130 | INFO | MainProcess | CPU paralelo progreso | trabajo=3/16
2026-05-22 15:38:38,130 | INFO | MainProcess | Progreso CPU (AMBAS) | 6250000/10000000 (62.50%)
2026-05-22 15:38:38,131 | INFO | ForkProcess-117 | [CPU worker] fin lote: experimentos=312500, pid=182300
2026-05-22 15:38:38,131 | INFO | MainProcess | Progreso CPU (AMBAS) | 6562500/10000000 (65.62%)
2026-05-22 15:38:38,132 | INFO | ForkProcess-121 | [CPU worker] fin lote: experimentos=312500, pid=182304
2026-05-22 15:38:38,134 | INFO | ForkProcess-125 | [CPU worker] fin lote: experimentos=312500, pid=182308
2026-05-22 15:38:38,135 | INFO | ForkProcess-127 | [CPU worker] fin lote: experimentos=312500, pid=182310
2026-05-22 15:38:38,138 | INFO | ForkProcess-123 | [CPU worker] fin lote: experimentos=312500, pid=182306
2026-05-22 15:38:38,143 | INFO | ForkProcess-128 | [CPU worker] fin lote: experimentos=312500, pid=182311
2026-05-22 15:38:38,150 | INFO | ForkProcess-124 | [CPU worker] fin lote: experimentos=312500, pid=182307
2026-05-22 15:38:38,151 | INFO | ForkProcess-118 | [CPU worker] fin lote: experimentos=312500, pid=182301
2026-05-22 15:38:38,152 | INFO | MainProcess | CPU paralelo progreso | trabajo=6/16
2026-05-22 15:38:38,154 | INFO | ForkProcess-119 | [CPU worker] fin lote: experimentos=312500, pid=182302
2026-05-22 15:38:38,155 | INFO | MainProcess | Progreso CPU (AMBAS) | 7187500/10000000 (71.88%)
2026-05-22 15:38:38,155 | INFO | MainProcess | Progreso CPU (AMBAS) | 7500000/10000000 (75.00%)
2026-05-22 15:38:38,155 | INFO | MainProcess | CPU paralelo progreso | trabajo=9/16
2026-05-22 15:38:38,155 | INFO | MainProcess | Progreso CPU (AMBAS) | 8125000/10000000 (81.25%)
2026-05-22 15:38:38,155 | INFO | MainProcess | Progreso CPU (AMBAS) | 8750000/10000000 (87.50%)
2026-05-22 15:38:38,155 | INFO | MainProcess | CPU paralelo progreso | trabajo=12/16
2026-05-22 15:38:38,155 | INFO | MainProcess | Progreso CPU (AMBAS) | 9062500/10000000 (90.62%)
2026-05-22 15:38:38,155 | INFO | MainProcess | Progreso CPU (AMBAS) | 9687500/10000000 (96.88%)
2026-05-22 15:38:38,155 | INFO | MainProcess | CPU paralelo progreso | trabajo=15/16
2026-05-22 15:38:38,155 | INFO | MainProcess | Progreso CPU (AMBAS) | 10000000/10000000 (100.00%)
2026-05-22 15:38:38,155 | INFO | MainProcess | CPU paralelo progreso | trabajo=16/16
2026-05-22 15:38:45,431 | INFO | MainProcess | Lanzar N | N=10000000 | dados=1 | modo_solicitado=AMBAS | modo_real=AMBAS | trabajadores=16
2026-05-22 15:38:45,432 | INFO | MainProcess | GPU inicio | experimentos=5000000 | dados=1 | lote_max=120000
2026-05-22 15:38:45,432 | INFO | MainProcess | GPU lote inicio | lote=120000 | restante_antes=5000000
2026-05-22 15:38:45,494 | INFO | MainProcess | Progreso GPU (AMBAS) | 120000/10000000 (1.20%)
2026-05-22 15:38:45,494 | INFO | MainProcess | GPU progreso | lote=120000 | restante=4880000
2026-05-22 15:38:45,495 | INFO | MainProcess | GPU lote inicio | lote=120000 | restante_antes=4880000
2026-05-22 15:38:45,557 | INFO | MainProcess | GPU progreso | lote=120000 | restante=4760000
2026-05-22 15:38:45,557 | INFO | MainProcess | GPU lote inicio | lote=120000 | restante_antes=4760000
2026-05-22 15:38:45,618 | INFO | MainProcess | GPU progreso | lote=120000 | restante=4640000
2026-05-22 15:38:45,618 | INFO | MainProcess | GPU lote inicio | lote=120000 | restante_antes=4640000
2026-05-22 15:38:45,678 | INFO | MainProcess | GPU progreso | lote=120000 | restante=4520000
2026-05-22 15:38:45,678 | INFO | MainProcess | GPU lote inicio | lote=120000 | restante_antes=4520000
2026-05-22 15:38:45,740 | INFO | MainProcess | Progreso GPU (AMBAS) | 600000/10000000 (6.00%)
2026-05-22 15:38:45,740 | INFO | MainProcess | GPU progreso | lote=120000 | restante=4400000
2026-05-22 15:38:45,740 | INFO | MainProcess | GPU lote inicio | lote=120000 | restante_antes=4400000
2026-05-22 15:38:45,802 | INFO | MainProcess | GPU progreso | lote=120000 | restante=4280000
2026-05-22 15:38:45,802 | INFO | MainProcess | GPU lote inicio | lote=120000 | restante_antes=4280000
2026-05-22 15:38:45,866 | INFO | MainProcess | GPU progreso | lote=120000 | restante=4160000
2026-05-22 15:38:45,866 | INFO | MainProcess | GPU lote inicio | lote=120000 | restante_antes=4160000
2026-05-22 15:38:45,926 | INFO | MainProcess | GPU progreso | lote=120000 | restante=4040000
2026-05-22 15:38:45,926 | INFO | MainProcess | GPU lote inicio | lote=120000 | restante_antes=4040000
2026-05-22 15:38:45,988 | INFO | MainProcess | Progreso GPU (AMBAS) | 1080000/10000000 (10.80%)
2026-05-22 15:38:45,988 | INFO | MainProcess | GPU progreso | lote=120000 | restante=3920000
2026-05-22 15:38:45,988 | INFO | MainProcess | GPU lote inicio | lote=120000 | restante_antes=3920000
2026-05-22 15:38:46,048 | INFO | MainProcess | GPU progreso | lote=120000 | restante=3800000
2026-05-22 15:38:46,048 | INFO | MainProcess | GPU lote inicio | lote=120000 | restante_antes=3800000
2026-05-22 15:38:46,108 | INFO | MainProcess | GPU progreso | lote=120000 | restante=3680000
2026-05-22 15:38:46,108 | INFO | MainProcess | GPU lote inicio | lote=120000 | restante_antes=3680000
2026-05-22 15:38:46,168 | INFO | MainProcess | GPU progreso | lote=120000 | restante=3560000
2026-05-22 15:38:46,169 | INFO | MainProcess | GPU lote inicio | lote=120000 | restante_antes=3560000
2026-05-22 15:38:46,229 | INFO | MainProcess | Progreso GPU (AMBAS) | 1560000/10000000 (15.60%)
2026-05-22 15:38:46,230 | INFO | MainProcess | GPU progreso | lote=120000 | restante=3440000
2026-05-22 15:38:46,230 | INFO | MainProcess | GPU lote inicio | lote=120000 | restante_antes=3440000
2026-05-22 15:38:46,303 | INFO | MainProcess | GPU progreso | lote=120000 | restante=3320000
2026-05-22 15:38:46,304 | INFO | MainProcess | GPU lote inicio | lote=120000 | restante_antes=3320000
2026-05-22 15:38:46,374 | INFO | MainProcess | GPU progreso | lote=120000 | restante=3200000
2026-05-22 15:38:46,374 | INFO | MainProcess | GPU lote inicio | lote=120000 | restante_antes=3200000
2026-05-22 15:38:46,436 | INFO | MainProcess | GPU progreso | lote=120000 | restante=3080000
2026-05-22 15:38:46,436 | INFO | MainProcess | GPU lote inicio | lote=120000 | restante_antes=3080000
2026-05-22 15:38:46,500 | INFO | MainProcess | Progreso GPU (AMBAS) | 2040000/10000000 (20.40%)
2026-05-22 15:38:46,500 | INFO | MainProcess | GPU progreso | lote=120000 | restante=2960000
2026-05-22 15:38:46,501 | INFO | MainProcess | GPU lote inicio | lote=120000 | restante_antes=2960000
2026-05-22 15:38:46,564 | INFO | MainProcess | GPU progreso | lote=120000 | restante=2840000
2026-05-22 15:38:46,564 | INFO | MainProcess | GPU lote inicio | lote=120000 | restante_antes=2840000
2026-05-22 15:38:46,628 | INFO | MainProcess | GPU progreso | lote=120000 | restante=2720000
2026-05-22 15:38:46,628 | INFO | MainProcess | GPU lote inicio | lote=120000 | restante_antes=2720000
2026-05-22 15:38:46,689 | INFO | MainProcess | GPU progreso | lote=120000 | restante=2600000
2026-05-22 15:38:46,690 | INFO | MainProcess | GPU lote inicio | lote=120000 | restante_antes=2600000
2026-05-22 15:38:46,750 | INFO | MainProcess | Progreso GPU (AMBAS) | 2520000/10000000 (25.20%)
2026-05-22 15:38:46,750 | INFO | MainProcess | GPU progreso | lote=120000 | restante=2480000
2026-05-22 15:38:46,750 | INFO | MainProcess | GPU lote inicio | lote=120000 | restante_antes=2480000
2026-05-22 15:38:46,811 | INFO | MainProcess | GPU progreso | lote=120000 | restante=2360000
2026-05-22 15:38:46,811 | INFO | MainProcess | GPU lote inicio | lote=120000 | restante_antes=2360000
2026-05-22 15:38:46,873 | INFO | MainProcess | GPU progreso | lote=120000 | restante=2240000
2026-05-22 15:38:46,873 | INFO | MainProcess | GPU lote inicio | lote=120000 | restante_antes=2240000
2026-05-22 15:38:46,934 | INFO | MainProcess | GPU progreso | lote=120000 | restante=2120000
2026-05-22 15:38:46,934 | INFO | MainProcess | GPU lote inicio | lote=120000 | restante_antes=2120000
2026-05-22 15:38:46,995 | INFO | MainProcess | Progreso GPU (AMBAS) | 3000000/10000000 (30.00%)
2026-05-22 15:38:46,995 | INFO | MainProcess | GPU progreso | lote=120000 | restante=2000000
2026-05-22 15:38:46,995 | INFO | MainProcess | GPU lote inicio | lote=120000 | restante_antes=2000000
2026-05-22 15:38:47,058 | INFO | MainProcess | GPU progreso | lote=120000 | restante=1880000
2026-05-22 15:38:47,058 | INFO | MainProcess | GPU lote inicio | lote=120000 | restante_antes=1880000
2026-05-22 15:38:47,119 | INFO | MainProcess | GPU progreso | lote=120000 | restante=1760000
2026-05-22 15:38:47,120 | INFO | MainProcess | GPU lote inicio | lote=120000 | restante_antes=1760000
2026-05-22 15:38:47,182 | INFO | MainProcess | GPU progreso | lote=120000 | restante=1640000
2026-05-22 15:38:47,182 | INFO | MainProcess | GPU lote inicio | lote=120000 | restante_antes=1640000
2026-05-22 15:38:47,244 | INFO | MainProcess | GPU progreso | lote=120000 | restante=1520000
2026-05-22 15:38:47,244 | INFO | MainProcess | GPU lote inicio | lote=120000 | restante_antes=1520000
2026-05-22 15:38:47,305 | INFO | MainProcess | Progreso GPU (AMBAS) | 3600000/10000000 (36.00%)
2026-05-22 15:38:47,306 | INFO | MainProcess | GPU progreso | lote=120000 | restante=1400000
2026-05-22 15:38:47,306 | INFO | MainProcess | GPU lote inicio | lote=120000 | restante_antes=1400000
2026-05-22 15:38:47,366 | INFO | MainProcess | GPU progreso | lote=120000 | restante=1280000
2026-05-22 15:38:47,366 | INFO | MainProcess | GPU lote inicio | lote=120000 | restante_antes=1280000
2026-05-22 15:38:47,426 | INFO | MainProcess | GPU progreso | lote=120000 | restante=1160000
2026-05-22 15:38:47,427 | INFO | MainProcess | GPU lote inicio | lote=120000 | restante_antes=1160000
2026-05-22 15:38:47,488 | INFO | MainProcess | GPU progreso | lote=120000 | restante=1040000
2026-05-22 15:38:47,488 | INFO | MainProcess | GPU lote inicio | lote=120000 | restante_antes=1040000
2026-05-22 15:38:47,548 | INFO | MainProcess | Progreso GPU (AMBAS) | 4080000/10000000 (40.80%)
2026-05-22 15:38:47,548 | INFO | MainProcess | GPU progreso | lote=120000 | restante=920000
2026-05-22 15:38:47,549 | INFO | MainProcess | GPU lote inicio | lote=120000 | restante_antes=920000
2026-05-22 15:38:47,608 | INFO | MainProcess | GPU progreso | lote=120000 | restante=800000
2026-05-22 15:38:47,608 | INFO | MainProcess | GPU lote inicio | lote=120000 | restante_antes=800000
2026-05-22 15:38:47,668 | INFO | MainProcess | GPU progreso | lote=120000 | restante=680000
2026-05-22 15:38:47,668 | INFO | MainProcess | GPU lote inicio | lote=120000 | restante_antes=680000
2026-05-22 15:38:47,728 | INFO | MainProcess | GPU progreso | lote=120000 | restante=560000
2026-05-22 15:38:47,728 | INFO | MainProcess | GPU lote inicio | lote=120000 | restante_antes=560000
2026-05-22 15:38:47,788 | INFO | MainProcess | Progreso GPU (AMBAS) | 4560000/10000000 (45.60%)
2026-05-22 15:38:47,788 | INFO | MainProcess | GPU progreso | lote=120000 | restante=440000
2026-05-22 15:38:47,788 | INFO | MainProcess | GPU lote inicio | lote=120000 | restante_antes=440000
2026-05-22 15:38:47,848 | INFO | MainProcess | GPU progreso | lote=120000 | restante=320000
2026-05-22 15:38:47,848 | INFO | MainProcess | GPU lote inicio | lote=120000 | restante_antes=320000
2026-05-22 15:38:47,908 | INFO | MainProcess | GPU progreso | lote=120000 | restante=200000
2026-05-22 15:38:47,908 | INFO | MainProcess | GPU lote inicio | lote=120000 | restante_antes=200000
2026-05-22 15:38:47,974 | INFO | MainProcess | GPU progreso | lote=120000 | restante=80000
2026-05-22 15:38:47,975 | INFO | MainProcess | GPU lote inicio | lote=80000 | restante_antes=80000
2026-05-22 15:38:48,018 | INFO | MainProcess | Progreso GPU (AMBAS) | 5000000/10000000 (50.00%)
2026-05-22 15:38:48,018 | INFO | MainProcess | GPU progreso | lote=80000 | restante=0
2026-05-22 15:38:48,018 | INFO | MainProcess | GPU fin | experimentos=5000000
2026-05-22 15:38:48,019 | INFO | MainProcess | Generar masivos | experimentos=5000000 | dados=1 | trabajadores=16
2026-05-22 15:38:48,085 | INFO | ForkProcess-129 | [CPU worker] inicio lote: experimentos=312500, dados=1, pid=182576
2026-05-22 15:38:48,086 | INFO | ForkProcess-130 | [CPU worker] inicio lote: experimentos=312500, dados=1, pid=182577
2026-05-22 15:38:48,086 | INFO | ForkProcess-131 | [CPU worker] inicio lote: experimentos=312500, dados=1, pid=182578
2026-05-22 15:38:48,086 | INFO | ForkProcess-132 | [CPU worker] inicio lote: experimentos=312500, dados=1, pid=182579
2026-05-22 15:38:48,086 | INFO | ForkProcess-133 | [CPU worker] inicio lote: experimentos=312500, dados=1, pid=182580
2026-05-22 15:38:48,086 | INFO | ForkProcess-135 | [CPU worker] inicio lote: experimentos=312500, dados=1, pid=182582
2026-05-22 15:38:48,086 | INFO | ForkProcess-134 | [CPU worker] inicio lote: experimentos=312500, dados=1, pid=182581
2026-05-22 15:38:48,086 | INFO | ForkProcess-136 | [CPU worker] inicio lote: experimentos=312500, dados=1, pid=182583
2026-05-22 15:38:48,087 | INFO | ForkProcess-137 | [CPU worker] inicio lote: experimentos=312500, dados=1, pid=182584
2026-05-22 15:38:48,087 | INFO | ForkProcess-138 | [CPU worker] inicio lote: experimentos=312500, dados=1, pid=182585
2026-05-22 15:38:48,087 | INFO | ForkProcess-140 | [CPU worker] inicio lote: experimentos=312500, dados=1, pid=182587
2026-05-22 15:38:48,087 | INFO | ForkProcess-139 | [CPU worker] inicio lote: experimentos=312500, dados=1, pid=182586
2026-05-22 15:38:48,087 | INFO | ForkProcess-141 | [CPU worker] inicio lote: experimentos=312500, dados=1, pid=182588
2026-05-22 15:38:48,087 | INFO | ForkProcess-142 | [CPU worker] inicio lote: experimentos=312500, dados=1, pid=182589
2026-05-22 15:38:48,090 | INFO | ForkProcess-143 | [CPU worker] inicio lote: experimentos=312500, dados=1, pid=182590
2026-05-22 15:38:48,090 | INFO | ForkProcess-144 | [CPU worker] inicio lote: experimentos=312500, dados=1, pid=182591
2026-05-22 15:38:48,619 | INFO | ForkProcess-130 | [CPU worker] fin lote: experimentos=312500, pid=182577
2026-05-22 15:38:48,646 | INFO | ForkProcess-133 | [CPU worker] fin lote: experimentos=312500, pid=182580
2026-05-22 15:38:48,647 | INFO | ForkProcess-137 | [CPU worker] fin lote: experimentos=312500, pid=182584
2026-05-22 15:38:48,647 | INFO | ForkProcess-141 | [CPU worker] fin lote: experimentos=312500, pid=182588
2026-05-22 15:38:48,650 | INFO | ForkProcess-134 | [CPU worker] fin lote: experimentos=312500, pid=182581
2026-05-22 15:38:48,652 | INFO | ForkProcess-132 | [CPU worker] fin lote: experimentos=312500, pid=182579
2026-05-22 15:38:48,652 | INFO | ForkProcess-129 | [CPU worker] fin lote: experimentos=312500, pid=182576
2026-05-22 15:38:48,652 | INFO | ForkProcess-140 | [CPU worker] fin lote: experimentos=312500, pid=182587
2026-05-22 15:38:48,653 | INFO | MainProcess | CPU paralelo progreso | trabajo=1/16
2026-05-22 15:38:48,653 | INFO | MainProcess | Progreso CPU (AMBAS) | 5625000/10000000 (56.25%)
2026-05-22 15:38:48,653 | INFO | ForkProcess-139 | [CPU worker] fin lote: experimentos=312500, pid=182586
2026-05-22 15:38:48,655 | INFO | ForkProcess-142 | [CPU worker] fin lote: experimentos=312500, pid=182589
2026-05-22 15:38:48,666 | INFO | ForkProcess-138 | [CPU worker] fin lote: experimentos=312500, pid=182585
2026-05-22 15:38:48,675 | INFO | ForkProcess-143 | [CPU worker] fin lote: experimentos=312500, pid=182590
2026-05-22 15:38:48,682 | INFO | ForkProcess-136 | [CPU worker] fin lote: experimentos=312500, pid=182583
2026-05-22 15:38:48,685 | INFO | ForkProcess-131 | [CPU worker] fin lote: experimentos=312500, pid=182578
2026-05-22 15:38:48,685 | INFO | MainProcess | CPU paralelo progreso | trabajo=3/16
2026-05-22 15:38:48,685 | INFO | MainProcess | Progreso CPU (AMBAS) | 6250000/10000000 (62.50%)
2026-05-22 15:38:48,685 | INFO | ForkProcess-135 | [CPU worker] fin lote: experimentos=312500, pid=182582
2026-05-22 15:38:48,686 | INFO | MainProcess | Progreso CPU (AMBAS) | 6562500/10000000 (65.62%)
2026-05-22 15:38:48,686 | INFO | MainProcess | CPU paralelo progreso | trabajo=6/16
2026-05-22 15:38:48,686 | INFO | MainProcess | Progreso CPU (AMBAS) | 7187500/10000000 (71.88%)
2026-05-22 15:38:48,686 | INFO | MainProcess | Progreso CPU (AMBAS) | 7500000/10000000 (75.00%)
2026-05-22 15:38:48,686 | INFO | MainProcess | CPU paralelo progreso | trabajo=9/16
2026-05-22 15:38:48,686 | INFO | MainProcess | Progreso CPU (AMBAS) | 8125000/10000000 (81.25%)
2026-05-22 15:38:48,686 | INFO | MainProcess | Progreso CPU (AMBAS) | 8750000/10000000 (87.50%)
2026-05-22 15:38:48,686 | INFO | MainProcess | CPU paralelo progreso | trabajo=12/16
2026-05-22 15:38:48,686 | INFO | MainProcess | Progreso CPU (AMBAS) | 9062500/10000000 (90.62%)
2026-05-22 15:38:48,687 | INFO | MainProcess | Progreso CPU (AMBAS) | 9687500/10000000 (96.88%)
2026-05-22 15:38:48,687 | INFO | MainProcess | CPU paralelo progreso | trabajo=15/16
2026-05-22 15:38:48,691 | INFO | ForkProcess-144 | [CPU worker] fin lote: experimentos=312500, pid=182591
2026-05-22 15:38:48,692 | INFO | MainProcess | Progreso CPU (AMBAS) | 10000000/10000000 (100.00%)
2026-05-22 15:38:48,692 | INFO | MainProcess | CPU paralelo progreso | trabajo=16/16
2026-05-22 15:38:55,914 | INFO | MainProcess | Lanzar N | N=10000000 | dados=1 | modo_solicitado=CPU | modo_real=CPU | trabajadores=16
2026-05-22 15:38:55,915 | INFO | MainProcess | Generar masivos | experimentos=10000000 | dados=1 | trabajadores=16
2026-05-22 15:38:55,991 | INFO | ForkProcess-145 | [CPU worker] inicio lote: experimentos=625000, dados=1, pid=182772
2026-05-22 15:38:55,991 | INFO | ForkProcess-146 | [CPU worker] inicio lote: experimentos=625000, dados=1, pid=182773
2026-05-22 15:38:55,992 | INFO | ForkProcess-151 | [CPU worker] inicio lote: experimentos=625000, dados=1, pid=182779
2026-05-22 15:38:55,992 | INFO | ForkProcess-150 | [CPU worker] inicio lote: experimentos=625000, dados=1, pid=182778
2026-05-22 15:38:55,992 | INFO | ForkProcess-148 | [CPU worker] inicio lote: experimentos=625000, dados=1, pid=182776
2026-05-22 15:38:55,991 | INFO | ForkProcess-147 | [CPU worker] inicio lote: experimentos=625000, dados=1, pid=182775
2026-05-22 15:38:55,992 | INFO | ForkProcess-155 | [CPU worker] inicio lote: experimentos=625000, dados=1, pid=182783
2026-05-22 15:38:55,992 | INFO | ForkProcess-156 | [CPU worker] inicio lote: experimentos=625000, dados=1, pid=182784
2026-05-22 15:38:55,992 | INFO | ForkProcess-149 | [CPU worker] inicio lote: experimentos=625000, dados=1, pid=182777
2026-05-22 15:38:55,992 | INFO | ForkProcess-153 | [CPU worker] inicio lote: experimentos=625000, dados=1, pid=182781
2026-05-22 15:38:55,992 | INFO | ForkProcess-154 | [CPU worker] inicio lote: experimentos=625000, dados=1, pid=182782
2026-05-22 15:38:55,992 | INFO | ForkProcess-152 | [CPU worker] inicio lote: experimentos=625000, dados=1, pid=182780
2026-05-22 15:38:55,993 | INFO | ForkProcess-160 | [CPU worker] inicio lote: experimentos=625000, dados=1, pid=182788
2026-05-22 15:38:55,992 | INFO | ForkProcess-157 | [CPU worker] inicio lote: experimentos=625000, dados=1, pid=182785
2026-05-22 15:38:55,992 | INFO | ForkProcess-158 | [CPU worker] inicio lote: experimentos=625000, dados=1, pid=182786
2026-05-22 15:38:55,993 | INFO | ForkProcess-159 | [CPU worker] inicio lote: experimentos=625000, dados=1, pid=182787
2026-05-22 15:38:57,121 | INFO | ForkProcess-148 | [CPU worker] fin lote: experimentos=625000, pid=182776
2026-05-22 15:38:57,122 | INFO | ForkProcess-149 | [CPU worker] fin lote: experimentos=625000, pid=182777
2026-05-22 15:38:57,135 | INFO | ForkProcess-145 | [CPU worker] fin lote: experimentos=625000, pid=182772
2026-05-22 15:38:57,136 | INFO | MainProcess | Progreso CPU | 625000/10000000 (6.25%)
2026-05-22 15:38:57,138 | INFO | ForkProcess-160 | [CPU worker] fin lote: experimentos=625000, pid=182788
2026-05-22 15:38:57,139 | INFO | ForkProcess-146 | [CPU worker] fin lote: experimentos=625000, pid=182773
2026-05-22 15:38:57,140 | INFO | MainProcess | CPU paralelo progreso | trabajo=1/16
2026-05-22 15:38:57,141 | INFO | MainProcess | Progreso CPU | 1250000/10000000 (12.50%)
2026-05-22 15:38:57,140 | INFO | ForkProcess-156 | [CPU worker] fin lote: experimentos=625000, pid=182784
2026-05-22 15:38:57,148 | INFO | ForkProcess-151 | [CPU worker] fin lote: experimentos=625000, pid=182779
2026-05-22 15:38:57,155 | INFO | ForkProcess-155 | [CPU worker] fin lote: experimentos=625000, pid=182783
2026-05-22 15:38:57,168 | INFO | ForkProcess-159 | [CPU worker] fin lote: experimentos=625000, pid=182787
2026-05-22 15:38:57,173 | INFO | ForkProcess-147 | [CPU worker] fin lote: experimentos=625000, pid=182775
2026-05-22 15:38:57,174 | INFO | MainProcess | Progreso CPU | 1875000/10000000 (18.75%)
2026-05-22 15:38:57,175 | INFO | MainProcess | CPU paralelo progreso | trabajo=3/16
2026-05-22 15:38:57,175 | INFO | MainProcess | Progreso CPU | 2500000/10000000 (25.00%)
2026-05-22 15:38:57,175 | INFO | MainProcess | Progreso CPU | 3125000/10000000 (31.25%)
2026-05-22 15:38:57,181 | INFO | ForkProcess-157 | [CPU worker] fin lote: experimentos=625000, pid=182785
2026-05-22 15:38:57,182 | INFO | ForkProcess-152 | [CPU worker] fin lote: experimentos=625000, pid=182780
2026-05-22 15:38:57,184 | INFO | ForkProcess-154 | [CPU worker] fin lote: experimentos=625000, pid=182782
2026-05-22 15:38:57,191 | INFO | ForkProcess-153 | [CPU worker] fin lote: experimentos=625000, pid=182781
2026-05-22 15:38:57,194 | INFO | ForkProcess-150 | [CPU worker] fin lote: experimentos=625000, pid=182778
2026-05-22 15:38:57,194 | INFO | MainProcess | Progreso CPU | 3750000/10000000 (37.50%)
2026-05-22 15:38:57,195 | INFO | MainProcess | CPU paralelo progreso | trabajo=6/16
2026-05-22 15:38:57,195 | INFO | MainProcess | Progreso CPU | 4375000/10000000 (43.75%)
2026-05-22 15:38:57,195 | INFO | MainProcess | Progreso CPU | 5000000/10000000 (50.00%)
2026-05-22 15:38:57,195 | INFO | MainProcess | Progreso CPU | 5625000/10000000 (56.25%)
2026-05-22 15:38:57,195 | INFO | MainProcess | CPU paralelo progreso | trabajo=9/16
2026-05-22 15:38:57,195 | INFO | MainProcess | Progreso CPU | 6250000/10000000 (62.50%)
2026-05-22 15:38:57,195 | INFO | MainProcess | Progreso CPU | 6875000/10000000 (68.75%)
2026-05-22 15:38:57,195 | INFO | MainProcess | Progreso CPU | 7500000/10000000 (75.00%)
2026-05-22 15:38:57,196 | INFO | MainProcess | CPU paralelo progreso | trabajo=12/16
2026-05-22 15:38:57,196 | INFO | MainProcess | Progreso CPU | 8125000/10000000 (81.25%)
2026-05-22 15:38:57,207 | INFO | ForkProcess-158 | [CPU worker] fin lote: experimentos=625000, pid=182786
2026-05-22 15:38:57,208 | INFO | MainProcess | Progreso CPU | 8750000/10000000 (87.50%)
2026-05-22 15:38:57,208 | INFO | MainProcess | Progreso CPU | 9375000/10000000 (93.75%)
2026-05-22 15:38:57,208 | INFO | MainProcess | CPU paralelo progreso | trabajo=15/16
2026-05-22 15:38:57,208 | INFO | MainProcess | Progreso CPU | 10000000/10000000 (100.00%)
2026-05-22 15:38:57,208 | INFO | MainProcess | CPU paralelo progreso | trabajo=16/16
2026-05-22 15:38:59,847 | INFO | MainProcess | Lanzar N | N=10000000 | dados=1 | modo_solicitado=CPU | modo_real=CPU | trabajadores=16
2026-05-22 15:38:59,849 | INFO | MainProcess | Generar masivos | experimentos=10000000 | dados=1 | trabajadores=16
2026-05-22 15:38:59,929 | INFO | ForkProcess-161 | [CPU worker] inicio lote: experimentos=625000, dados=1, pid=182891
2026-05-22 15:38:59,929 | INFO | ForkProcess-162 | [CPU worker] inicio lote: experimentos=625000, dados=1, pid=182892
2026-05-22 15:38:59,929 | INFO | ForkProcess-163 | [CPU worker] inicio lote: experimentos=625000, dados=1, pid=182893
2026-05-22 15:38:59,930 | INFO | ForkProcess-166 | [CPU worker] inicio lote: experimentos=625000, dados=1, pid=182896
2026-05-22 15:38:59,930 | INFO | ForkProcess-167 | [CPU worker] inicio lote: experimentos=625000, dados=1, pid=182897
2026-05-22 15:38:59,930 | INFO | ForkProcess-164 | [CPU worker] inicio lote: experimentos=625000, dados=1, pid=182894
2026-05-22 15:38:59,930 | INFO | ForkProcess-165 | [CPU worker] inicio lote: experimentos=625000, dados=1, pid=182895
2026-05-22 15:38:59,930 | INFO | ForkProcess-168 | [CPU worker] inicio lote: experimentos=625000, dados=1, pid=182898
2026-05-22 15:38:59,930 | INFO | ForkProcess-171 | [CPU worker] inicio lote: experimentos=625000, dados=1, pid=182902
2026-05-22 15:38:59,930 | INFO | ForkProcess-173 | [CPU worker] inicio lote: experimentos=625000, dados=1, pid=182904
2026-05-22 15:38:59,930 | INFO | ForkProcess-170 | [CPU worker] inicio lote: experimentos=625000, dados=1, pid=182901
2026-05-22 15:38:59,930 | INFO | ForkProcess-169 | [CPU worker] inicio lote: experimentos=625000, dados=1, pid=182900
2026-05-22 15:38:59,930 | INFO | ForkProcess-172 | [CPU worker] inicio lote: experimentos=625000, dados=1, pid=182903
2026-05-22 15:38:59,930 | INFO | ForkProcess-175 | [CPU worker] inicio lote: experimentos=625000, dados=1, pid=182906
2026-05-22 15:38:59,931 | INFO | ForkProcess-174 | [CPU worker] inicio lote: experimentos=625000, dados=1, pid=182905
2026-05-22 15:38:59,931 | INFO | ForkProcess-176 | [CPU worker] inicio lote: experimentos=625000, dados=1, pid=182907
2026-05-22 15:39:01,041 | INFO | ForkProcess-162 | [CPU worker] fin lote: experimentos=625000, pid=182892
2026-05-22 15:39:01,057 | INFO | ForkProcess-165 | [CPU worker] fin lote: experimentos=625000, pid=182895
2026-05-22 15:39:01,066 | INFO | ForkProcess-170 | [CPU worker] fin lote: experimentos=625000, pid=182901
2026-05-22 15:39:01,068 | INFO | ForkProcess-175 | [CPU worker] fin lote: experimentos=625000, pid=182906
2026-05-22 15:39:01,073 | INFO | ForkProcess-161 | [CPU worker] fin lote: experimentos=625000, pid=182891
2026-05-22 15:39:01,074 | INFO | ForkProcess-167 | [CPU worker] fin lote: experimentos=625000, pid=182897
2026-05-22 15:39:01,074 | INFO | ForkProcess-164 | [CPU worker] fin lote: experimentos=625000, pid=182894
2026-05-22 15:39:01,074 | INFO | MainProcess | Progreso CPU | 625000/10000000 (6.25%)
2026-05-22 15:39:01,075 | INFO | MainProcess | CPU paralelo progreso | trabajo=1/16
2026-05-22 15:39:01,075 | INFO | MainProcess | Progreso CPU | 1250000/10000000 (12.50%)
2026-05-22 15:39:01,075 | INFO | ForkProcess-163 | [CPU worker] fin lote: experimentos=625000, pid=182893
2026-05-22 15:39:01,075 | INFO | MainProcess | Progreso CPU | 1875000/10000000 (18.75%)
2026-05-22 15:39:01,076 | INFO | MainProcess | CPU paralelo progreso | trabajo=3/16
2026-05-22 15:39:01,076 | INFO | MainProcess | Progreso CPU | 2500000/10000000 (25.00%)
2026-05-22 15:39:01,076 | INFO | MainProcess | Progreso CPU | 3125000/10000000 (31.25%)
2026-05-22 15:39:01,094 | INFO | ForkProcess-168 | [CPU worker] fin lote: experimentos=625000, pid=182898
2026-05-22 15:39:01,101 | INFO | ForkProcess-169 | [CPU worker] fin lote: experimentos=625000, pid=182900
2026-05-22 15:39:01,108 | INFO | ForkProcess-176 | [CPU worker] fin lote: experimentos=625000, pid=182907
2026-05-22 15:39:01,121 | INFO | ForkProcess-172 | [CPU worker] fin lote: experimentos=625000, pid=182903
2026-05-22 15:39:01,147 | INFO | ForkProcess-174 | [CPU worker] fin lote: experimentos=625000, pid=182905
2026-05-22 15:39:01,178 | INFO | ForkProcess-166 | [CPU worker] fin lote: experimentos=625000, pid=182896
2026-05-22 15:39:01,178 | INFO | MainProcess | Progreso CPU | 3750000/10000000 (37.50%)
2026-05-22 15:39:01,178 | INFO | MainProcess | CPU paralelo progreso | trabajo=6/16
2026-05-22 15:39:01,179 | INFO | MainProcess | Progreso CPU | 4375000/10000000 (43.75%)
2026-05-22 15:39:01,179 | INFO | MainProcess | Progreso CPU | 5000000/10000000 (50.00%)
2026-05-22 15:39:01,179 | INFO | MainProcess | Progreso CPU | 5625000/10000000 (56.25%)
2026-05-22 15:39:01,179 | INFO | MainProcess | CPU paralelo progreso | trabajo=9/16
2026-05-22 15:39:01,179 | INFO | MainProcess | Progreso CPU | 6250000/10000000 (62.50%)
2026-05-22 15:39:01,201 | INFO | ForkProcess-171 | [CPU worker] fin lote: experimentos=625000, pid=182902
2026-05-22 15:39:01,202 | INFO | MainProcess | Progreso CPU | 6875000/10000000 (68.75%)
2026-05-22 15:39:01,202 | INFO | MainProcess | Progreso CPU | 7500000/10000000 (75.00%)
2026-05-22 15:39:01,202 | INFO | MainProcess | CPU paralelo progreso | trabajo=12/16
2026-05-22 15:39:01,207 | INFO | ForkProcess-173 | [CPU worker] fin lote: experimentos=625000, pid=182904
2026-05-22 15:39:01,208 | INFO | MainProcess | Progreso CPU | 8125000/10000000 (81.25%)
2026-05-22 15:39:01,208 | INFO | MainProcess | Progreso CPU | 8750000/10000000 (87.50%)
2026-05-22 15:39:01,208 | INFO | MainProcess | Progreso CPU | 9375000/10000000 (93.75%)
2026-05-22 15:39:01,208 | INFO | MainProcess | CPU paralelo progreso | trabajo=15/16
2026-05-22 15:39:01,208 | INFO | MainProcess | Progreso CPU | 10000000/10000000 (100.00%)
2026-05-22 15:39:01,208 | INFO | MainProcess | CPU paralelo progreso | trabajo=16/16
2026-05-22 15:39:10,675 | INFO | MainProcess | Lanzar N | N=10000000 | dados=1 | modo_solicitado=CPU | modo_real=CPU | trabajadores=16
2026-05-22 15:39:10,676 | INFO | MainProcess | Generar masivos | experimentos=10000000 | dados=1 | trabajadores=16
2026-05-22 15:39:10,753 | INFO | ForkProcess-177 | [CPU worker] inicio lote: experimentos=625000, dados=1, pid=183128
2026-05-22 15:39:10,753 | INFO | ForkProcess-178 | [CPU worker] inicio lote: experimentos=625000, dados=1, pid=183129
2026-05-22 15:39:10,753 | INFO | ForkProcess-179 | [CPU worker] inicio lote: experimentos=625000, dados=1, pid=183130
2026-05-22 15:39:10,753 | INFO | ForkProcess-181 | [CPU worker] inicio lote: experimentos=625000, dados=1, pid=183133
2026-05-22 15:39:10,753 | INFO | ForkProcess-180 | [CPU worker] inicio lote: experimentos=625000, dados=1, pid=183132
2026-05-22 15:39:10,753 | INFO | ForkProcess-182 | [CPU worker] inicio lote: experimentos=625000, dados=1, pid=183134
2026-05-22 15:39:10,753 | INFO | ForkProcess-184 | [CPU worker] inicio lote: experimentos=625000, dados=1, pid=183136
2026-05-22 15:39:10,754 | INFO | ForkProcess-188 | [CPU worker] inicio lote: experimentos=625000, dados=1, pid=183140
2026-05-22 15:39:10,753 | INFO | ForkProcess-183 | [CPU worker] inicio lote: experimentos=625000, dados=1, pid=183135
2026-05-22 15:39:10,754 | INFO | ForkProcess-185 | [CPU worker] inicio lote: experimentos=625000, dados=1, pid=183137
2026-05-22 15:39:10,754 | INFO | ForkProcess-186 | [CPU worker] inicio lote: experimentos=625000, dados=1, pid=183138
2026-05-22 15:39:10,754 | INFO | ForkProcess-187 | [CPU worker] inicio lote: experimentos=625000, dados=1, pid=183139
2026-05-22 15:39:10,756 | INFO | ForkProcess-192 | [CPU worker] inicio lote: experimentos=625000, dados=1, pid=183144
2026-05-22 15:39:10,754 | INFO | ForkProcess-190 | [CPU worker] inicio lote: experimentos=625000, dados=1, pid=183142
2026-05-22 15:39:10,754 | INFO | ForkProcess-189 | [CPU worker] inicio lote: experimentos=625000, dados=1, pid=183141
2026-05-22 15:39:10,754 | INFO | ForkProcess-191 | [CPU worker] inicio lote: experimentos=625000, dados=1, pid=183143
2026-05-22 15:39:11,870 | INFO | ForkProcess-178 | [CPU worker] fin lote: experimentos=625000, pid=183129
2026-05-22 15:39:11,874 | INFO | ForkProcess-191 | [CPU worker] fin lote: experimentos=625000, pid=183143
2026-05-22 15:39:11,878 | INFO | ForkProcess-183 | [CPU worker] fin lote: experimentos=625000, pid=183135
2026-05-22 15:39:11,894 | INFO | ForkProcess-184 | [CPU worker] fin lote: experimentos=625000, pid=183136
2026-05-22 15:39:11,900 | INFO | ForkProcess-192 | [CPU worker] fin lote: experimentos=625000, pid=183144
2026-05-22 15:39:11,902 | INFO | ForkProcess-186 | [CPU worker] fin lote: experimentos=625000, pid=183138
2026-05-22 15:39:11,906 | INFO | ForkProcess-187 | [CPU worker] fin lote: experimentos=625000, pid=183139
2026-05-22 15:39:11,907 | INFO | ForkProcess-185 | [CPU worker] fin lote: experimentos=625000, pid=183137
2026-05-22 15:39:11,909 | INFO | ForkProcess-182 | [CPU worker] fin lote: experimentos=625000, pid=183134
2026-05-22 15:39:11,912 | INFO | ForkProcess-188 | [CPU worker] fin lote: experimentos=625000, pid=183140
2026-05-22 15:39:11,918 | INFO | ForkProcess-179 | [CPU worker] fin lote: experimentos=625000, pid=183130
2026-05-22 15:39:11,919 | INFO | ForkProcess-177 | [CPU worker] fin lote: experimentos=625000, pid=183128
2026-05-22 15:39:11,919 | INFO | MainProcess | Progreso CPU | 625000/10000000 (6.25%)
2026-05-22 15:39:11,919 | INFO | MainProcess | CPU paralelo progreso | trabajo=1/16
2026-05-22 15:39:11,920 | INFO | MainProcess | Progreso CPU | 1250000/10000000 (12.50%)
2026-05-22 15:39:11,920 | INFO | MainProcess | Progreso CPU | 1875000/10000000 (18.75%)
2026-05-22 15:39:11,920 | INFO | MainProcess | CPU paralelo progreso | trabajo=3/16
2026-05-22 15:39:11,927 | INFO | ForkProcess-190 | [CPU worker] fin lote: experimentos=625000, pid=183142
2026-05-22 15:39:11,929 | INFO | ForkProcess-180 | [CPU worker] fin lote: experimentos=625000, pid=183132
2026-05-22 15:39:11,930 | INFO | MainProcess | Progreso CPU | 2500000/10000000 (25.00%)
2026-05-22 15:39:11,948 | INFO | ForkProcess-181 | [CPU worker] fin lote: experimentos=625000, pid=183133
2026-05-22 15:39:11,949 | INFO | MainProcess | Progreso CPU | 3125000/10000000 (31.25%)
2026-05-22 15:39:11,949 | INFO | MainProcess | Progreso CPU | 3750000/10000000 (37.50%)
2026-05-22 15:39:11,949 | INFO | MainProcess | CPU paralelo progreso | trabajo=6/16
2026-05-22 15:39:11,949 | INFO | MainProcess | Progreso CPU | 4375000/10000000 (43.75%)
2026-05-22 15:39:11,949 | INFO | MainProcess | Progreso CPU | 5000000/10000000 (50.00%)
2026-05-22 15:39:11,949 | INFO | MainProcess | Progreso CPU | 5625000/10000000 (56.25%)
2026-05-22 15:39:11,949 | INFO | MainProcess | CPU paralelo progreso | trabajo=9/16
2026-05-22 15:39:11,949 | INFO | MainProcess | Progreso CPU | 6250000/10000000 (62.50%)
2026-05-22 15:39:11,950 | INFO | MainProcess | Progreso CPU | 6875000/10000000 (68.75%)
2026-05-22 15:39:11,950 | INFO | MainProcess | Progreso CPU | 7500000/10000000 (75.00%)
2026-05-22 15:39:11,950 | INFO | MainProcess | CPU paralelo progreso | trabajo=12/16
2026-05-22 15:39:11,992 | INFO | ForkProcess-189 | [CPU worker] fin lote: experimentos=625000, pid=183141
2026-05-22 15:39:11,993 | INFO | MainProcess | Progreso CPU | 8125000/10000000 (81.25%)
2026-05-22 15:39:11,994 | INFO | MainProcess | Progreso CPU | 8750000/10000000 (87.50%)
2026-05-22 15:39:11,994 | INFO | MainProcess | Progreso CPU | 9375000/10000000 (93.75%)
2026-05-22 15:39:11,994 | INFO | MainProcess | CPU paralelo progreso | trabajo=15/16
2026-05-22 15:39:11,994 | INFO | MainProcess | Progreso CPU | 10000000/10000000 (100.00%)
2026-05-22 15:39:11,994 | INFO | MainProcess | CPU paralelo progreso | trabajo=16/16
2026-05-22 15:39:19,517 | INFO | MainProcess | Lanzar N | N=10000000 | dados=1 | modo_solicitado=CPU | modo_real=CPU | trabajadores=16
2026-05-22 15:39:19,518 | INFO | MainProcess | Generar masivos | experimentos=10000000 | dados=1 | trabajadores=16
2026-05-22 15:39:19,594 | INFO | ForkProcess-196 | [CPU worker] inicio lote: experimentos=625000, dados=1, pid=183353
2026-05-22 15:39:19,594 | INFO | ForkProcess-193 | [CPU worker] inicio lote: experimentos=625000, dados=1, pid=183350
2026-05-22 15:39:19,594 | INFO | ForkProcess-195 | [CPU worker] inicio lote: experimentos=625000, dados=1, pid=183352
2026-05-22 15:39:19,594 | INFO | ForkProcess-197 | [CPU worker] inicio lote: experimentos=625000, dados=1, pid=183355
2026-05-22 15:39:19,594 | INFO | ForkProcess-198 | [CPU worker] inicio lote: experimentos=625000, dados=1, pid=183356
2026-05-22 15:39:19,594 | INFO | ForkProcess-200 | [CPU worker] inicio lote: experimentos=625000, dados=1, pid=183358
2026-05-22 15:39:19,594 | INFO | ForkProcess-194 | [CPU worker] inicio lote: experimentos=625000, dados=1, pid=183351
2026-05-22 15:39:19,595 | INFO | ForkProcess-202 | [CPU worker] inicio lote: experimentos=625000, dados=1, pid=183360
2026-05-22 15:39:19,594 | INFO | ForkProcess-199 | [CPU worker] inicio lote: experimentos=625000, dados=1, pid=183357
2026-05-22 15:39:19,595 | INFO | ForkProcess-203 | [CPU worker] inicio lote: experimentos=625000, dados=1, pid=183361
2026-05-22 15:39:19,595 | INFO | ForkProcess-201 | [CPU worker] inicio lote: experimentos=625000, dados=1, pid=183359
2026-05-22 15:39:19,595 | INFO | ForkProcess-204 | [CPU worker] inicio lote: experimentos=625000, dados=1, pid=183362
2026-05-22 15:39:19,595 | INFO | ForkProcess-205 | [CPU worker] inicio lote: experimentos=625000, dados=1, pid=183363
2026-05-22 15:39:19,595 | INFO | ForkProcess-206 | [CPU worker] inicio lote: experimentos=625000, dados=1, pid=183364
2026-05-22 15:39:19,596 | INFO | ForkProcess-207 | [CPU worker] inicio lote: experimentos=625000, dados=1, pid=183365
2026-05-22 15:39:19,599 | INFO | ForkProcess-208 | [CPU worker] inicio lote: experimentos=625000, dados=1, pid=183366
2026-05-22 15:39:20,680 | INFO | ForkProcess-193 | [CPU worker] fin lote: experimentos=625000, pid=183350
2026-05-22 15:39:20,682 | INFO | MainProcess | Progreso CPU | 625000/10000000 (6.25%)
2026-05-22 15:39:20,682 | INFO | MainProcess | CPU paralelo progreso | trabajo=1/16
2026-05-22 15:39:20,696 | INFO | ForkProcess-194 | [CPU worker] fin lote: experimentos=625000, pid=183351
2026-05-22 15:39:20,697 | INFO | MainProcess | Progreso CPU | 1250000/10000000 (12.50%)
2026-05-22 15:39:20,709 | INFO | ForkProcess-198 | [CPU worker] fin lote: experimentos=625000, pid=183356
2026-05-22 15:39:20,711 | INFO | ForkProcess-197 | [CPU worker] fin lote: experimentos=625000, pid=183355
2026-05-22 15:39:20,725 | INFO | ForkProcess-208 | [CPU worker] fin lote: experimentos=625000, pid=183366
2026-05-22 15:39:20,726 | INFO | ForkProcess-202 | [CPU worker] fin lote: experimentos=625000, pid=183360
2026-05-22 15:39:20,727 | INFO | ForkProcess-201 | [CPU worker] fin lote: experimentos=625000, pid=183359
2026-05-22 15:39:20,730 | INFO | ForkProcess-199 | [CPU worker] fin lote: experimentos=625000, pid=183357
2026-05-22 15:39:20,730 | INFO | ForkProcess-200 | [CPU worker] fin lote: experimentos=625000, pid=183358
2026-05-22 15:39:20,733 | INFO | ForkProcess-206 | [CPU worker] fin lote: experimentos=625000, pid=183364
2026-05-22 15:39:20,734 | INFO | ForkProcess-195 | [CPU worker] fin lote: experimentos=625000, pid=183352
2026-05-22 15:39:20,734 | INFO | MainProcess | Progreso CPU | 1875000/10000000 (18.75%)
2026-05-22 15:39:20,734 | INFO | MainProcess | CPU paralelo progreso | trabajo=3/16
2026-05-22 15:39:20,744 | INFO | ForkProcess-196 | [CPU worker] fin lote: experimentos=625000, pid=183353
2026-05-22 15:39:20,745 | INFO | MainProcess | Progreso CPU | 2500000/10000000 (25.00%)
2026-05-22 15:39:20,745 | INFO | MainProcess | Progreso CPU | 3125000/10000000 (31.25%)
2026-05-22 15:39:20,746 | INFO | MainProcess | Progreso CPU | 3750000/10000000 (37.50%)
2026-05-22 15:39:20,746 | INFO | MainProcess | CPU paralelo progreso | trabajo=6/16
2026-05-22 15:39:20,746 | INFO | MainProcess | Progreso CPU | 4375000/10000000 (43.75%)
2026-05-22 15:39:20,746 | INFO | MainProcess | Progreso CPU | 5000000/10000000 (50.00%)
2026-05-22 15:39:20,746 | INFO | MainProcess | Progreso CPU | 5625000/10000000 (56.25%)
2026-05-22 15:39:20,746 | INFO | MainProcess | CPU paralelo progreso | trabajo=9/16
2026-05-22 15:39:20,746 | INFO | MainProcess | Progreso CPU | 6250000/10000000 (62.50%)
2026-05-22 15:39:20,749 | INFO | ForkProcess-205 | [CPU worker] fin lote: experimentos=625000, pid=183363
2026-05-22 15:39:20,767 | INFO | ForkProcess-204 | [CPU worker] fin lote: experimentos=625000, pid=183362
2026-05-22 15:39:20,770 | INFO | ForkProcess-207 | [CPU worker] fin lote: experimentos=625000, pid=183365
2026-05-22 15:39:20,858 | INFO | ForkProcess-203 | [CPU worker] fin lote: experimentos=625000, pid=183361
2026-05-22 15:39:20,859 | INFO | MainProcess | Progreso CPU | 6875000/10000000 (68.75%)
2026-05-22 15:39:20,859 | INFO | MainProcess | Progreso CPU | 7500000/10000000 (75.00%)
2026-05-22 15:39:20,859 | INFO | MainProcess | CPU paralelo progreso | trabajo=12/16
2026-05-22 15:39:20,859 | INFO | MainProcess | Progreso CPU | 8125000/10000000 (81.25%)
2026-05-22 15:39:20,859 | INFO | MainProcess | Progreso CPU | 8750000/10000000 (87.50%)
2026-05-22 15:39:20,860 | INFO | MainProcess | Progreso CPU | 9375000/10000000 (93.75%)
2026-05-22 15:39:20,860 | INFO | MainProcess | CPU paralelo progreso | trabajo=15/16
2026-05-22 15:39:20,860 | INFO | MainProcess | Progreso CPU | 10000000/10000000 (100.00%)
2026-05-22 15:39:20,860 | INFO | MainProcess | CPU paralelo progreso | trabajo=16/16
2026-05-22 15:39:25,469 | INFO | MainProcess | Lanzar N | N=10000000 | dados=1 | modo_solicitado=CPU | modo_real=CPU | trabajadores=16
2026-05-22 15:39:25,471 | INFO | MainProcess | Generar masivos | experimentos=10000000 | dados=1 | trabajadores=16
2026-05-22 15:39:25,550 | INFO | ForkProcess-209 | [CPU worker] inicio lote: experimentos=625000, dados=1, pid=183496
2026-05-22 15:39:25,550 | INFO | ForkProcess-210 | [CPU worker] inicio lote: experimentos=625000, dados=1, pid=183497
2026-05-22 15:39:25,550 | INFO | ForkProcess-211 | [CPU worker] inicio lote: experimentos=625000, dados=1, pid=183498
2026-05-22 15:39:25,551 | INFO | ForkProcess-212 | [CPU worker] inicio lote: experimentos=625000, dados=1, pid=183500
2026-05-22 15:39:25,551 | INFO | ForkProcess-214 | [CPU worker] inicio lote: experimentos=625000, dados=1, pid=183503
2026-05-22 15:39:25,551 | INFO | ForkProcess-215 | [CPU worker] inicio lote: experimentos=625000, dados=1, pid=183504
2026-05-22 15:39:25,551 | INFO | ForkProcess-216 | [CPU worker] inicio lote: experimentos=625000, dados=1, pid=183510
2026-05-22 15:39:25,551 | INFO | ForkProcess-213 | [CPU worker] inicio lote: experimentos=625000, dados=1, pid=183501
2026-05-22 15:39:25,551 | INFO | ForkProcess-217 | [CPU worker] inicio lote: experimentos=625000, dados=1, pid=183515
2026-05-22 15:39:25,551 | INFO | ForkProcess-219 | [CPU worker] inicio lote: experimentos=625000, dados=1, pid=183517
2026-05-22 15:39:25,551 | INFO | ForkProcess-221 | [CPU worker] inicio lote: experimentos=625000, dados=1, pid=183519
2026-05-22 15:39:25,551 | INFO | ForkProcess-220 | [CPU worker] inicio lote: experimentos=625000, dados=1, pid=183518
2026-05-22 15:39:25,554 | INFO | ForkProcess-222 | [CPU worker] inicio lote: experimentos=625000, dados=1, pid=183520
2026-05-22 15:39:25,551 | INFO | ForkProcess-218 | [CPU worker] inicio lote: experimentos=625000, dados=1, pid=183516
2026-05-22 15:39:25,555 | INFO | ForkProcess-224 | [CPU worker] inicio lote: experimentos=625000, dados=1, pid=183522
2026-05-22 15:39:25,554 | INFO | ForkProcess-223 | [CPU worker] inicio lote: experimentos=625000, dados=1, pid=183521
2026-05-22 15:39:26,663 | INFO | ForkProcess-214 | [CPU worker] fin lote: experimentos=625000, pid=183503
2026-05-22 15:39:26,671 | INFO | ForkProcess-212 | [CPU worker] fin lote: experimentos=625000, pid=183500
2026-05-22 15:39:26,675 | INFO | ForkProcess-217 | [CPU worker] fin lote: experimentos=625000, pid=183515
2026-05-22 15:39:26,676 | INFO | ForkProcess-219 | [CPU worker] fin lote: experimentos=625000, pid=183517
2026-05-22 15:39:26,678 | INFO | ForkProcess-216 | [CPU worker] fin lote: experimentos=625000, pid=183510
2026-05-22 15:39:26,684 | INFO | ForkProcess-215 | [CPU worker] fin lote: experimentos=625000, pid=183504
2026-05-22 15:39:26,690 | INFO | ForkProcess-220 | [CPU worker] fin lote: experimentos=625000, pid=183518
2026-05-22 15:39:26,695 | INFO | ForkProcess-222 | [CPU worker] fin lote: experimentos=625000, pid=183520
2026-05-22 15:39:26,701 | INFO | ForkProcess-223 | [CPU worker] fin lote: experimentos=625000, pid=183521
2026-05-22 15:39:26,708 | INFO | ForkProcess-209 | [CPU worker] fin lote: experimentos=625000, pid=183496
2026-05-22 15:39:26,710 | INFO | MainProcess | Progreso CPU | 625000/10000000 (6.25%)
2026-05-22 15:39:26,710 | INFO | MainProcess | CPU paralelo progreso | trabajo=1/16
2026-05-22 15:39:26,714 | INFO | ForkProcess-210 | [CPU worker] fin lote: experimentos=625000, pid=183497
2026-05-22 15:39:26,715 | INFO | MainProcess | Progreso CPU | 1250000/10000000 (12.50%)
2026-05-22 15:39:26,724 | INFO | ForkProcess-211 | [CPU worker] fin lote: experimentos=625000, pid=183498
2026-05-22 15:39:26,724 | INFO | MainProcess | Progreso CPU | 1875000/10000000 (18.75%)
2026-05-22 15:39:26,725 | INFO | MainProcess | CPU paralelo progreso | trabajo=3/16
2026-05-22 15:39:26,725 | INFO | MainProcess | Progreso CPU | 2500000/10000000 (25.00%)
2026-05-22 15:39:26,730 | INFO | ForkProcess-224 | [CPU worker] fin lote: experimentos=625000, pid=183522
2026-05-22 15:39:26,772 | INFO | ForkProcess-218 | [CPU worker] fin lote: experimentos=625000, pid=183516
2026-05-22 15:39:26,783 | INFO | ForkProcess-213 | [CPU worker] fin lote: experimentos=625000, pid=183501
2026-05-22 15:39:26,784 | INFO | MainProcess | Progreso CPU | 3125000/10000000 (31.25%)
2026-05-22 15:39:26,784 | INFO | MainProcess | Progreso CPU | 3750000/10000000 (37.50%)
2026-05-22 15:39:26,784 | INFO | MainProcess | CPU paralelo progreso | trabajo=6/16
2026-05-22 15:39:26,784 | INFO | MainProcess | Progreso CPU | 4375000/10000000 (43.75%)
2026-05-22 15:39:26,784 | INFO | MainProcess | Progreso CPU | 5000000/10000000 (50.00%)
2026-05-22 15:39:26,784 | INFO | MainProcess | Progreso CPU | 5625000/10000000 (56.25%)
2026-05-22 15:39:26,784 | INFO | MainProcess | CPU paralelo progreso | trabajo=9/16
2026-05-22 15:39:26,784 | INFO | MainProcess | Progreso CPU | 6250000/10000000 (62.50%)
2026-05-22 15:39:26,784 | INFO | MainProcess | Progreso CPU | 6875000/10000000 (68.75%)
2026-05-22 15:39:26,784 | INFO | MainProcess | Progreso CPU | 7500000/10000000 (75.00%)
2026-05-22 15:39:26,785 | INFO | MainProcess | CPU paralelo progreso | trabajo=12/16
2026-05-22 15:39:26,832 | INFO | ForkProcess-221 | [CPU worker] fin lote: experimentos=625000, pid=183519
2026-05-22 15:39:26,833 | INFO | MainProcess | Progreso CPU | 8125000/10000000 (81.25%)
2026-05-22 15:39:26,833 | INFO | MainProcess | Progreso CPU | 8750000/10000000 (87.50%)
2026-05-22 15:39:26,833 | INFO | MainProcess | Progreso CPU | 9375000/10000000 (93.75%)
2026-05-22 15:39:26,833 | INFO | MainProcess | CPU paralelo progreso | trabajo=15/16
2026-05-22 15:39:26,833 | INFO | MainProcess | Progreso CPU | 10000000/10000000 (100.00%)
2026-05-22 15:39:26,833 | INFO | MainProcess | CPU paralelo progreso | trabajo=16/16
2026-05-22 15:39:33,753 | INFO | MainProcess | Lanzar N | N=10000000 | dados=1 | modo_solicitado=AUTO | modo_real=GPU | trabajadores=16
2026-05-22 15:39:33,755 | INFO | MainProcess | GPU inicio | experimentos=10000000 | dados=1 | lote_max=120000
2026-05-22 15:39:33,755 | INFO | MainProcess | GPU lote inicio | lote=120000 | restante_antes=10000000
2026-05-22 15:39:33,826 | INFO | MainProcess | Progreso GPU | 120000/10000000 (1.20%)
2026-05-22 15:39:33,826 | INFO | MainProcess | GPU progreso | lote=120000 | restante=9880000
2026-05-22 15:39:33,827 | INFO | MainProcess | GPU lote inicio | lote=120000 | restante_antes=9880000
2026-05-22 15:39:33,887 | INFO | MainProcess | GPU progreso | lote=120000 | restante=9760000
2026-05-22 15:39:33,887 | INFO | MainProcess | GPU lote inicio | lote=120000 | restante_antes=9760000
2026-05-22 15:39:33,948 | INFO | MainProcess | GPU progreso | lote=120000 | restante=9640000
2026-05-22 15:39:33,948 | INFO | MainProcess | GPU lote inicio | lote=120000 | restante_antes=9640000
2026-05-22 15:39:34,010 | INFO | MainProcess | GPU progreso | lote=120000 | restante=9520000
2026-05-22 15:39:34,010 | INFO | MainProcess | GPU lote inicio | lote=120000 | restante_antes=9520000
2026-05-22 15:39:34,070 | INFO | MainProcess | Progreso GPU | 600000/10000000 (6.00%)
2026-05-22 15:39:34,071 | INFO | MainProcess | GPU progreso | lote=120000 | restante=9400000
2026-05-22 15:39:34,071 | INFO | MainProcess | GPU lote inicio | lote=120000 | restante_antes=9400000
2026-05-22 15:39:34,132 | INFO | MainProcess | GPU progreso | lote=120000 | restante=9280000
2026-05-22 15:39:34,133 | INFO | MainProcess | GPU lote inicio | lote=120000 | restante_antes=9280000
2026-05-22 15:39:34,196 | INFO | MainProcess | GPU progreso | lote=120000 | restante=9160000
2026-05-22 15:39:34,196 | INFO | MainProcess | GPU lote inicio | lote=120000 | restante_antes=9160000
2026-05-22 15:39:34,258 | INFO | MainProcess | GPU progreso | lote=120000 | restante=9040000
2026-05-22 15:39:34,258 | INFO | MainProcess | GPU lote inicio | lote=120000 | restante_antes=9040000
2026-05-22 15:39:34,317 | INFO | MainProcess | Progreso GPU | 1080000/10000000 (10.80%)
2026-05-22 15:39:34,318 | INFO | MainProcess | GPU progreso | lote=120000 | restante=8920000
2026-05-22 15:39:34,318 | INFO | MainProcess | GPU lote inicio | lote=120000 | restante_antes=8920000
2026-05-22 15:39:34,379 | INFO | MainProcess | GPU progreso | lote=120000 | restante=8800000
2026-05-22 15:39:34,379 | INFO | MainProcess | GPU lote inicio | lote=120000 | restante_antes=8800000
2026-05-22 15:39:34,440 | INFO | MainProcess | GPU progreso | lote=120000 | restante=8680000
2026-05-22 15:39:34,440 | INFO | MainProcess | GPU lote inicio | lote=120000 | restante_antes=8680000
2026-05-22 15:39:34,506 | INFO | MainProcess | GPU progreso | lote=120000 | restante=8560000
2026-05-22 15:39:34,506 | INFO | MainProcess | GPU lote inicio | lote=120000 | restante_antes=8560000
2026-05-22 15:39:34,571 | INFO | MainProcess | Progreso GPU | 1560000/10000000 (15.60%)
2026-05-22 15:39:34,571 | INFO | MainProcess | GPU progreso | lote=120000 | restante=8440000
2026-05-22 15:39:34,571 | INFO | MainProcess | GPU lote inicio | lote=120000 | restante_antes=8440000
2026-05-22 15:39:34,634 | INFO | MainProcess | GPU progreso | lote=120000 | restante=8320000
2026-05-22 15:39:34,634 | INFO | MainProcess | GPU lote inicio | lote=120000 | restante_antes=8320000
2026-05-22 15:39:34,695 | INFO | MainProcess | GPU progreso | lote=120000 | restante=8200000
2026-05-22 15:39:34,695 | INFO | MainProcess | GPU lote inicio | lote=120000 | restante_antes=8200000
2026-05-22 15:39:34,756 | INFO | MainProcess | GPU progreso | lote=120000 | restante=8080000
2026-05-22 15:39:34,756 | INFO | MainProcess | GPU lote inicio | lote=120000 | restante_antes=8080000
2026-05-22 15:39:34,817 | INFO | MainProcess | Progreso GPU | 2040000/10000000 (20.40%)
2026-05-22 15:39:34,818 | INFO | MainProcess | GPU progreso | lote=120000 | restante=7960000
2026-05-22 15:39:34,818 | INFO | MainProcess | GPU lote inicio | lote=120000 | restante_antes=7960000
2026-05-22 15:39:34,883 | INFO | MainProcess | GPU progreso | lote=120000 | restante=7840000
2026-05-22 15:39:34,883 | INFO | MainProcess | GPU lote inicio | lote=120000 | restante_antes=7840000
2026-05-22 15:39:34,945 | INFO | MainProcess | GPU progreso | lote=120000 | restante=7720000
2026-05-22 15:39:34,945 | INFO | MainProcess | GPU lote inicio | lote=120000 | restante_antes=7720000
2026-05-22 15:39:35,006 | INFO | MainProcess | GPU progreso | lote=120000 | restante=7600000
2026-05-22 15:39:35,006 | INFO | MainProcess | GPU lote inicio | lote=120000 | restante_antes=7600000
2026-05-22 15:39:35,068 | INFO | MainProcess | Progreso GPU | 2520000/10000000 (25.20%)
2026-05-22 15:39:35,068 | INFO | MainProcess | GPU progreso | lote=120000 | restante=7480000
2026-05-22 15:39:35,068 | INFO | MainProcess | GPU lote inicio | lote=120000 | restante_antes=7480000
2026-05-22 15:39:35,130 | INFO | MainProcess | GPU progreso | lote=120000 | restante=7360000
2026-05-22 15:39:35,130 | INFO | MainProcess | GPU lote inicio | lote=120000 | restante_antes=7360000
2026-05-22 15:39:35,192 | INFO | MainProcess | GPU progreso | lote=120000 | restante=7240000
2026-05-22 15:39:35,193 | INFO | MainProcess | GPU lote inicio | lote=120000 | restante_antes=7240000
2026-05-22 15:39:35,252 | INFO | MainProcess | GPU progreso | lote=120000 | restante=7120000
2026-05-22 15:39:35,253 | INFO | MainProcess | GPU lote inicio | lote=120000 | restante_antes=7120000
2026-05-22 15:39:35,312 | INFO | MainProcess | Progreso GPU | 3000000/10000000 (30.00%)
2026-05-22 15:39:35,312 | INFO | MainProcess | GPU progreso | lote=120000 | restante=7000000
2026-05-22 15:39:35,312 | INFO | MainProcess | GPU lote inicio | lote=120000 | restante_antes=7000000
2026-05-22 15:39:35,372 | INFO | MainProcess | GPU progreso | lote=120000 | restante=6880000
2026-05-22 15:39:35,372 | INFO | MainProcess | GPU lote inicio | lote=120000 | restante_antes=6880000
2026-05-22 15:39:35,432 | INFO | MainProcess | GPU progreso | lote=120000 | restante=6760000
2026-05-22 15:39:35,433 | INFO | MainProcess | GPU lote inicio | lote=120000 | restante_antes=6760000
2026-05-22 15:39:35,498 | INFO | MainProcess | GPU progreso | lote=120000 | restante=6640000
2026-05-22 15:39:35,498 | INFO | MainProcess | GPU lote inicio | lote=120000 | restante_antes=6640000
2026-05-22 15:39:35,559 | INFO | MainProcess | GPU progreso | lote=120000 | restante=6520000
2026-05-22 15:39:35,559 | INFO | MainProcess | GPU lote inicio | lote=120000 | restante_antes=6520000
2026-05-22 15:39:35,621 | INFO | MainProcess | Progreso GPU | 3600000/10000000 (36.00%)
2026-05-22 15:39:35,621 | INFO | MainProcess | GPU progreso | lote=120000 | restante=6400000
2026-05-22 15:39:35,621 | INFO | MainProcess | GPU lote inicio | lote=120000 | restante_antes=6400000
2026-05-22 15:39:35,683 | INFO | MainProcess | GPU progreso | lote=120000 | restante=6280000
2026-05-22 15:39:35,683 | INFO | MainProcess | GPU lote inicio | lote=120000 | restante_antes=6280000
2026-05-22 15:39:35,744 | INFO | MainProcess | GPU progreso | lote=120000 | restante=6160000
2026-05-22 15:39:35,744 | INFO | MainProcess | GPU lote inicio | lote=120000 | restante_antes=6160000
2026-05-22 15:39:35,804 | INFO | MainProcess | GPU progreso | lote=120000 | restante=6040000
2026-05-22 15:39:35,804 | INFO | MainProcess | GPU lote inicio | lote=120000 | restante_antes=6040000
2026-05-22 15:39:35,865 | INFO | MainProcess | Progreso GPU | 4080000/10000000 (40.80%)
2026-05-22 15:39:35,865 | INFO | MainProcess | GPU progreso | lote=120000 | restante=5920000
2026-05-22 15:39:35,865 | INFO | MainProcess | GPU lote inicio | lote=120000 | restante_antes=5920000
2026-05-22 15:39:35,925 | INFO | MainProcess | GPU progreso | lote=120000 | restante=5800000
2026-05-22 15:39:35,925 | INFO | MainProcess | GPU lote inicio | lote=120000 | restante_antes=5800000
2026-05-22 15:39:35,986 | INFO | MainProcess | GPU progreso | lote=120000 | restante=5680000
2026-05-22 15:39:35,987 | INFO | MainProcess | GPU lote inicio | lote=120000 | restante_antes=5680000
2026-05-22 15:39:36,047 | INFO | MainProcess | GPU progreso | lote=120000 | restante=5560000
2026-05-22 15:39:36,047 | INFO | MainProcess | GPU lote inicio | lote=120000 | restante_antes=5560000
2026-05-22 15:39:36,106 | INFO | MainProcess | Progreso GPU | 4560000/10000000 (45.60%)
2026-05-22 15:39:36,107 | INFO | MainProcess | GPU progreso | lote=120000 | restante=5440000
2026-05-22 15:39:36,107 | INFO | MainProcess | GPU lote inicio | lote=120000 | restante_antes=5440000
2026-05-22 15:39:36,166 | INFO | MainProcess | GPU progreso | lote=120000 | restante=5320000
2026-05-22 15:39:36,167 | INFO | MainProcess | GPU lote inicio | lote=120000 | restante_antes=5320000
2026-05-22 15:39:36,227 | INFO | MainProcess | GPU progreso | lote=120000 | restante=5200000
2026-05-22 15:39:36,227 | INFO | MainProcess | GPU lote inicio | lote=120000 | restante_antes=5200000
2026-05-22 15:39:36,287 | INFO | MainProcess | GPU progreso | lote=120000 | restante=5080000
2026-05-22 15:39:36,287 | INFO | MainProcess | GPU lote inicio | lote=120000 | restante_antes=5080000
2026-05-22 15:39:36,347 | INFO | MainProcess | Progreso GPU | 5040000/10000000 (50.40%)
2026-05-22 15:39:36,348 | INFO | MainProcess | GPU progreso | lote=120000 | restante=4960000
2026-05-22 15:39:36,348 | INFO | MainProcess | GPU lote inicio | lote=120000 | restante_antes=4960000
2026-05-22 15:39:36,408 | INFO | MainProcess | GPU progreso | lote=120000 | restante=4840000
2026-05-22 15:39:36,409 | INFO | MainProcess | GPU lote inicio | lote=120000 | restante_antes=4840000
2026-05-22 15:39:36,469 | INFO | MainProcess | GPU progreso | lote=120000 | restante=4720000
2026-05-22 15:39:36,469 | INFO | MainProcess | GPU lote inicio | lote=120000 | restante_antes=4720000
2026-05-22 15:39:36,529 | INFO | MainProcess | GPU progreso | lote=120000 | restante=4600000
2026-05-22 15:39:36,529 | INFO | MainProcess | GPU lote inicio | lote=120000 | restante_antes=4600000
2026-05-22 15:39:36,593 | INFO | MainProcess | Progreso GPU | 5520000/10000000 (55.20%)
2026-05-22 15:39:36,593 | INFO | MainProcess | GPU progreso | lote=120000 | restante=4480000
2026-05-22 15:39:36,594 | INFO | MainProcess | GPU lote inicio | lote=120000 | restante_antes=4480000
2026-05-22 15:39:36,654 | INFO | MainProcess | GPU progreso | lote=120000 | restante=4360000
2026-05-22 15:39:36,654 | INFO | MainProcess | GPU lote inicio | lote=120000 | restante_antes=4360000
2026-05-22 15:39:36,715 | INFO | MainProcess | GPU progreso | lote=120000 | restante=4240000
2026-05-22 15:39:36,716 | INFO | MainProcess | GPU lote inicio | lote=120000 | restante_antes=4240000
2026-05-22 15:39:36,778 | INFO | MainProcess | GPU progreso | lote=120000 | restante=4120000
2026-05-22 15:39:36,778 | INFO | MainProcess | GPU lote inicio | lote=120000 | restante_antes=4120000
2026-05-22 15:39:36,839 | INFO | MainProcess | Progreso GPU | 6000000/10000000 (60.00%)
2026-05-22 15:39:36,839 | INFO | MainProcess | GPU progreso | lote=120000 | restante=4000000
2026-05-22 15:39:36,839 | INFO | MainProcess | GPU lote inicio | lote=120000 | restante_antes=4000000
2026-05-22 15:39:36,899 | INFO | MainProcess | GPU progreso | lote=120000 | restante=3880000
2026-05-22 15:39:36,900 | INFO | MainProcess | GPU lote inicio | lote=120000 | restante_antes=3880000
2026-05-22 15:39:36,960 | INFO | MainProcess | GPU progreso | lote=120000 | restante=3760000
2026-05-22 15:39:36,961 | INFO | MainProcess | GPU lote inicio | lote=120000 | restante_antes=3760000
2026-05-22 15:39:37,022 | INFO | MainProcess | GPU progreso | lote=120000 | restante=3640000
2026-05-22 15:39:37,023 | INFO | MainProcess | GPU lote inicio | lote=120000 | restante_antes=3640000
2026-05-22 15:39:37,084 | INFO | MainProcess | GPU progreso | lote=120000 | restante=3520000
2026-05-22 15:39:37,084 | INFO | MainProcess | GPU lote inicio | lote=120000 | restante_antes=3520000
2026-05-22 15:39:37,145 | INFO | MainProcess | Progreso GPU | 6600000/10000000 (66.00%)
2026-05-22 15:39:37,145 | INFO | MainProcess | GPU progreso | lote=120000 | restante=3400000
2026-05-22 15:39:37,145 | INFO | MainProcess | GPU lote inicio | lote=120000 | restante_antes=3400000
2026-05-22 15:39:37,206 | INFO | MainProcess | GPU progreso | lote=120000 | restante=3280000
2026-05-22 15:39:37,206 | INFO | MainProcess | GPU lote inicio | lote=120000 | restante_antes=3280000
2026-05-22 15:39:37,267 | INFO | MainProcess | GPU progreso | lote=120000 | restante=3160000
2026-05-22 15:39:37,267 | INFO | MainProcess | GPU lote inicio | lote=120000 | restante_antes=3160000
2026-05-22 15:39:37,329 | INFO | MainProcess | GPU progreso | lote=120000 | restante=3040000
2026-05-22 15:39:37,330 | INFO | MainProcess | GPU lote inicio | lote=120000 | restante_antes=3040000
2026-05-22 15:39:37,389 | INFO | MainProcess | Progreso GPU | 7080000/10000000 (70.80%)
2026-05-22 15:39:37,389 | INFO | MainProcess | GPU progreso | lote=120000 | restante=2920000
2026-05-22 15:39:37,389 | INFO | MainProcess | GPU lote inicio | lote=120000 | restante_antes=2920000
2026-05-22 15:39:37,450 | INFO | MainProcess | GPU progreso | lote=120000 | restante=2800000
2026-05-22 15:39:37,450 | INFO | MainProcess | GPU lote inicio | lote=120000 | restante_antes=2800000
2026-05-22 15:39:37,510 | INFO | MainProcess | GPU progreso | lote=120000 | restante=2680000
2026-05-22 15:39:37,510 | INFO | MainProcess | GPU lote inicio | lote=120000 | restante_antes=2680000
2026-05-22 15:39:37,571 | INFO | MainProcess | GPU progreso | lote=120000 | restante=2560000
2026-05-22 15:39:37,571 | INFO | MainProcess | GPU lote inicio | lote=120000 | restante_antes=2560000
2026-05-22 15:39:37,632 | INFO | MainProcess | Progreso GPU | 7560000/10000000 (75.60%)
2026-05-22 15:39:37,632 | INFO | MainProcess | GPU progreso | lote=120000 | restante=2440000
2026-05-22 15:39:37,632 | INFO | MainProcess | GPU lote inicio | lote=120000 | restante_antes=2440000
2026-05-22 15:39:37,694 | INFO | MainProcess | GPU progreso | lote=120000 | restante=2320000
2026-05-22 15:39:37,694 | INFO | MainProcess | GPU lote inicio | lote=120000 | restante_antes=2320000
2026-05-22 15:39:37,756 | INFO | MainProcess | GPU progreso | lote=120000 | restante=2200000
2026-05-22 15:39:37,756 | INFO | MainProcess | GPU lote inicio | lote=120000 | restante_antes=2200000
2026-05-22 15:39:37,818 | INFO | MainProcess | GPU progreso | lote=120000 | restante=2080000
2026-05-22 15:39:37,819 | INFO | MainProcess | GPU lote inicio | lote=120000 | restante_antes=2080000
2026-05-22 15:39:37,879 | INFO | MainProcess | Progreso GPU | 8040000/10000000 (80.40%)
2026-05-22 15:39:37,880 | INFO | MainProcess | GPU progreso | lote=120000 | restante=1960000
2026-05-22 15:39:37,880 | INFO | MainProcess | GPU lote inicio | lote=120000 | restante_antes=1960000
2026-05-22 15:39:37,941 | INFO | MainProcess | GPU progreso | lote=120000 | restante=1840000
2026-05-22 15:39:37,941 | INFO | MainProcess | GPU lote inicio | lote=120000 | restante_antes=1840000
2026-05-22 15:39:38,002 | INFO | MainProcess | GPU progreso | lote=120000 | restante=1720000
2026-05-22 15:39:38,002 | INFO | MainProcess | GPU lote inicio | lote=120000 | restante_antes=1720000
2026-05-22 15:39:38,063 | INFO | MainProcess | GPU progreso | lote=120000 | restante=1600000
2026-05-22 15:39:38,064 | INFO | MainProcess | GPU lote inicio | lote=120000 | restante_antes=1600000
2026-05-22 15:39:38,124 | INFO | MainProcess | Progreso GPU | 8520000/10000000 (85.20%)
2026-05-22 15:39:38,125 | INFO | MainProcess | GPU progreso | lote=120000 | restante=1480000
2026-05-22 15:39:38,125 | INFO | MainProcess | GPU lote inicio | lote=120000 | restante_antes=1480000
2026-05-22 15:39:38,186 | INFO | MainProcess | GPU progreso | lote=120000 | restante=1360000
2026-05-22 15:39:38,186 | INFO | MainProcess | GPU lote inicio | lote=120000 | restante_antes=1360000
2026-05-22 15:39:38,247 | INFO | MainProcess | GPU progreso | lote=120000 | restante=1240000
2026-05-22 15:39:38,248 | INFO | MainProcess | GPU lote inicio | lote=120000 | restante_antes=1240000
2026-05-22 15:39:38,308 | INFO | MainProcess | GPU progreso | lote=120000 | restante=1120000
2026-05-22 15:39:38,309 | INFO | MainProcess | GPU lote inicio | lote=120000 | restante_antes=1120000
2026-05-22 15:39:38,370 | INFO | MainProcess | Progreso GPU | 9000000/10000000 (90.00%)
2026-05-22 15:39:38,370 | INFO | MainProcess | GPU progreso | lote=120000 | restante=1000000
2026-05-22 15:39:38,370 | INFO | MainProcess | GPU lote inicio | lote=120000 | restante_antes=1000000
2026-05-22 15:39:38,432 | INFO | MainProcess | GPU progreso | lote=120000 | restante=880000
2026-05-22 15:39:38,432 | INFO | MainProcess | GPU lote inicio | lote=120000 | restante_antes=880000
2026-05-22 15:39:38,493 | INFO | MainProcess | GPU progreso | lote=120000 | restante=760000
2026-05-22 15:39:38,493 | INFO | MainProcess | GPU lote inicio | lote=120000 | restante_antes=760000
2026-05-22 15:39:38,555 | INFO | MainProcess | GPU progreso | lote=120000 | restante=640000
2026-05-22 15:39:38,555 | INFO | MainProcess | GPU lote inicio | lote=120000 | restante_antes=640000
2026-05-22 15:39:38,619 | INFO | MainProcess | GPU progreso | lote=120000 | restante=520000
2026-05-22 15:39:38,619 | INFO | MainProcess | GPU lote inicio | lote=120000 | restante_antes=520000
2026-05-22 15:39:38,680 | INFO | MainProcess | Progreso GPU | 9600000/10000000 (96.00%)
2026-05-22 15:39:38,681 | INFO | MainProcess | GPU progreso | lote=120000 | restante=400000
2026-05-22 15:39:38,681 | INFO | MainProcess | GPU lote inicio | lote=120000 | restante_antes=400000
2026-05-22 15:39:38,742 | INFO | MainProcess | GPU progreso | lote=120000 | restante=280000
2026-05-22 15:39:38,742 | INFO | MainProcess | GPU lote inicio | lote=120000 | restante_antes=280000
2026-05-22 15:39:38,803 | INFO | MainProcess | GPU progreso | lote=120000 | restante=160000
2026-05-22 15:39:38,803 | INFO | MainProcess | GPU lote inicio | lote=120000 | restante_antes=160000
2026-05-22 15:39:38,865 | INFO | MainProcess | GPU progreso | lote=120000 | restante=40000
2026-05-22 15:39:38,865 | INFO | MainProcess | GPU lote inicio | lote=40000 | restante_antes=40000
2026-05-22 15:39:38,886 | INFO | MainProcess | Progreso GPU | 10000000/10000000 (100.00%)
2026-05-22 15:39:38,887 | INFO | MainProcess | GPU progreso | lote=40000 | restante=0
2026-05-22 15:39:38,887 | INFO | MainProcess | GPU fin | experimentos=10000000
2026-05-22 15:39:38,909 | INFO | MainProcess | Nota modo: AUTO eligió GPU por umbral base.
2026-05-22 15:39:41,698 | INFO | MainProcess | Lanzar N | N=10000000 | dados=1 | modo_solicitado=AUTO | modo_real=GPU | trabajadores=16
2026-05-22 15:39:41,699 | INFO | MainProcess | GPU inicio | experimentos=10000000 | dados=1 | lote_max=120000
2026-05-22 15:39:41,699 | INFO | MainProcess | GPU lote inicio | lote=120000 | restante_antes=10000000
2026-05-22 15:39:41,761 | INFO | MainProcess | Progreso GPU | 120000/10000000 (1.20%)
2026-05-22 15:39:41,761 | INFO | MainProcess | GPU progreso | lote=120000 | restante=9880000
2026-05-22 15:39:41,761 | INFO | MainProcess | GPU lote inicio | lote=120000 | restante_antes=9880000
2026-05-22 15:39:41,821 | INFO | MainProcess | GPU progreso | lote=120000 | restante=9760000
2026-05-22 15:39:41,821 | INFO | MainProcess | GPU lote inicio | lote=120000 | restante_antes=9760000
2026-05-22 15:39:41,881 | INFO | MainProcess | GPU progreso | lote=120000 | restante=9640000
2026-05-22 15:39:41,882 | INFO | MainProcess | GPU lote inicio | lote=120000 | restante_antes=9640000
2026-05-22 15:39:41,943 | INFO | MainProcess | GPU progreso | lote=120000 | restante=9520000
2026-05-22 15:39:41,943 | INFO | MainProcess | GPU lote inicio | lote=120000 | restante_antes=9520000
2026-05-22 15:39:42,003 | INFO | MainProcess | Progreso GPU | 600000/10000000 (6.00%)
2026-05-22 15:39:42,003 | INFO | MainProcess | GPU progreso | lote=120000 | restante=9400000
2026-05-22 15:39:42,003 | INFO | MainProcess | GPU lote inicio | lote=120000 | restante_antes=9400000
2026-05-22 15:39:42,064 | INFO | MainProcess | GPU progreso | lote=120000 | restante=9280000
2026-05-22 15:39:42,064 | INFO | MainProcess | GPU lote inicio | lote=120000 | restante_antes=9280000
2026-05-22 15:39:42,124 | INFO | MainProcess | GPU progreso | lote=120000 | restante=9160000
2026-05-22 15:39:42,124 | INFO | MainProcess | GPU lote inicio | lote=120000 | restante_antes=9160000
2026-05-22 15:39:42,184 | INFO | MainProcess | GPU progreso | lote=120000 | restante=9040000
2026-05-22 15:39:42,185 | INFO | MainProcess | GPU lote inicio | lote=120000 | restante_antes=9040000
2026-05-22 15:39:42,245 | INFO | MainProcess | Progreso GPU | 1080000/10000000 (10.80%)
2026-05-22 15:39:42,245 | INFO | MainProcess | GPU progreso | lote=120000 | restante=8920000
2026-05-22 15:39:42,245 | INFO | MainProcess | GPU lote inicio | lote=120000 | restante_antes=8920000
2026-05-22 15:39:42,305 | INFO | MainProcess | GPU progreso | lote=120000 | restante=8800000
2026-05-22 15:39:42,305 | INFO | MainProcess | GPU lote inicio | lote=120000 | restante_antes=8800000
2026-05-22 15:39:42,365 | INFO | MainProcess | GPU progreso | lote=120000 | restante=8680000
2026-05-22 15:39:42,365 | INFO | MainProcess | GPU lote inicio | lote=120000 | restante_antes=8680000
2026-05-22 15:39:42,425 | INFO | MainProcess | GPU progreso | lote=120000 | restante=8560000
2026-05-22 15:39:42,425 | INFO | MainProcess | GPU lote inicio | lote=120000 | restante_antes=8560000
2026-05-22 15:39:42,485 | INFO | MainProcess | Progreso GPU | 1560000/10000000 (15.60%)
2026-05-22 15:39:42,485 | INFO | MainProcess | GPU progreso | lote=120000 | restante=8440000
2026-05-22 15:39:42,485 | INFO | MainProcess | GPU lote inicio | lote=120000 | restante_antes=8440000
2026-05-22 15:39:42,545 | INFO | MainProcess | GPU progreso | lote=120000 | restante=8320000
2026-05-22 15:39:42,545 | INFO | MainProcess | GPU lote inicio | lote=120000 | restante_antes=8320000
2026-05-22 15:39:42,605 | INFO | MainProcess | GPU progreso | lote=120000 | restante=8200000
2026-05-22 15:39:42,605 | INFO | MainProcess | GPU lote inicio | lote=120000 | restante_antes=8200000
2026-05-22 15:39:42,665 | INFO | MainProcess | GPU progreso | lote=120000 | restante=8080000
2026-05-22 15:39:42,665 | INFO | MainProcess | GPU lote inicio | lote=120000 | restante_antes=8080000
2026-05-22 15:39:42,725 | INFO | MainProcess | Progreso GPU | 2040000/10000000 (20.40%)
2026-05-22 15:39:42,725 | INFO | MainProcess | GPU progreso | lote=120000 | restante=7960000
2026-05-22 15:39:42,725 | INFO | MainProcess | GPU lote inicio | lote=120000 | restante_antes=7960000
2026-05-22 15:39:42,785 | INFO | MainProcess | GPU progreso | lote=120000 | restante=7840000
2026-05-22 15:39:42,785 | INFO | MainProcess | GPU lote inicio | lote=120000 | restante_antes=7840000
2026-05-22 15:39:42,845 | INFO | MainProcess | GPU progreso | lote=120000 | restante=7720000
2026-05-22 15:39:42,846 | INFO | MainProcess | GPU lote inicio | lote=120000 | restante_antes=7720000
2026-05-22 15:39:42,905 | INFO | MainProcess | GPU progreso | lote=120000 | restante=7600000
2026-05-22 15:39:42,905 | INFO | MainProcess | GPU lote inicio | lote=120000 | restante_antes=7600000
2026-05-22 15:39:42,965 | INFO | MainProcess | Progreso GPU | 2520000/10000000 (25.20%)
2026-05-22 15:39:42,965 | INFO | MainProcess | GPU progreso | lote=120000 | restante=7480000
2026-05-22 15:39:42,966 | INFO | MainProcess | GPU lote inicio | lote=120000 | restante_antes=7480000
2026-05-22 15:39:43,025 | INFO | MainProcess | GPU progreso | lote=120000 | restante=7360000
2026-05-22 15:39:43,025 | INFO | MainProcess | GPU lote inicio | lote=120000 | restante_antes=7360000
2026-05-22 15:39:43,085 | INFO | MainProcess | GPU progreso | lote=120000 | restante=7240000
2026-05-22 15:39:43,085 | INFO | MainProcess | GPU lote inicio | lote=120000 | restante_antes=7240000
2026-05-22 15:39:43,145 | INFO | MainProcess | GPU progreso | lote=120000 | restante=7120000
2026-05-22 15:39:43,146 | INFO | MainProcess | GPU lote inicio | lote=120000 | restante_antes=7120000
2026-05-22 15:39:43,205 | INFO | MainProcess | Progreso GPU | 3000000/10000000 (30.00%)
2026-05-22 15:39:43,205 | INFO | MainProcess | GPU progreso | lote=120000 | restante=7000000
2026-05-22 15:39:43,205 | INFO | MainProcess | GPU lote inicio | lote=120000 | restante_antes=7000000
2026-05-22 15:39:43,265 | INFO | MainProcess | GPU progreso | lote=120000 | restante=6880000
2026-05-22 15:39:43,265 | INFO | MainProcess | GPU lote inicio | lote=120000 | restante_antes=6880000
2026-05-22 15:39:43,325 | INFO | MainProcess | GPU progreso | lote=120000 | restante=6760000
2026-05-22 15:39:43,325 | INFO | MainProcess | GPU lote inicio | lote=120000 | restante_antes=6760000
2026-05-22 15:39:43,385 | INFO | MainProcess | GPU progreso | lote=120000 | restante=6640000
2026-05-22 15:39:43,385 | INFO | MainProcess | GPU lote inicio | lote=120000 | restante_antes=6640000
2026-05-22 15:39:43,445 | INFO | MainProcess | GPU progreso | lote=120000 | restante=6520000
2026-05-22 15:39:43,445 | INFO | MainProcess | GPU lote inicio | lote=120000 | restante_antes=6520000
2026-05-22 15:39:43,505 | INFO | MainProcess | Progreso GPU | 3600000/10000000 (36.00%)
2026-05-22 15:39:43,505 | INFO | MainProcess | GPU progreso | lote=120000 | restante=6400000
2026-05-22 15:39:43,505 | INFO | MainProcess | GPU lote inicio | lote=120000 | restante_antes=6400000
2026-05-22 15:39:43,565 | INFO | MainProcess | GPU progreso | lote=120000 | restante=6280000
2026-05-22 15:39:43,566 | INFO | MainProcess | GPU lote inicio | lote=120000 | restante_antes=6280000
2026-05-22 15:39:43,625 | INFO | MainProcess | GPU progreso | lote=120000 | restante=6160000
2026-05-22 15:39:43,626 | INFO | MainProcess | GPU lote inicio | lote=120000 | restante_antes=6160000
2026-05-22 15:39:43,685 | INFO | MainProcess | GPU progreso | lote=120000 | restante=6040000
2026-05-22 15:39:43,685 | INFO | MainProcess | GPU lote inicio | lote=120000 | restante_antes=6040000
2026-05-22 15:39:43,745 | INFO | MainProcess | Progreso GPU | 4080000/10000000 (40.80%)
2026-05-22 15:39:43,745 | INFO | MainProcess | GPU progreso | lote=120000 | restante=5920000
2026-05-22 15:39:43,745 | INFO | MainProcess | GPU lote inicio | lote=120000 | restante_antes=5920000
2026-05-22 15:39:43,805 | INFO | MainProcess | GPU progreso | lote=120000 | restante=5800000
2026-05-22 15:39:43,805 | INFO | MainProcess | GPU lote inicio | lote=120000 | restante_antes=5800000
2026-05-22 15:39:43,866 | INFO | MainProcess | GPU progreso | lote=120000 | restante=5680000
2026-05-22 15:39:43,866 | INFO | MainProcess | GPU lote inicio | lote=120000 | restante_antes=5680000
2026-05-22 15:39:43,926 | INFO | MainProcess | GPU progreso | lote=120000 | restante=5560000
2026-05-22 15:39:43,926 | INFO | MainProcess | GPU lote inicio | lote=120000 | restante_antes=5560000
2026-05-22 15:39:43,986 | INFO | MainProcess | Progreso GPU | 4560000/10000000 (45.60%)
2026-05-22 15:39:43,987 | INFO | MainProcess | GPU progreso | lote=120000 | restante=5440000
2026-05-22 15:39:43,987 | INFO | MainProcess | GPU lote inicio | lote=120000 | restante_antes=5440000
2026-05-22 15:39:44,048 | INFO | MainProcess | GPU progreso | lote=120000 | restante=5320000
2026-05-22 15:39:44,048 | INFO | MainProcess | GPU lote inicio | lote=120000 | restante_antes=5320000
2026-05-22 15:39:44,108 | INFO | MainProcess | GPU progreso | lote=120000 | restante=5200000
2026-05-22 15:39:44,109 | INFO | MainProcess | GPU lote inicio | lote=120000 | restante_antes=5200000
2026-05-22 15:39:44,169 | INFO | MainProcess | GPU progreso | lote=120000 | restante=5080000
2026-05-22 15:39:44,169 | INFO | MainProcess | GPU lote inicio | lote=120000 | restante_antes=5080000
2026-05-22 15:39:44,230 | INFO | MainProcess | Progreso GPU | 5040000/10000000 (50.40%)
2026-05-22 15:39:44,230 | INFO | MainProcess | GPU progreso | lote=120000 | restante=4960000
2026-05-22 15:39:44,230 | INFO | MainProcess | GPU lote inicio | lote=120000 | restante_antes=4960000
2026-05-22 15:39:44,292 | INFO | MainProcess | GPU progreso | lote=120000 | restante=4840000
2026-05-22 15:39:44,292 | INFO | MainProcess | GPU lote inicio | lote=120000 | restante_antes=4840000
2026-05-22 15:39:44,353 | INFO | MainProcess | GPU progreso | lote=120000 | restante=4720000
2026-05-22 15:39:44,353 | INFO | MainProcess | GPU lote inicio | lote=120000 | restante_antes=4720000
2026-05-22 15:39:44,414 | INFO | MainProcess | GPU progreso | lote=120000 | restante=4600000
2026-05-22 15:39:44,414 | INFO | MainProcess | GPU lote inicio | lote=120000 | restante_antes=4600000
2026-05-22 15:39:44,475 | INFO | MainProcess | Progreso GPU | 5520000/10000000 (55.20%)
2026-05-22 15:39:44,475 | INFO | MainProcess | GPU progreso | lote=120000 | restante=4480000
2026-05-22 15:39:44,475 | INFO | MainProcess | GPU lote inicio | lote=120000 | restante_antes=4480000
2026-05-22 15:39:44,535 | INFO | MainProcess | GPU progreso | lote=120000 | restante=4360000
2026-05-22 15:39:44,535 | INFO | MainProcess | GPU lote inicio | lote=120000 | restante_antes=4360000
2026-05-22 15:39:44,596 | INFO | MainProcess | GPU progreso | lote=120000 | restante=4240000
2026-05-22 15:39:44,596 | INFO | MainProcess | GPU lote inicio | lote=120000 | restante_antes=4240000
2026-05-22 15:39:44,657 | INFO | MainProcess | GPU progreso | lote=120000 | restante=4120000
2026-05-22 15:39:44,657 | INFO | MainProcess | GPU lote inicio | lote=120000 | restante_antes=4120000
2026-05-22 15:39:44,717 | INFO | MainProcess | Progreso GPU | 6000000/10000000 (60.00%)
2026-05-22 15:39:44,718 | INFO | MainProcess | GPU progreso | lote=120000 | restante=4000000
2026-05-22 15:39:44,718 | INFO | MainProcess | GPU lote inicio | lote=120000 | restante_antes=4000000
2026-05-22 15:39:44,778 | INFO | MainProcess | GPU progreso | lote=120000 | restante=3880000
2026-05-22 15:39:44,779 | INFO | MainProcess | GPU lote inicio | lote=120000 | restante_antes=3880000
2026-05-22 15:39:44,839 | INFO | MainProcess | GPU progreso | lote=120000 | restante=3760000
2026-05-22 15:39:44,840 | INFO | MainProcess | GPU lote inicio | lote=120000 | restante_antes=3760000
2026-05-22 15:39:44,900 | INFO | MainProcess | GPU progreso | lote=120000 | restante=3640000
2026-05-22 15:39:44,900 | INFO | MainProcess | GPU lote inicio | lote=120000 | restante_antes=3640000
2026-05-22 15:39:44,960 | INFO | MainProcess | GPU progreso | lote=120000 | restante=3520000
2026-05-22 15:39:44,961 | INFO | MainProcess | GPU lote inicio | lote=120000 | restante_antes=3520000
2026-05-22 15:39:45,020 | INFO | MainProcess | Progreso GPU | 6600000/10000000 (66.00%)
2026-05-22 15:39:45,021 | INFO | MainProcess | GPU progreso | lote=120000 | restante=3400000
2026-05-22 15:39:45,021 | INFO | MainProcess | GPU lote inicio | lote=120000 | restante_antes=3400000
2026-05-22 15:39:45,081 | INFO | MainProcess | GPU progreso | lote=120000 | restante=3280000
2026-05-22 15:39:45,081 | INFO | MainProcess | GPU lote inicio | lote=120000 | restante_antes=3280000
2026-05-22 15:39:45,141 | INFO | MainProcess | GPU progreso | lote=120000 | restante=3160000
2026-05-22 15:39:45,142 | INFO | MainProcess | GPU lote inicio | lote=120000 | restante_antes=3160000
2026-05-22 15:39:45,202 | INFO | MainProcess | GPU progreso | lote=120000 | restante=3040000
2026-05-22 15:39:45,202 | INFO | MainProcess | GPU lote inicio | lote=120000 | restante_antes=3040000
2026-05-22 15:39:45,263 | INFO | MainProcess | Progreso GPU | 7080000/10000000 (70.80%)
2026-05-22 15:39:45,263 | INFO | MainProcess | GPU progreso | lote=120000 | restante=2920000
2026-05-22 15:39:45,263 | INFO | MainProcess | GPU lote inicio | lote=120000 | restante_antes=2920000
2026-05-22 15:39:45,323 | INFO | MainProcess | GPU progreso | lote=120000 | restante=2800000
2026-05-22 15:39:45,323 | INFO | MainProcess | GPU lote inicio | lote=120000 | restante_antes=2800000
2026-05-22 15:39:45,383 | INFO | MainProcess | GPU progreso | lote=120000 | restante=2680000
2026-05-22 15:39:45,383 | INFO | MainProcess | GPU lote inicio | lote=120000 | restante_antes=2680000
2026-05-22 15:39:45,444 | INFO | MainProcess | GPU progreso | lote=120000 | restante=2560000
2026-05-22 15:39:45,444 | INFO | MainProcess | GPU lote inicio | lote=120000 | restante_antes=2560000
2026-05-22 15:39:45,504 | INFO | MainProcess | Progreso GPU | 7560000/10000000 (75.60%)
2026-05-22 15:39:45,504 | INFO | MainProcess | GPU progreso | lote=120000 | restante=2440000
2026-05-22 15:39:45,505 | INFO | MainProcess | GPU lote inicio | lote=120000 | restante_antes=2440000
2026-05-22 15:39:45,565 | INFO | MainProcess | GPU progreso | lote=120000 | restante=2320000
2026-05-22 15:39:45,565 | INFO | MainProcess | GPU lote inicio | lote=120000 | restante_antes=2320000
2026-05-22 15:39:45,625 | INFO | MainProcess | GPU progreso | lote=120000 | restante=2200000
2026-05-22 15:39:45,625 | INFO | MainProcess | GPU lote inicio | lote=120000 | restante_antes=2200000
2026-05-22 15:39:45,686 | INFO | MainProcess | GPU progreso | lote=120000 | restante=2080000
2026-05-22 15:39:45,686 | INFO | MainProcess | GPU lote inicio | lote=120000 | restante_antes=2080000
2026-05-22 15:39:45,747 | INFO | MainProcess | Progreso GPU | 8040000/10000000 (80.40%)
2026-05-22 15:39:45,747 | INFO | MainProcess | GPU progreso | lote=120000 | restante=1960000
2026-05-22 15:39:45,747 | INFO | MainProcess | GPU lote inicio | lote=120000 | restante_antes=1960000
2026-05-22 15:39:45,808 | INFO | MainProcess | GPU progreso | lote=120000 | restante=1840000
2026-05-22 15:39:45,808 | INFO | MainProcess | GPU lote inicio | lote=120000 | restante_antes=1840000
2026-05-22 15:39:45,868 | INFO | MainProcess | GPU progreso | lote=120000 | restante=1720000
2026-05-22 15:39:45,868 | INFO | MainProcess | GPU lote inicio | lote=120000 | restante_antes=1720000
2026-05-22 15:39:45,929 | INFO | MainProcess | GPU progreso | lote=120000 | restante=1600000
2026-05-22 15:39:45,930 | INFO | MainProcess | GPU lote inicio | lote=120000 | restante_antes=1600000
2026-05-22 15:39:45,991 | INFO | MainProcess | Progreso GPU | 8520000/10000000 (85.20%)
2026-05-22 15:39:45,991 | INFO | MainProcess | GPU progreso | lote=120000 | restante=1480000
2026-05-22 15:39:45,991 | INFO | MainProcess | GPU lote inicio | lote=120000 | restante_antes=1480000
2026-05-22 15:39:46,054 | INFO | MainProcess | GPU progreso | lote=120000 | restante=1360000
2026-05-22 15:39:46,054 | INFO | MainProcess | GPU lote inicio | lote=120000 | restante_antes=1360000
2026-05-22 15:39:46,119 | INFO | MainProcess | GPU progreso | lote=120000 | restante=1240000
2026-05-22 15:39:46,119 | INFO | MainProcess | GPU lote inicio | lote=120000 | restante_antes=1240000
2026-05-22 15:39:46,192 | INFO | MainProcess | GPU progreso | lote=120000 | restante=1120000
2026-05-22 15:39:46,192 | INFO | MainProcess | GPU lote inicio | lote=120000 | restante_antes=1120000
2026-05-22 15:39:46,254 | INFO | MainProcess | Progreso GPU | 9000000/10000000 (90.00%)
2026-05-22 15:39:46,254 | INFO | MainProcess | GPU progreso | lote=120000 | restante=1000000
2026-05-22 15:39:46,255 | INFO | MainProcess | GPU lote inicio | lote=120000 | restante_antes=1000000
2026-05-22 15:39:46,316 | INFO | MainProcess | GPU progreso | lote=120000 | restante=880000
2026-05-22 15:39:46,317 | INFO | MainProcess | GPU lote inicio | lote=120000 | restante_antes=880000
2026-05-22 15:39:46,378 | INFO | MainProcess | GPU progreso | lote=120000 | restante=760000
2026-05-22 15:39:46,379 | INFO | MainProcess | GPU lote inicio | lote=120000 | restante_antes=760000
2026-05-22 15:39:46,441 | INFO | MainProcess | GPU progreso | lote=120000 | restante=640000
2026-05-22 15:39:46,441 | INFO | MainProcess | GPU lote inicio | lote=120000 | restante_antes=640000
2026-05-22 15:39:46,504 | INFO | MainProcess | GPU progreso | lote=120000 | restante=520000
2026-05-22 15:39:46,505 | INFO | MainProcess | GPU lote inicio | lote=120000 | restante_antes=520000
2026-05-22 15:39:46,566 | INFO | MainProcess | Progreso GPU | 9600000/10000000 (96.00%)
2026-05-22 15:39:46,567 | INFO | MainProcess | GPU progreso | lote=120000 | restante=400000
2026-05-22 15:39:46,567 | INFO | MainProcess | GPU lote inicio | lote=120000 | restante_antes=400000
2026-05-22 15:39:46,630 | INFO | MainProcess | GPU progreso | lote=120000 | restante=280000
2026-05-22 15:39:46,630 | INFO | MainProcess | GPU lote inicio | lote=120000 | restante_antes=280000
2026-05-22 15:39:46,694 | INFO | MainProcess | GPU progreso | lote=120000 | restante=160000
2026-05-22 15:39:46,694 | INFO | MainProcess | GPU lote inicio | lote=120000 | restante_antes=160000
2026-05-22 15:39:46,758 | INFO | MainProcess | GPU progreso | lote=120000 | restante=40000
2026-05-22 15:39:46,759 | INFO | MainProcess | GPU lote inicio | lote=40000 | restante_antes=40000
2026-05-22 15:39:46,779 | INFO | MainProcess | Progreso GPU | 10000000/10000000 (100.00%)
2026-05-22 15:39:46,780 | INFO | MainProcess | GPU progreso | lote=40000 | restante=0
2026-05-22 15:39:46,780 | INFO | MainProcess | GPU fin | experimentos=10000000
2026-05-22 15:39:46,793 | INFO | MainProcess | Nota modo: AUTO eligió GPU por umbral base.
2026-05-22 15:39:53,044 | INFO | MainProcess | Lanzar N | N=10000000 | dados=1 | modo_solicitado=AMBAS | modo_real=AMBAS | trabajadores=16
2026-05-22 15:39:53,045 | INFO | MainProcess | GPU inicio | experimentos=5000000 | dados=1 | lote_max=120000
2026-05-22 15:39:53,045 | INFO | MainProcess | GPU lote inicio | lote=120000 | restante_antes=5000000
2026-05-22 15:39:53,109 | INFO | MainProcess | Progreso GPU (AMBAS) | 120000/10000000 (1.20%)
2026-05-22 15:39:53,109 | INFO | MainProcess | GPU progreso | lote=120000 | restante=4880000
2026-05-22 15:39:53,109 | INFO | MainProcess | GPU lote inicio | lote=120000 | restante_antes=4880000
2026-05-22 15:39:53,172 | INFO | MainProcess | GPU progreso | lote=120000 | restante=4760000
2026-05-22 15:39:53,172 | INFO | MainProcess | GPU lote inicio | lote=120000 | restante_antes=4760000
2026-05-22 15:39:53,233 | INFO | MainProcess | GPU progreso | lote=120000 | restante=4640000
2026-05-22 15:39:53,234 | INFO | MainProcess | GPU lote inicio | lote=120000 | restante_antes=4640000
2026-05-22 15:39:53,294 | INFO | MainProcess | GPU progreso | lote=120000 | restante=4520000
2026-05-22 15:39:53,294 | INFO | MainProcess | GPU lote inicio | lote=120000 | restante_antes=4520000
2026-05-22 15:39:53,355 | INFO | MainProcess | Progreso GPU (AMBAS) | 600000/10000000 (6.00%)
2026-05-22 15:39:53,355 | INFO | MainProcess | GPU progreso | lote=120000 | restante=4400000
2026-05-22 15:39:53,355 | INFO | MainProcess | GPU lote inicio | lote=120000 | restante_antes=4400000
2026-05-22 15:39:53,415 | INFO | MainProcess | GPU progreso | lote=120000 | restante=4280000
2026-05-22 15:39:53,415 | INFO | MainProcess | GPU lote inicio | lote=120000 | restante_antes=4280000
2026-05-22 15:39:53,475 | INFO | MainProcess | GPU progreso | lote=120000 | restante=4160000
2026-05-22 15:39:53,476 | INFO | MainProcess | GPU lote inicio | lote=120000 | restante_antes=4160000
2026-05-22 15:39:53,536 | INFO | MainProcess | GPU progreso | lote=120000 | restante=4040000
2026-05-22 15:39:53,536 | INFO | MainProcess | GPU lote inicio | lote=120000 | restante_antes=4040000
2026-05-22 15:39:53,597 | INFO | MainProcess | Progreso GPU (AMBAS) | 1080000/10000000 (10.80%)
2026-05-22 15:39:53,597 | INFO | MainProcess | GPU progreso | lote=120000 | restante=3920000
2026-05-22 15:39:53,597 | INFO | MainProcess | GPU lote inicio | lote=120000 | restante_antes=3920000
2026-05-22 15:39:53,657 | INFO | MainProcess | GPU progreso | lote=120000 | restante=3800000
2026-05-22 15:39:53,657 | INFO | MainProcess | GPU lote inicio | lote=120000 | restante_antes=3800000
2026-05-22 15:39:53,717 | INFO | MainProcess | GPU progreso | lote=120000 | restante=3680000
2026-05-22 15:39:53,717 | INFO | MainProcess | GPU lote inicio | lote=120000 | restante_antes=3680000
2026-05-22 15:39:53,777 | INFO | MainProcess | GPU progreso | lote=120000 | restante=3560000
2026-05-22 15:39:53,777 | INFO | MainProcess | GPU lote inicio | lote=120000 | restante_antes=3560000
2026-05-22 15:39:53,837 | INFO | MainProcess | Progreso GPU (AMBAS) | 1560000/10000000 (15.60%)
2026-05-22 15:39:53,837 | INFO | MainProcess | GPU progreso | lote=120000 | restante=3440000
2026-05-22 15:39:53,837 | INFO | MainProcess | GPU lote inicio | lote=120000 | restante_antes=3440000
2026-05-22 15:39:53,898 | INFO | MainProcess | GPU progreso | lote=120000 | restante=3320000
2026-05-22 15:39:53,898 | INFO | MainProcess | GPU lote inicio | lote=120000 | restante_antes=3320000
2026-05-22 15:39:53,958 | INFO | MainProcess | GPU progreso | lote=120000 | restante=3200000
2026-05-22 15:39:53,958 | INFO | MainProcess | GPU lote inicio | lote=120000 | restante_antes=3200000
2026-05-22 15:39:54,018 | INFO | MainProcess | GPU progreso | lote=120000 | restante=3080000
2026-05-22 15:39:54,018 | INFO | MainProcess | GPU lote inicio | lote=120000 | restante_antes=3080000
2026-05-22 15:39:54,077 | INFO | MainProcess | Progreso GPU (AMBAS) | 2040000/10000000 (20.40%)
2026-05-22 15:39:54,078 | INFO | MainProcess | GPU progreso | lote=120000 | restante=2960000
2026-05-22 15:39:54,078 | INFO | MainProcess | GPU lote inicio | lote=120000 | restante_antes=2960000
2026-05-22 15:39:54,137 | INFO | MainProcess | GPU progreso | lote=120000 | restante=2840000
2026-05-22 15:39:54,138 | INFO | MainProcess | GPU lote inicio | lote=120000 | restante_antes=2840000
2026-05-22 15:39:54,198 | INFO | MainProcess | GPU progreso | lote=120000 | restante=2720000
2026-05-22 15:39:54,198 | INFO | MainProcess | GPU lote inicio | lote=120000 | restante_antes=2720000
2026-05-22 15:39:54,259 | INFO | MainProcess | GPU progreso | lote=120000 | restante=2600000
2026-05-22 15:39:54,259 | INFO | MainProcess | GPU lote inicio | lote=120000 | restante_antes=2600000
2026-05-22 15:39:54,321 | INFO | MainProcess | Progreso GPU (AMBAS) | 2520000/10000000 (25.20%)
2026-05-22 15:39:54,321 | INFO | MainProcess | GPU progreso | lote=120000 | restante=2480000
2026-05-22 15:39:54,321 | INFO | MainProcess | GPU lote inicio | lote=120000 | restante_antes=2480000
2026-05-22 15:39:54,385 | INFO | MainProcess | GPU progreso | lote=120000 | restante=2360000
2026-05-22 15:39:54,386 | INFO | MainProcess | GPU lote inicio | lote=120000 | restante_antes=2360000
2026-05-22 15:39:54,451 | INFO | MainProcess | GPU progreso | lote=120000 | restante=2240000
2026-05-22 15:39:54,451 | INFO | MainProcess | GPU lote inicio | lote=120000 | restante_antes=2240000
2026-05-22 15:39:54,514 | INFO | MainProcess | GPU progreso | lote=120000 | restante=2120000
2026-05-22 15:39:54,514 | INFO | MainProcess | GPU lote inicio | lote=120000 | restante_antes=2120000
2026-05-22 15:39:54,576 | INFO | MainProcess | Progreso GPU (AMBAS) | 3000000/10000000 (30.00%)
2026-05-22 15:39:54,576 | INFO | MainProcess | GPU progreso | lote=120000 | restante=2000000
2026-05-22 15:39:54,576 | INFO | MainProcess | GPU lote inicio | lote=120000 | restante_antes=2000000
2026-05-22 15:39:54,638 | INFO | MainProcess | GPU progreso | lote=120000 | restante=1880000
2026-05-22 15:39:54,638 | INFO | MainProcess | GPU lote inicio | lote=120000 | restante_antes=1880000
2026-05-22 15:39:54,700 | INFO | MainProcess | GPU progreso | lote=120000 | restante=1760000
2026-05-22 15:39:54,701 | INFO | MainProcess | GPU lote inicio | lote=120000 | restante_antes=1760000
2026-05-22 15:39:54,763 | INFO | MainProcess | GPU progreso | lote=120000 | restante=1640000
2026-05-22 15:39:54,763 | INFO | MainProcess | GPU lote inicio | lote=120000 | restante_antes=1640000
2026-05-22 15:39:54,825 | INFO | MainProcess | GPU progreso | lote=120000 | restante=1520000
2026-05-22 15:39:54,825 | INFO | MainProcess | GPU lote inicio | lote=120000 | restante_antes=1520000
2026-05-22 15:39:54,887 | INFO | MainProcess | Progreso GPU (AMBAS) | 3600000/10000000 (36.00%)
2026-05-22 15:39:54,887 | INFO | MainProcess | GPU progreso | lote=120000 | restante=1400000
2026-05-22 15:39:54,887 | INFO | MainProcess | GPU lote inicio | lote=120000 | restante_antes=1400000
2026-05-22 15:39:54,948 | INFO | MainProcess | GPU progreso | lote=120000 | restante=1280000
2026-05-22 15:39:54,949 | INFO | MainProcess | GPU lote inicio | lote=120000 | restante_antes=1280000
2026-05-22 15:39:55,009 | INFO | MainProcess | GPU progreso | lote=120000 | restante=1160000
2026-05-22 15:39:55,009 | INFO | MainProcess | GPU lote inicio | lote=120000 | restante_antes=1160000
2026-05-22 15:39:55,073 | INFO | MainProcess | GPU progreso | lote=120000 | restante=1040000
2026-05-22 15:39:55,073 | INFO | MainProcess | GPU lote inicio | lote=120000 | restante_antes=1040000
2026-05-22 15:39:55,134 | INFO | MainProcess | Progreso GPU (AMBAS) | 4080000/10000000 (40.80%)
2026-05-22 15:39:55,134 | INFO | MainProcess | GPU progreso | lote=120000 | restante=920000
2026-05-22 15:39:55,134 | INFO | MainProcess | GPU lote inicio | lote=120000 | restante_antes=920000
2026-05-22 15:39:55,196 | INFO | MainProcess | GPU progreso | lote=120000 | restante=800000
2026-05-22 15:39:55,196 | INFO | MainProcess | GPU lote inicio | lote=120000 | restante_antes=800000
2026-05-22 15:39:55,257 | INFO | MainProcess | GPU progreso | lote=120000 | restante=680000
2026-05-22 15:39:55,257 | INFO | MainProcess | GPU lote inicio | lote=120000 | restante_antes=680000
2026-05-22 15:39:55,318 | INFO | MainProcess | GPU progreso | lote=120000 | restante=560000
2026-05-22 15:39:55,318 | INFO | MainProcess | GPU lote inicio | lote=120000 | restante_antes=560000
2026-05-22 15:39:55,379 | INFO | MainProcess | Progreso GPU (AMBAS) | 4560000/10000000 (45.60%)
2026-05-22 15:39:55,379 | INFO | MainProcess | GPU progreso | lote=120000 | restante=440000
2026-05-22 15:39:55,379 | INFO | MainProcess | GPU lote inicio | lote=120000 | restante_antes=440000
2026-05-22 15:39:55,440 | INFO | MainProcess | GPU progreso | lote=120000 | restante=320000
2026-05-22 15:39:55,440 | INFO | MainProcess | GPU lote inicio | lote=120000 | restante_antes=320000
2026-05-22 15:39:55,501 | INFO | MainProcess | GPU progreso | lote=120000 | restante=200000
2026-05-22 15:39:55,501 | INFO | MainProcess | GPU lote inicio | lote=120000 | restante_antes=200000
2026-05-22 15:39:55,565 | INFO | MainProcess | GPU progreso | lote=120000 | restante=80000
2026-05-22 15:39:55,566 | INFO | MainProcess | GPU lote inicio | lote=80000 | restante_antes=80000
2026-05-22 15:39:55,608 | INFO | MainProcess | Progreso GPU (AMBAS) | 5000000/10000000 (50.00%)
2026-05-22 15:39:55,608 | INFO | MainProcess | GPU progreso | lote=80000 | restante=0
2026-05-22 15:39:55,609 | INFO | MainProcess | GPU fin | experimentos=5000000
2026-05-22 15:39:55,609 | INFO | MainProcess | Generar masivos | experimentos=5000000 | dados=1 | trabajadores=16
2026-05-22 15:39:55,690 | INFO | ForkProcess-225 | [CPU worker] inicio lote: experimentos=312500, dados=1, pid=184198
2026-05-22 15:39:55,690 | INFO | ForkProcess-226 | [CPU worker] inicio lote: experimentos=312500, dados=1, pid=184199
2026-05-22 15:39:55,690 | INFO | ForkProcess-227 | [CPU worker] inicio lote: experimentos=312500, dados=1, pid=184200
2026-05-22 15:39:55,691 | INFO | ForkProcess-229 | [CPU worker] inicio lote: experimentos=312500, dados=1, pid=184202
2026-05-22 15:39:55,691 | INFO | ForkProcess-231 | [CPU worker] inicio lote: experimentos=312500, dados=1, pid=184204
2026-05-22 15:39:55,691 | INFO | ForkProcess-228 | [CPU worker] inicio lote: experimentos=312500, dados=1, pid=184201
2026-05-22 15:39:55,691 | INFO | ForkProcess-230 | [CPU worker] inicio lote: experimentos=312500, dados=1, pid=184203
2026-05-22 15:39:55,691 | INFO | ForkProcess-232 | [CPU worker] inicio lote: experimentos=312500, dados=1, pid=184205
2026-05-22 15:39:55,691 | INFO | ForkProcess-233 | [CPU worker] inicio lote: experimentos=312500, dados=1, pid=184206
2026-05-22 15:39:55,691 | INFO | ForkProcess-234 | [CPU worker] inicio lote: experimentos=312500, dados=1, pid=184207
2026-05-22 15:39:55,691 | INFO | ForkProcess-235 | [CPU worker] inicio lote: experimentos=312500, dados=1, pid=184208
2026-05-22 15:39:55,691 | INFO | ForkProcess-236 | [CPU worker] inicio lote: experimentos=312500, dados=1, pid=184209
2026-05-22 15:39:55,691 | INFO | ForkProcess-237 | [CPU worker] inicio lote: experimentos=312500, dados=1, pid=184210
2026-05-22 15:39:55,694 | INFO | ForkProcess-238 | [CPU worker] inicio lote: experimentos=312500, dados=1, pid=184211
2026-05-22 15:39:55,694 | INFO | ForkProcess-239 | [CPU worker] inicio lote: experimentos=312500, dados=1, pid=184212
2026-05-22 15:39:55,695 | INFO | ForkProcess-240 | [CPU worker] inicio lote: experimentos=312500, dados=1, pid=184213
2026-05-22 15:39:56,249 | INFO | ForkProcess-228 | [CPU worker] fin lote: experimentos=312500, pid=184201
2026-05-22 15:39:56,250 | INFO | ForkProcess-227 | [CPU worker] fin lote: experimentos=312500, pid=184200
2026-05-22 15:39:56,251 | INFO | ForkProcess-229 | [CPU worker] fin lote: experimentos=312500, pid=184202
2026-05-22 15:39:56,252 | INFO | ForkProcess-225 | [CPU worker] fin lote: experimentos=312500, pid=184198
2026-05-22 15:39:56,252 | INFO | ForkProcess-237 | [CPU worker] fin lote: experimentos=312500, pid=184210
2026-05-22 15:39:56,253 | INFO | MainProcess | CPU paralelo progreso | trabajo=1/16
2026-05-22 15:39:56,257 | INFO | ForkProcess-233 | [CPU worker] fin lote: experimentos=312500, pid=184206
2026-05-22 15:39:56,263 | INFO | ForkProcess-232 | [CPU worker] fin lote: experimentos=312500, pid=184205
2026-05-22 15:39:56,265 | INFO | ForkProcess-240 | [CPU worker] fin lote: experimentos=312500, pid=184213
2026-05-22 15:39:56,268 | INFO | ForkProcess-234 | [CPU worker] fin lote: experimentos=312500, pid=184207
2026-05-22 15:39:56,270 | INFO | ForkProcess-231 | [CPU worker] fin lote: experimentos=312500, pid=184204
2026-05-22 15:39:56,275 | INFO | ForkProcess-235 | [CPU worker] fin lote: experimentos=312500, pid=184208
2026-05-22 15:39:56,276 | INFO | ForkProcess-239 | [CPU worker] fin lote: experimentos=312500, pid=184212
2026-05-22 15:39:56,330 | INFO | ForkProcess-230 | [CPU worker] fin lote: experimentos=312500, pid=184203
2026-05-22 15:39:56,341 | INFO | ForkProcess-236 | [CPU worker] fin lote: experimentos=312500, pid=184209
2026-05-22 15:39:56,369 | INFO | ForkProcess-226 | [CPU worker] fin lote: experimentos=312500, pid=184199
2026-05-22 15:39:56,371 | INFO | MainProcess | Progreso CPU (AMBAS) | 5625000/10000000 (56.25%)
2026-05-22 15:39:56,371 | INFO | MainProcess | CPU paralelo progreso | trabajo=3/16
2026-05-22 15:39:56,371 | INFO | MainProcess | Progreso CPU (AMBAS) | 6250000/10000000 (62.50%)
2026-05-22 15:39:56,371 | INFO | MainProcess | Progreso CPU (AMBAS) | 6562500/10000000 (65.62%)
2026-05-22 15:39:56,371 | INFO | MainProcess | CPU paralelo progreso | trabajo=6/16
2026-05-22 15:39:56,371 | INFO | MainProcess | Progreso CPU (AMBAS) | 7187500/10000000 (71.88%)
2026-05-22 15:39:56,372 | INFO | MainProcess | Progreso CPU (AMBAS) | 7500000/10000000 (75.00%)
2026-05-22 15:39:56,372 | INFO | MainProcess | CPU paralelo progreso | trabajo=9/16
2026-05-22 15:39:56,372 | INFO | MainProcess | Progreso CPU (AMBAS) | 8125000/10000000 (81.25%)
2026-05-22 15:39:56,372 | INFO | MainProcess | Progreso CPU (AMBAS) | 8750000/10000000 (87.50%)
2026-05-22 15:39:56,372 | INFO | MainProcess | CPU paralelo progreso | trabajo=12/16
2026-05-22 15:39:56,372 | INFO | MainProcess | Progreso CPU (AMBAS) | 9062500/10000000 (90.62%)
2026-05-22 15:39:56,386 | INFO | ForkProcess-238 | [CPU worker] fin lote: experimentos=312500, pid=184211
2026-05-22 15:39:56,387 | INFO | MainProcess | Progreso CPU (AMBAS) | 9687500/10000000 (96.88%)
2026-05-22 15:39:56,388 | INFO | MainProcess | CPU paralelo progreso | trabajo=15/16
2026-05-22 15:39:56,388 | INFO | MainProcess | Progreso CPU (AMBAS) | 10000000/10000000 (100.00%)
2026-05-22 15:39:56,388 | INFO | MainProcess | CPU paralelo progreso | trabajo=16/16
2026-05-22 15:40:14,785 | INFO | MainProcess | Sesion guardada | nombre=Dado1Hard | ruta=/media/darkseid/DATA/Repos/probability-and-statistics/dice/sessions/Dado1Hard.json
2026-05-22 15:40:16,679 | INFO | MainProcess | Lanzar N | N=10000000 | dados=1 | modo_solicitado=AMBAS | modo_real=AMBAS | trabajadores=16
2026-05-22 15:40:16,680 | INFO | MainProcess | GPU inicio | experimentos=5000000 | dados=1 | lote_max=120000
2026-05-22 15:40:16,680 | INFO | MainProcess | GPU lote inicio | lote=120000 | restante_antes=5000000
2026-05-22 15:40:16,754 | INFO | MainProcess | Progreso GPU (AMBAS) | 120000/10000000 (1.20%)
2026-05-22 15:40:16,754 | INFO | MainProcess | GPU progreso | lote=120000 | restante=4880000
2026-05-22 15:40:16,754 | INFO | MainProcess | GPU lote inicio | lote=120000 | restante_antes=4880000
2026-05-22 15:40:16,815 | INFO | MainProcess | GPU progreso | lote=120000 | restante=4760000
2026-05-22 15:40:16,815 | INFO | MainProcess | GPU lote inicio | lote=120000 | restante_antes=4760000
2026-05-22 15:40:16,875 | INFO | MainProcess | GPU progreso | lote=120000 | restante=4640000
2026-05-22 15:40:16,876 | INFO | MainProcess | GPU lote inicio | lote=120000 | restante_antes=4640000
2026-05-22 15:40:16,937 | INFO | MainProcess | GPU progreso | lote=120000 | restante=4520000
2026-05-22 15:40:16,937 | INFO | MainProcess | GPU lote inicio | lote=120000 | restante_antes=4520000
2026-05-22 15:40:16,997 | INFO | MainProcess | Progreso GPU (AMBAS) | 600000/10000000 (6.00%)
2026-05-22 15:40:16,997 | INFO | MainProcess | GPU progreso | lote=120000 | restante=4400000
2026-05-22 15:40:16,997 | INFO | MainProcess | GPU lote inicio | lote=120000 | restante_antes=4400000
2026-05-22 15:40:17,059 | INFO | MainProcess | GPU progreso | lote=120000 | restante=4280000
2026-05-22 15:40:17,059 | INFO | MainProcess | GPU lote inicio | lote=120000 | restante_antes=4280000
2026-05-22 15:40:17,118 | INFO | MainProcess | GPU progreso | lote=120000 | restante=4160000
2026-05-22 15:40:17,118 | INFO | MainProcess | GPU lote inicio | lote=120000 | restante_antes=4160000
2026-05-22 15:40:17,178 | INFO | MainProcess | GPU progreso | lote=120000 | restante=4040000
2026-05-22 15:40:17,178 | INFO | MainProcess | GPU lote inicio | lote=120000 | restante_antes=4040000
2026-05-22 15:40:17,238 | INFO | MainProcess | Progreso GPU (AMBAS) | 1080000/10000000 (10.80%)
2026-05-22 15:40:17,238 | INFO | MainProcess | GPU progreso | lote=120000 | restante=3920000
2026-05-22 15:40:17,238 | INFO | MainProcess | GPU lote inicio | lote=120000 | restante_antes=3920000
2026-05-22 15:40:17,298 | INFO | MainProcess | GPU progreso | lote=120000 | restante=3800000
2026-05-22 15:40:17,298 | INFO | MainProcess | GPU lote inicio | lote=120000 | restante_antes=3800000
2026-05-22 15:40:17,358 | INFO | MainProcess | GPU progreso | lote=120000 | restante=3680000
2026-05-22 15:40:17,358 | INFO | MainProcess | GPU lote inicio | lote=120000 | restante_antes=3680000
2026-05-22 15:40:17,418 | INFO | MainProcess | GPU progreso | lote=120000 | restante=3560000
2026-05-22 15:40:17,418 | INFO | MainProcess | GPU lote inicio | lote=120000 | restante_antes=3560000
2026-05-22 15:40:17,478 | INFO | MainProcess | Progreso GPU (AMBAS) | 1560000/10000000 (15.60%)
2026-05-22 15:40:17,478 | INFO | MainProcess | GPU progreso | lote=120000 | restante=3440000
2026-05-22 15:40:17,478 | INFO | MainProcess | GPU lote inicio | lote=120000 | restante_antes=3440000
2026-05-22 15:40:17,538 | INFO | MainProcess | GPU progreso | lote=120000 | restante=3320000
2026-05-22 15:40:17,538 | INFO | MainProcess | GPU lote inicio | lote=120000 | restante_antes=3320000
2026-05-22 15:40:17,598 | INFO | MainProcess | GPU progreso | lote=120000 | restante=3200000
2026-05-22 15:40:17,598 | INFO | MainProcess | GPU lote inicio | lote=120000 | restante_antes=3200000
2026-05-22 15:40:17,658 | INFO | MainProcess | GPU progreso | lote=120000 | restante=3080000
2026-05-22 15:40:17,658 | INFO | MainProcess | GPU lote inicio | lote=120000 | restante_antes=3080000
2026-05-22 15:40:17,719 | INFO | MainProcess | Progreso GPU (AMBAS) | 2040000/10000000 (20.40%)
2026-05-22 15:40:17,719 | INFO | MainProcess | GPU progreso | lote=120000 | restante=2960000
2026-05-22 15:40:17,719 | INFO | MainProcess | GPU lote inicio | lote=120000 | restante_antes=2960000
2026-05-22 15:40:17,779 | INFO | MainProcess | GPU progreso | lote=120000 | restante=2840000
2026-05-22 15:40:17,779 | INFO | MainProcess | GPU lote inicio | lote=120000 | restante_antes=2840000
2026-05-22 15:40:17,839 | INFO | MainProcess | GPU progreso | lote=120000 | restante=2720000
2026-05-22 15:40:17,839 | INFO | MainProcess | GPU lote inicio | lote=120000 | restante_antes=2720000
2026-05-22 15:40:17,899 | INFO | MainProcess | GPU progreso | lote=120000 | restante=2600000
2026-05-22 15:40:17,899 | INFO | MainProcess | GPU lote inicio | lote=120000 | restante_antes=2600000
2026-05-22 15:40:17,959 | INFO | MainProcess | Progreso GPU (AMBAS) | 2520000/10000000 (25.20%)
2026-05-22 15:40:17,959 | INFO | MainProcess | GPU progreso | lote=120000 | restante=2480000
2026-05-22 15:40:17,959 | INFO | MainProcess | GPU lote inicio | lote=120000 | restante_antes=2480000
2026-05-22 15:40:18,019 | INFO | MainProcess | GPU progreso | lote=120000 | restante=2360000
2026-05-22 15:40:18,019 | INFO | MainProcess | GPU lote inicio | lote=120000 | restante_antes=2360000
2026-05-22 15:40:18,079 | INFO | MainProcess | GPU progreso | lote=120000 | restante=2240000
2026-05-22 15:40:18,079 | INFO | MainProcess | GPU lote inicio | lote=120000 | restante_antes=2240000
2026-05-22 15:40:18,139 | INFO | MainProcess | GPU progreso | lote=120000 | restante=2120000
2026-05-22 15:40:18,139 | INFO | MainProcess | GPU lote inicio | lote=120000 | restante_antes=2120000
2026-05-22 15:40:18,199 | INFO | MainProcess | Progreso GPU (AMBAS) | 3000000/10000000 (30.00%)
2026-05-22 15:40:18,199 | INFO | MainProcess | GPU progreso | lote=120000 | restante=2000000
2026-05-22 15:40:18,200 | INFO | MainProcess | GPU lote inicio | lote=120000 | restante_antes=2000000
2026-05-22 15:40:18,259 | INFO | MainProcess | GPU progreso | lote=120000 | restante=1880000
2026-05-22 15:40:18,259 | INFO | MainProcess | GPU lote inicio | lote=120000 | restante_antes=1880000
2026-05-22 15:40:18,319 | INFO | MainProcess | GPU progreso | lote=120000 | restante=1760000
2026-05-22 15:40:18,319 | INFO | MainProcess | GPU lote inicio | lote=120000 | restante_antes=1760000
2026-05-22 15:40:18,379 | INFO | MainProcess | GPU progreso | lote=120000 | restante=1640000
2026-05-22 15:40:18,380 | INFO | MainProcess | GPU lote inicio | lote=120000 | restante_antes=1640000
2026-05-22 15:40:18,440 | INFO | MainProcess | GPU progreso | lote=120000 | restante=1520000
2026-05-22 15:40:18,440 | INFO | MainProcess | GPU lote inicio | lote=120000 | restante_antes=1520000
2026-05-22 15:40:18,500 | INFO | MainProcess | Progreso GPU (AMBAS) | 3600000/10000000 (36.00%)
2026-05-22 15:40:18,500 | INFO | MainProcess | GPU progreso | lote=120000 | restante=1400000
2026-05-22 15:40:18,500 | INFO | MainProcess | GPU lote inicio | lote=120000 | restante_antes=1400000
2026-05-22 15:40:18,563 | INFO | MainProcess | GPU progreso | lote=120000 | restante=1280000
2026-05-22 15:40:18,563 | INFO | MainProcess | GPU lote inicio | lote=120000 | restante_antes=1280000
2026-05-22 15:40:18,623 | INFO | MainProcess | GPU progreso | lote=120000 | restante=1160000
2026-05-22 15:40:18,623 | INFO | MainProcess | GPU lote inicio | lote=120000 | restante_antes=1160000
2026-05-22 15:40:18,683 | INFO | MainProcess | GPU progreso | lote=120000 | restante=1040000
2026-05-22 15:40:18,683 | INFO | MainProcess | GPU lote inicio | lote=120000 | restante_antes=1040000
2026-05-22 15:40:18,743 | INFO | MainProcess | Progreso GPU (AMBAS) | 4080000/10000000 (40.80%)
2026-05-22 15:40:18,743 | INFO | MainProcess | GPU progreso | lote=120000 | restante=920000
2026-05-22 15:40:18,743 | INFO | MainProcess | GPU lote inicio | lote=120000 | restante_antes=920000
2026-05-22 15:40:18,803 | INFO | MainProcess | GPU progreso | lote=120000 | restante=800000
2026-05-22 15:40:18,803 | INFO | MainProcess | GPU lote inicio | lote=120000 | restante_antes=800000
2026-05-22 15:40:18,863 | INFO | MainProcess | GPU progreso | lote=120000 | restante=680000
2026-05-22 15:40:18,863 | INFO | MainProcess | GPU lote inicio | lote=120000 | restante_antes=680000
2026-05-22 15:40:18,923 | INFO | MainProcess | GPU progreso | lote=120000 | restante=560000
2026-05-22 15:40:18,923 | INFO | MainProcess | GPU lote inicio | lote=120000 | restante_antes=560000
2026-05-22 15:40:18,984 | INFO | MainProcess | Progreso GPU (AMBAS) | 4560000/10000000 (45.60%)
2026-05-22 15:40:18,984 | INFO | MainProcess | GPU progreso | lote=120000 | restante=440000
2026-05-22 15:40:18,984 | INFO | MainProcess | GPU lote inicio | lote=120000 | restante_antes=440000
2026-05-22 15:40:19,046 | INFO | MainProcess | GPU progreso | lote=120000 | restante=320000
2026-05-22 15:40:19,046 | INFO | MainProcess | GPU lote inicio | lote=120000 | restante_antes=320000
2026-05-22 15:40:19,109 | INFO | MainProcess | GPU progreso | lote=120000 | restante=200000
2026-05-22 15:40:19,109 | INFO | MainProcess | GPU lote inicio | lote=120000 | restante_antes=200000
2026-05-22 15:40:19,176 | INFO | MainProcess | GPU progreso | lote=120000 | restante=80000
2026-05-22 15:40:19,176 | INFO | MainProcess | GPU lote inicio | lote=80000 | restante_antes=80000
2026-05-22 15:40:19,217 | INFO | MainProcess | Progreso GPU (AMBAS) | 5000000/10000000 (50.00%)
2026-05-22 15:40:19,218 | INFO | MainProcess | GPU progreso | lote=80000 | restante=0
2026-05-22 15:40:19,218 | INFO | MainProcess | GPU fin | experimentos=5000000
2026-05-22 15:40:19,218 | INFO | MainProcess | Generar masivos | experimentos=5000000 | dados=1 | trabajadores=16
2026-05-22 15:40:19,304 | INFO | ForkProcess-242 | [CPU worker] inicio lote: experimentos=312500, dados=1, pid=184695
2026-05-22 15:40:19,304 | INFO | ForkProcess-243 | [CPU worker] inicio lote: experimentos=312500, dados=1, pid=184696
2026-05-22 15:40:19,304 | INFO | ForkProcess-241 | [CPU worker] inicio lote: experimentos=312500, dados=1, pid=184694
2026-05-22 15:40:19,304 | INFO | ForkProcess-245 | [CPU worker] inicio lote: experimentos=312500, dados=1, pid=184698
2026-05-22 15:40:19,304 | INFO | ForkProcess-244 | [CPU worker] inicio lote: experimentos=312500, dados=1, pid=184697
2026-05-22 15:40:19,304 | INFO | ForkProcess-246 | [CPU worker] inicio lote: experimentos=312500, dados=1, pid=184699
2026-05-22 15:40:19,304 | INFO | ForkProcess-247 | [CPU worker] inicio lote: experimentos=312500, dados=1, pid=184700
2026-05-22 15:40:19,305 | INFO | ForkProcess-255 | [CPU worker] inicio lote: experimentos=312500, dados=1, pid=184708
2026-05-22 15:40:19,306 | INFO | ForkProcess-256 | [CPU worker] inicio lote: experimentos=312500, dados=1, pid=184709
2026-05-22 15:40:19,304 | INFO | ForkProcess-248 | [CPU worker] inicio lote: experimentos=312500, dados=1, pid=184701
2026-05-22 15:40:19,305 | INFO | ForkProcess-249 | [CPU worker] inicio lote: experimentos=312500, dados=1, pid=184702
2026-05-22 15:40:19,305 | INFO | ForkProcess-250 | [CPU worker] inicio lote: experimentos=312500, dados=1, pid=184703
2026-05-22 15:40:19,305 | INFO | ForkProcess-251 | [CPU worker] inicio lote: experimentos=312500, dados=1, pid=184704
2026-05-22 15:40:19,305 | INFO | ForkProcess-252 | [CPU worker] inicio lote: experimentos=312500, dados=1, pid=184705
2026-05-22 15:40:19,305 | INFO | ForkProcess-253 | [CPU worker] inicio lote: experimentos=312500, dados=1, pid=184706
2026-05-22 15:40:19,305 | INFO | ForkProcess-254 | [CPU worker] inicio lote: experimentos=312500, dados=1, pid=184707
2026-05-22 15:40:19,863 | INFO | ForkProcess-245 | [CPU worker] fin lote: experimentos=312500, pid=184698
2026-05-22 15:40:19,868 | INFO | ForkProcess-242 | [CPU worker] fin lote: experimentos=312500, pid=184695
2026-05-22 15:40:19,874 | INFO | ForkProcess-247 | [CPU worker] fin lote: experimentos=312500, pid=184700
2026-05-22 15:40:19,901 | INFO | ForkProcess-249 | [CPU worker] fin lote: experimentos=312500, pid=184702
2026-05-22 15:40:19,908 | INFO | ForkProcess-255 | [CPU worker] fin lote: experimentos=312500, pid=184708
2026-05-22 15:40:19,914 | INFO | ForkProcess-244 | [CPU worker] fin lote: experimentos=312500, pid=184697
2026-05-22 15:40:19,919 | INFO | ForkProcess-241 | [CPU worker] fin lote: experimentos=312500, pid=184694
2026-05-22 15:40:19,922 | INFO | MainProcess | CPU paralelo progreso | trabajo=1/16
2026-05-22 15:40:19,922 | INFO | MainProcess | Progreso CPU (AMBAS) | 5625000/10000000 (56.25%)
2026-05-22 15:40:19,922 | INFO | ForkProcess-254 | [CPU worker] fin lote: experimentos=312500, pid=184707
2026-05-22 15:40:19,927 | INFO | ForkProcess-252 | [CPU worker] fin lote: experimentos=312500, pid=184705
2026-05-22 15:40:19,946 | INFO | ForkProcess-251 | [CPU worker] fin lote: experimentos=312500, pid=184704
2026-05-22 15:40:19,956 | INFO | ForkProcess-248 | [CPU worker] fin lote: experimentos=312500, pid=184701
2026-05-22 15:40:19,982 | INFO | ForkProcess-250 | [CPU worker] fin lote: experimentos=312500, pid=184703
2026-05-22 15:40:19,987 | INFO | ForkProcess-256 | [CPU worker] fin lote: experimentos=312500, pid=184709
2026-05-22 15:40:19,992 | INFO | ForkProcess-243 | [CPU worker] fin lote: experimentos=312500, pid=184696
2026-05-22 15:40:19,993 | INFO | MainProcess | CPU paralelo progreso | trabajo=3/16
2026-05-22 15:40:19,993 | INFO | MainProcess | Progreso CPU (AMBAS) | 6250000/10000000 (62.50%)
2026-05-22 15:40:19,993 | INFO | MainProcess | Progreso CPU (AMBAS) | 6562500/10000000 (65.62%)
2026-05-22 15:40:20,035 | INFO | ForkProcess-253 | [CPU worker] fin lote: experimentos=312500, pid=184706
2026-05-22 15:40:20,053 | INFO | ForkProcess-246 | [CPU worker] fin lote: experimentos=312500, pid=184699
2026-05-22 15:40:20,053 | INFO | MainProcess | CPU paralelo progreso | trabajo=6/16
2026-05-22 15:40:20,053 | INFO | MainProcess | Progreso CPU (AMBAS) | 7187500/10000000 (71.88%)
2026-05-22 15:40:20,054 | INFO | MainProcess | Progreso CPU (AMBAS) | 7500000/10000000 (75.00%)
2026-05-22 15:40:20,054 | INFO | MainProcess | CPU paralelo progreso | trabajo=9/16
2026-05-22 15:40:20,054 | INFO | MainProcess | Progreso CPU (AMBAS) | 8125000/10000000 (81.25%)
2026-05-22 15:40:20,054 | INFO | MainProcess | Progreso CPU (AMBAS) | 8750000/10000000 (87.50%)
2026-05-22 15:40:20,054 | INFO | MainProcess | CPU paralelo progreso | trabajo=12/16
2026-05-22 15:40:20,054 | INFO | MainProcess | Progreso CPU (AMBAS) | 9062500/10000000 (90.62%)
2026-05-22 15:40:20,054 | INFO | MainProcess | Progreso CPU (AMBAS) | 9687500/10000000 (96.88%)
2026-05-22 15:40:20,054 | INFO | MainProcess | CPU paralelo progreso | trabajo=15/16
2026-05-22 15:40:20,054 | INFO | MainProcess | Progreso CPU (AMBAS) | 10000000/10000000 (100.00%)
2026-05-22 15:40:20,054 | INFO | MainProcess | CPU paralelo progreso | trabajo=16/16
2026-05-22 15:40:57,425 | INFO | MainProcess | Lanzar N | N=10000000 | dados=1 | modo_solicitado=AMBAS | modo_real=AMBAS | trabajadores=16
2026-05-22 15:40:57,426 | INFO | MainProcess | GPU inicio | experimentos=5000000 | dados=1 | lote_max=120000
2026-05-22 15:40:57,426 | INFO | MainProcess | GPU lote inicio | lote=120000 | restante_antes=5000000
2026-05-22 15:40:57,499 | INFO | MainProcess | Progreso GPU (AMBAS) | 120000/10000000 (1.20%)
2026-05-22 15:40:57,499 | INFO | MainProcess | GPU progreso | lote=120000 | restante=4880000
2026-05-22 15:40:57,499 | INFO | MainProcess | GPU lote inicio | lote=120000 | restante_antes=4880000
2026-05-22 15:40:57,559 | INFO | MainProcess | GPU progreso | lote=120000 | restante=4760000
2026-05-22 15:40:57,560 | INFO | MainProcess | GPU lote inicio | lote=120000 | restante_antes=4760000
2026-05-22 15:40:57,620 | INFO | MainProcess | GPU progreso | lote=120000 | restante=4640000
2026-05-22 15:40:57,620 | INFO | MainProcess | GPU lote inicio | lote=120000 | restante_antes=4640000
2026-05-22 15:40:57,680 | INFO | MainProcess | GPU progreso | lote=120000 | restante=4520000
2026-05-22 15:40:57,680 | INFO | MainProcess | GPU lote inicio | lote=120000 | restante_antes=4520000
2026-05-22 15:40:57,741 | INFO | MainProcess | Progreso GPU (AMBAS) | 600000/10000000 (6.00%)
2026-05-22 15:40:57,741 | INFO | MainProcess | GPU progreso | lote=120000 | restante=4400000
2026-05-22 15:40:57,741 | INFO | MainProcess | GPU lote inicio | lote=120000 | restante_antes=4400000
2026-05-22 15:40:57,801 | INFO | MainProcess | GPU progreso | lote=120000 | restante=4280000
2026-05-22 15:40:57,801 | INFO | MainProcess | GPU lote inicio | lote=120000 | restante_antes=4280000
2026-05-22 15:40:57,861 | INFO | MainProcess | GPU progreso | lote=120000 | restante=4160000
2026-05-22 15:40:57,861 | INFO | MainProcess | GPU lote inicio | lote=120000 | restante_antes=4160000
2026-05-22 15:40:57,920 | INFO | MainProcess | GPU progreso | lote=120000 | restante=4040000
2026-05-22 15:40:57,920 | INFO | MainProcess | GPU lote inicio | lote=120000 | restante_antes=4040000
2026-05-22 15:40:57,980 | INFO | MainProcess | Progreso GPU (AMBAS) | 1080000/10000000 (10.80%)
2026-05-22 15:40:57,980 | INFO | MainProcess | GPU progreso | lote=120000 | restante=3920000
2026-05-22 15:40:57,980 | INFO | MainProcess | GPU lote inicio | lote=120000 | restante_antes=3920000
2026-05-22 15:40:58,041 | INFO | MainProcess | GPU progreso | lote=120000 | restante=3800000
2026-05-22 15:40:58,042 | INFO | MainProcess | GPU lote inicio | lote=120000 | restante_antes=3800000
2026-05-22 15:40:58,101 | INFO | MainProcess | GPU progreso | lote=120000 | restante=3680000
2026-05-22 15:40:58,101 | INFO | MainProcess | GPU lote inicio | lote=120000 | restante_antes=3680000
2026-05-22 15:40:58,161 | INFO | MainProcess | GPU progreso | lote=120000 | restante=3560000
2026-05-22 15:40:58,161 | INFO | MainProcess | GPU lote inicio | lote=120000 | restante_antes=3560000
2026-05-22 15:40:58,221 | INFO | MainProcess | Progreso GPU (AMBAS) | 1560000/10000000 (15.60%)
2026-05-22 15:40:58,221 | INFO | MainProcess | GPU progreso | lote=120000 | restante=3440000
2026-05-22 15:40:58,222 | INFO | MainProcess | GPU lote inicio | lote=120000 | restante_antes=3440000
2026-05-22 15:40:58,281 | INFO | MainProcess | GPU progreso | lote=120000 | restante=3320000
2026-05-22 15:40:58,281 | INFO | MainProcess | GPU lote inicio | lote=120000 | restante_antes=3320000
2026-05-22 15:40:58,344 | INFO | MainProcess | GPU progreso | lote=120000 | restante=3200000
2026-05-22 15:40:58,344 | INFO | MainProcess | GPU lote inicio | lote=120000 | restante_antes=3200000
2026-05-22 15:40:58,406 | INFO | MainProcess | GPU progreso | lote=120000 | restante=3080000
2026-05-22 15:40:58,406 | INFO | MainProcess | GPU lote inicio | lote=120000 | restante_antes=3080000
2026-05-22 15:40:58,466 | INFO | MainProcess | Progreso GPU (AMBAS) | 2040000/10000000 (20.40%)
2026-05-22 15:40:58,466 | INFO | MainProcess | GPU progreso | lote=120000 | restante=2960000
2026-05-22 15:40:58,467 | INFO | MainProcess | GPU lote inicio | lote=120000 | restante_antes=2960000
2026-05-22 15:40:58,527 | INFO | MainProcess | GPU progreso | lote=120000 | restante=2840000
2026-05-22 15:40:58,527 | INFO | MainProcess | GPU lote inicio | lote=120000 | restante_antes=2840000
2026-05-22 15:40:58,588 | INFO | MainProcess | GPU progreso | lote=120000 | restante=2720000
2026-05-22 15:40:58,588 | INFO | MainProcess | GPU lote inicio | lote=120000 | restante_antes=2720000
2026-05-22 15:40:58,648 | INFO | MainProcess | GPU progreso | lote=120000 | restante=2600000
2026-05-22 15:40:58,648 | INFO | MainProcess | GPU lote inicio | lote=120000 | restante_antes=2600000
2026-05-22 15:40:58,708 | INFO | MainProcess | Progreso GPU (AMBAS) | 2520000/10000000 (25.20%)
2026-05-22 15:40:58,709 | INFO | MainProcess | GPU progreso | lote=120000 | restante=2480000
2026-05-22 15:40:58,709 | INFO | MainProcess | GPU lote inicio | lote=120000 | restante_antes=2480000
2026-05-22 15:40:58,769 | INFO | MainProcess | GPU progreso | lote=120000 | restante=2360000
2026-05-22 15:40:58,770 | INFO | MainProcess | GPU lote inicio | lote=120000 | restante_antes=2360000
2026-05-22 15:40:58,830 | INFO | MainProcess | GPU progreso | lote=120000 | restante=2240000
2026-05-22 15:40:58,830 | INFO | MainProcess | GPU lote inicio | lote=120000 | restante_antes=2240000
2026-05-22 15:40:58,890 | INFO | MainProcess | GPU progreso | lote=120000 | restante=2120000
2026-05-22 15:40:58,890 | INFO | MainProcess | GPU lote inicio | lote=120000 | restante_antes=2120000
2026-05-22 15:40:58,950 | INFO | MainProcess | Progreso GPU (AMBAS) | 3000000/10000000 (30.00%)
2026-05-22 15:40:58,950 | INFO | MainProcess | GPU progreso | lote=120000 | restante=2000000
2026-05-22 15:40:58,951 | INFO | MainProcess | GPU lote inicio | lote=120000 | restante_antes=2000000
2026-05-22 15:40:59,011 | INFO | MainProcess | GPU progreso | lote=120000 | restante=1880000
2026-05-22 15:40:59,011 | INFO | MainProcess | GPU lote inicio | lote=120000 | restante_antes=1880000
2026-05-22 15:40:59,070 | INFO | MainProcess | GPU progreso | lote=120000 | restante=1760000
2026-05-22 15:40:59,071 | INFO | MainProcess | GPU lote inicio | lote=120000 | restante_antes=1760000
2026-05-22 15:40:59,131 | INFO | MainProcess | GPU progreso | lote=120000 | restante=1640000
2026-05-22 15:40:59,131 | INFO | MainProcess | GPU lote inicio | lote=120000 | restante_antes=1640000
2026-05-22 15:40:59,191 | INFO | MainProcess | GPU progreso | lote=120000 | restante=1520000
2026-05-22 15:40:59,191 | INFO | MainProcess | GPU lote inicio | lote=120000 | restante_antes=1520000
2026-05-22 15:40:59,251 | INFO | MainProcess | Progreso GPU (AMBAS) | 3600000/10000000 (36.00%)
2026-05-22 15:40:59,251 | INFO | MainProcess | GPU progreso | lote=120000 | restante=1400000
2026-05-22 15:40:59,252 | INFO | MainProcess | GPU lote inicio | lote=120000 | restante_antes=1400000
2026-05-22 15:40:59,312 | INFO | MainProcess | GPU progreso | lote=120000 | restante=1280000
2026-05-22 15:40:59,312 | INFO | MainProcess | GPU lote inicio | lote=120000 | restante_antes=1280000
2026-05-22 15:40:59,371 | INFO | MainProcess | GPU progreso | lote=120000 | restante=1160000
2026-05-22 15:40:59,372 | INFO | MainProcess | GPU lote inicio | lote=120000 | restante_antes=1160000
2026-05-22 15:40:59,431 | INFO | MainProcess | GPU progreso | lote=120000 | restante=1040000
2026-05-22 15:40:59,432 | INFO | MainProcess | GPU lote inicio | lote=120000 | restante_antes=1040000
2026-05-22 15:40:59,492 | INFO | MainProcess | Progreso GPU (AMBAS) | 4080000/10000000 (40.80%)
2026-05-22 15:40:59,492 | INFO | MainProcess | GPU progreso | lote=120000 | restante=920000
2026-05-22 15:40:59,492 | INFO | MainProcess | GPU lote inicio | lote=120000 | restante_antes=920000
2026-05-22 15:40:59,552 | INFO | MainProcess | GPU progreso | lote=120000 | restante=800000
2026-05-22 15:40:59,552 | INFO | MainProcess | GPU lote inicio | lote=120000 | restante_antes=800000
2026-05-22 15:40:59,615 | INFO | MainProcess | GPU progreso | lote=120000 | restante=680000
2026-05-22 15:40:59,615 | INFO | MainProcess | GPU lote inicio | lote=120000 | restante_antes=680000
2026-05-22 15:40:59,676 | INFO | MainProcess | GPU progreso | lote=120000 | restante=560000
2026-05-22 15:40:59,676 | INFO | MainProcess | GPU lote inicio | lote=120000 | restante_antes=560000
2026-05-22 15:40:59,737 | INFO | MainProcess | Progreso GPU (AMBAS) | 4560000/10000000 (45.60%)
2026-05-22 15:40:59,737 | INFO | MainProcess | GPU progreso | lote=120000 | restante=440000
2026-05-22 15:40:59,737 | INFO | MainProcess | GPU lote inicio | lote=120000 | restante_antes=440000
2026-05-22 15:40:59,797 | INFO | MainProcess | GPU progreso | lote=120000 | restante=320000
2026-05-22 15:40:59,797 | INFO | MainProcess | GPU lote inicio | lote=120000 | restante_antes=320000
2026-05-22 15:40:59,858 | INFO | MainProcess | GPU progreso | lote=120000 | restante=200000
2026-05-22 15:40:59,859 | INFO | MainProcess | GPU lote inicio | lote=120000 | restante_antes=200000
2026-05-22 15:40:59,920 | INFO | MainProcess | GPU progreso | lote=120000 | restante=80000
2026-05-22 15:40:59,920 | INFO | MainProcess | GPU lote inicio | lote=80000 | restante_antes=80000
2026-05-22 15:40:59,961 | INFO | MainProcess | Progreso GPU (AMBAS) | 5000000/10000000 (50.00%)
2026-05-22 15:40:59,961 | INFO | MainProcess | GPU progreso | lote=80000 | restante=0
2026-05-22 15:40:59,962 | INFO | MainProcess | GPU fin | experimentos=5000000
2026-05-22 15:40:59,962 | INFO | MainProcess | Generar masivos | experimentos=5000000 | dados=1 | trabajadores=16
2026-05-22 15:41:00,030 | INFO | ForkProcess-257 | [CPU worker] inicio lote: experimentos=312500, dados=1, pid=185614
2026-05-22 15:41:00,030 | INFO | ForkProcess-258 | [CPU worker] inicio lote: experimentos=312500, dados=1, pid=185615
2026-05-22 15:41:00,030 | INFO | ForkProcess-259 | [CPU worker] inicio lote: experimentos=312500, dados=1, pid=185616
2026-05-22 15:41:00,030 | INFO | ForkProcess-260 | [CPU worker] inicio lote: experimentos=312500, dados=1, pid=185617
2026-05-22 15:41:00,031 | INFO | ForkProcess-262 | [CPU worker] inicio lote: experimentos=312500, dados=1, pid=185619
2026-05-22 15:41:00,031 | INFO | ForkProcess-261 | [CPU worker] inicio lote: experimentos=312500, dados=1, pid=185618
2026-05-22 15:41:00,031 | INFO | ForkProcess-263 | [CPU worker] inicio lote: experimentos=312500, dados=1, pid=185620
2026-05-22 15:41:00,031 | INFO | ForkProcess-265 | [CPU worker] inicio lote: experimentos=312500, dados=1, pid=185622
2026-05-22 15:41:00,031 | INFO | ForkProcess-267 | [CPU worker] inicio lote: experimentos=312500, dados=1, pid=185624
2026-05-22 15:41:00,031 | INFO | ForkProcess-266 | [CPU worker] inicio lote: experimentos=312500, dados=1, pid=185623
2026-05-22 15:41:00,031 | INFO | ForkProcess-264 | [CPU worker] inicio lote: experimentos=312500, dados=1, pid=185621
2026-05-22 15:41:00,031 | INFO | ForkProcess-268 | [CPU worker] inicio lote: experimentos=312500, dados=1, pid=185625
2026-05-22 15:41:00,031 | INFO | ForkProcess-269 | [CPU worker] inicio lote: experimentos=312500, dados=1, pid=185626
2026-05-22 15:41:00,031 | INFO | ForkProcess-270 | [CPU worker] inicio lote: experimentos=312500, dados=1, pid=185627
2026-05-22 15:41:00,032 | INFO | ForkProcess-272 | [CPU worker] inicio lote: experimentos=312500, dados=1, pid=185629
2026-05-22 15:41:00,032 | INFO | ForkProcess-271 | [CPU worker] inicio lote: experimentos=312500, dados=1, pid=185628
2026-05-22 15:41:00,588 | INFO | ForkProcess-269 | [CPU worker] fin lote: experimentos=312500, pid=185626
2026-05-22 15:41:00,588 | INFO | ForkProcess-257 | [CPU worker] fin lote: experimentos=312500, pid=185614
2026-05-22 15:41:00,590 | INFO | ForkProcess-266 | [CPU worker] fin lote: experimentos=312500, pid=185623
2026-05-22 15:41:00,592 | INFO | MainProcess | CPU paralelo progreso | trabajo=1/16
2026-05-22 15:41:00,593 | INFO | ForkProcess-259 | [CPU worker] fin lote: experimentos=312500, pid=185616
2026-05-22 15:41:00,594 | INFO | ForkProcess-264 | [CPU worker] fin lote: experimentos=312500, pid=185621
2026-05-22 15:41:00,596 | INFO | ForkProcess-267 | [CPU worker] fin lote: experimentos=312500, pid=185624
2026-05-22 15:41:00,598 | INFO | ForkProcess-261 | [CPU worker] fin lote: experimentos=312500, pid=185618
2026-05-22 15:41:00,600 | INFO | ForkProcess-270 | [CPU worker] fin lote: experimentos=312500, pid=185627
2026-05-22 15:41:00,601 | INFO | ForkProcess-272 | [CPU worker] fin lote: experimentos=312500, pid=185629
2026-05-22 15:41:00,603 | INFO | ForkProcess-265 | [CPU worker] fin lote: experimentos=312500, pid=185622
2026-05-22 15:41:00,610 | INFO | ForkProcess-268 | [CPU worker] fin lote: experimentos=312500, pid=185625
2026-05-22 15:41:00,610 | INFO | ForkProcess-271 | [CPU worker] fin lote: experimentos=312500, pid=185628
2026-05-22 15:41:00,624 | INFO | ForkProcess-260 | [CPU worker] fin lote: experimentos=312500, pid=185617
2026-05-22 15:41:00,630 | INFO | ForkProcess-263 | [CPU worker] fin lote: experimentos=312500, pid=185620
2026-05-22 15:41:00,647 | INFO | ForkProcess-258 | [CPU worker] fin lote: experimentos=312500, pid=185615
2026-05-22 15:41:00,647 | INFO | MainProcess | Progreso CPU (AMBAS) | 5625000/10000000 (56.25%)
2026-05-22 15:41:00,648 | INFO | MainProcess | CPU paralelo progreso | trabajo=3/16
2026-05-22 15:41:00,648 | INFO | MainProcess | Progreso CPU (AMBAS) | 6250000/10000000 (62.50%)
2026-05-22 15:41:00,648 | INFO | MainProcess | Progreso CPU (AMBAS) | 6562500/10000000 (65.62%)
2026-05-22 15:41:00,674 | INFO | ForkProcess-262 | [CPU worker] fin lote: experimentos=312500, pid=185619
2026-05-22 15:41:00,675 | INFO | MainProcess | CPU paralelo progreso | trabajo=6/16
2026-05-22 15:41:00,675 | INFO | MainProcess | Progreso CPU (AMBAS) | 7187500/10000000 (71.88%)
2026-05-22 15:41:00,675 | INFO | MainProcess | Progreso CPU (AMBAS) | 7500000/10000000 (75.00%)
2026-05-22 15:41:00,676 | INFO | MainProcess | CPU paralelo progreso | trabajo=9/16
2026-05-22 15:41:00,676 | INFO | MainProcess | Progreso CPU (AMBAS) | 8125000/10000000 (81.25%)
2026-05-22 15:41:00,676 | INFO | MainProcess | Progreso CPU (AMBAS) | 8750000/10000000 (87.50%)
2026-05-22 15:41:00,676 | INFO | MainProcess | CPU paralelo progreso | trabajo=12/16
2026-05-22 15:41:00,676 | INFO | MainProcess | Progreso CPU (AMBAS) | 9062500/10000000 (90.62%)
2026-05-22 15:41:00,676 | INFO | MainProcess | Progreso CPU (AMBAS) | 9687500/10000000 (96.88%)
2026-05-22 15:41:00,676 | INFO | MainProcess | CPU paralelo progreso | trabajo=15/16
2026-05-22 15:41:00,676 | INFO | MainProcess | Progreso CPU (AMBAS) | 10000000/10000000 (100.00%)
2026-05-22 15:41:00,676 | INFO | MainProcess | CPU paralelo progreso | trabajo=16/16
2026-05-22 15:41:06,332 | INFO | MainProcess | Lanzar N | N=10000000 | dados=1 | modo_solicitado=AMBAS | modo_real=AMBAS | trabajadores=16
2026-05-22 15:41:06,333 | INFO | MainProcess | GPU inicio | experimentos=5000000 | dados=1 | lote_max=120000
2026-05-22 15:41:06,333 | INFO | MainProcess | GPU lote inicio | lote=120000 | restante_antes=5000000
2026-05-22 15:41:06,395 | INFO | MainProcess | Progreso GPU (AMBAS) | 120000/10000000 (1.20%)
2026-05-22 15:41:06,395 | INFO | MainProcess | GPU progreso | lote=120000 | restante=4880000
2026-05-22 15:41:06,395 | INFO | MainProcess | GPU lote inicio | lote=120000 | restante_antes=4880000
2026-05-22 15:41:06,455 | INFO | MainProcess | GPU progreso | lote=120000 | restante=4760000
2026-05-22 15:41:06,455 | INFO | MainProcess | GPU lote inicio | lote=120000 | restante_antes=4760000
2026-05-22 15:41:06,516 | INFO | MainProcess | GPU progreso | lote=120000 | restante=4640000
2026-05-22 15:41:06,516 | INFO | MainProcess | GPU lote inicio | lote=120000 | restante_antes=4640000
2026-05-22 15:41:06,576 | INFO | MainProcess | GPU progreso | lote=120000 | restante=4520000
2026-05-22 15:41:06,576 | INFO | MainProcess | GPU lote inicio | lote=120000 | restante_antes=4520000
2026-05-22 15:41:06,637 | INFO | MainProcess | Progreso GPU (AMBAS) | 600000/10000000 (6.00%)
2026-05-22 15:41:06,637 | INFO | MainProcess | GPU progreso | lote=120000 | restante=4400000
2026-05-22 15:41:06,637 | INFO | MainProcess | GPU lote inicio | lote=120000 | restante_antes=4400000
2026-05-22 15:41:06,700 | INFO | MainProcess | GPU progreso | lote=120000 | restante=4280000
2026-05-22 15:41:06,700 | INFO | MainProcess | GPU lote inicio | lote=120000 | restante_antes=4280000
2026-05-22 15:41:06,760 | INFO | MainProcess | GPU progreso | lote=120000 | restante=4160000
2026-05-22 15:41:06,761 | INFO | MainProcess | GPU lote inicio | lote=120000 | restante_antes=4160000
2026-05-22 15:41:06,820 | INFO | MainProcess | GPU progreso | lote=120000 | restante=4040000
2026-05-22 15:41:06,821 | INFO | MainProcess | GPU lote inicio | lote=120000 | restante_antes=4040000
2026-05-22 15:41:06,887 | INFO | MainProcess | Progreso GPU (AMBAS) | 1080000/10000000 (10.80%)
2026-05-22 15:41:06,887 | INFO | MainProcess | GPU progreso | lote=120000 | restante=3920000
2026-05-22 15:41:06,887 | INFO | MainProcess | GPU lote inicio | lote=120000 | restante_antes=3920000
2026-05-22 15:41:06,950 | INFO | MainProcess | GPU progreso | lote=120000 | restante=3800000
2026-05-22 15:41:06,951 | INFO | MainProcess | GPU lote inicio | lote=120000 | restante_antes=3800000
2026-05-22 15:41:07,014 | INFO | MainProcess | GPU progreso | lote=120000 | restante=3680000
2026-05-22 15:41:07,014 | INFO | MainProcess | GPU lote inicio | lote=120000 | restante_antes=3680000
2026-05-22 15:41:07,074 | INFO | MainProcess | GPU progreso | lote=120000 | restante=3560000
2026-05-22 15:41:07,074 | INFO | MainProcess | GPU lote inicio | lote=120000 | restante_antes=3560000
2026-05-22 15:41:07,134 | INFO | MainProcess | Progreso GPU (AMBAS) | 1560000/10000000 (15.60%)
2026-05-22 15:41:07,134 | INFO | MainProcess | GPU progreso | lote=120000 | restante=3440000
2026-05-22 15:41:07,134 | INFO | MainProcess | GPU lote inicio | lote=120000 | restante_antes=3440000
2026-05-22 15:41:07,194 | INFO | MainProcess | GPU progreso | lote=120000 | restante=3320000
2026-05-22 15:41:07,194 | INFO | MainProcess | GPU lote inicio | lote=120000 | restante_antes=3320000
2026-05-22 15:41:07,254 | INFO | MainProcess | GPU progreso | lote=120000 | restante=3200000
2026-05-22 15:41:07,254 | INFO | MainProcess | GPU lote inicio | lote=120000 | restante_antes=3200000
2026-05-22 15:41:07,313 | INFO | MainProcess | GPU progreso | lote=120000 | restante=3080000
2026-05-22 15:41:07,314 | INFO | MainProcess | GPU lote inicio | lote=120000 | restante_antes=3080000
2026-05-22 15:41:07,373 | INFO | MainProcess | Progreso GPU (AMBAS) | 2040000/10000000 (20.40%)
2026-05-22 15:41:07,374 | INFO | MainProcess | GPU progreso | lote=120000 | restante=2960000
2026-05-22 15:41:07,374 | INFO | MainProcess | GPU lote inicio | lote=120000 | restante_antes=2960000
2026-05-22 15:41:07,433 | INFO | MainProcess | GPU progreso | lote=120000 | restante=2840000
2026-05-22 15:41:07,433 | INFO | MainProcess | GPU lote inicio | lote=120000 | restante_antes=2840000
2026-05-22 15:41:07,493 | INFO | MainProcess | GPU progreso | lote=120000 | restante=2720000
2026-05-22 15:41:07,493 | INFO | MainProcess | GPU lote inicio | lote=120000 | restante_antes=2720000
2026-05-22 15:41:07,553 | INFO | MainProcess | GPU progreso | lote=120000 | restante=2600000
2026-05-22 15:41:07,553 | INFO | MainProcess | GPU lote inicio | lote=120000 | restante_antes=2600000
2026-05-22 15:41:07,612 | INFO | MainProcess | Progreso GPU (AMBAS) | 2520000/10000000 (25.20%)
2026-05-22 15:41:07,613 | INFO | MainProcess | GPU progreso | lote=120000 | restante=2480000
2026-05-22 15:41:07,613 | INFO | MainProcess | GPU lote inicio | lote=120000 | restante_antes=2480000
2026-05-22 15:41:07,672 | INFO | MainProcess | GPU progreso | lote=120000 | restante=2360000
2026-05-22 15:41:07,673 | INFO | MainProcess | GPU lote inicio | lote=120000 | restante_antes=2360000
2026-05-22 15:41:07,732 | INFO | MainProcess | GPU progreso | lote=120000 | restante=2240000
2026-05-22 15:41:07,732 | INFO | MainProcess | GPU lote inicio | lote=120000 | restante_antes=2240000
2026-05-22 15:41:07,792 | INFO | MainProcess | GPU progreso | lote=120000 | restante=2120000
2026-05-22 15:41:07,792 | INFO | MainProcess | GPU lote inicio | lote=120000 | restante_antes=2120000
2026-05-22 15:41:07,852 | INFO | MainProcess | Progreso GPU (AMBAS) | 3000000/10000000 (30.00%)
2026-05-22 15:41:07,852 | INFO | MainProcess | GPU progreso | lote=120000 | restante=2000000
2026-05-22 15:41:07,852 | INFO | MainProcess | GPU lote inicio | lote=120000 | restante_antes=2000000
2026-05-22 15:41:07,912 | INFO | MainProcess | GPU progreso | lote=120000 | restante=1880000
2026-05-22 15:41:07,913 | INFO | MainProcess | GPU lote inicio | lote=120000 | restante_antes=1880000
2026-05-22 15:41:07,972 | INFO | MainProcess | GPU progreso | lote=120000 | restante=1760000
2026-05-22 15:41:07,972 | INFO | MainProcess | GPU lote inicio | lote=120000 | restante_antes=1760000
2026-05-22 15:41:08,032 | INFO | MainProcess | GPU progreso | lote=120000 | restante=1640000
2026-05-22 15:41:08,032 | INFO | MainProcess | GPU lote inicio | lote=120000 | restante_antes=1640000
2026-05-22 15:41:08,092 | INFO | MainProcess | GPU progreso | lote=120000 | restante=1520000
2026-05-22 15:41:08,092 | INFO | MainProcess | GPU lote inicio | lote=120000 | restante_antes=1520000
2026-05-22 15:41:08,153 | INFO | MainProcess | Progreso GPU (AMBAS) | 3600000/10000000 (36.00%)
2026-05-22 15:41:08,153 | INFO | MainProcess | GPU progreso | lote=120000 | restante=1400000
2026-05-22 15:41:08,153 | INFO | MainProcess | GPU lote inicio | lote=120000 | restante_antes=1400000
2026-05-22 15:41:08,213 | INFO | MainProcess | GPU progreso | lote=120000 | restante=1280000
2026-05-22 15:41:08,213 | INFO | MainProcess | GPU lote inicio | lote=120000 | restante_antes=1280000
2026-05-22 15:41:08,274 | INFO | MainProcess | GPU progreso | lote=120000 | restante=1160000
2026-05-22 15:41:08,274 | INFO | MainProcess | GPU lote inicio | lote=120000 | restante_antes=1160000
2026-05-22 15:41:08,334 | INFO | MainProcess | GPU progreso | lote=120000 | restante=1040000
2026-05-22 15:41:08,334 | INFO | MainProcess | GPU lote inicio | lote=120000 | restante_antes=1040000
2026-05-22 15:41:08,394 | INFO | MainProcess | Progreso GPU (AMBAS) | 4080000/10000000 (40.80%)
2026-05-22 15:41:08,394 | INFO | MainProcess | GPU progreso | lote=120000 | restante=920000
2026-05-22 15:41:08,395 | INFO | MainProcess | GPU lote inicio | lote=120000 | restante_antes=920000
2026-05-22 15:41:08,455 | INFO | MainProcess | GPU progreso | lote=120000 | restante=800000
2026-05-22 15:41:08,455 | INFO | MainProcess | GPU lote inicio | lote=120000 | restante_antes=800000
2026-05-22 15:41:08,515 | INFO | MainProcess | GPU progreso | lote=120000 | restante=680000
2026-05-22 15:41:08,515 | INFO | MainProcess | GPU lote inicio | lote=120000 | restante_antes=680000
2026-05-22 15:41:08,576 | INFO | MainProcess | GPU progreso | lote=120000 | restante=560000
2026-05-22 15:41:08,576 | INFO | MainProcess | GPU lote inicio | lote=120000 | restante_antes=560000
2026-05-22 15:41:08,637 | INFO | MainProcess | Progreso GPU (AMBAS) | 4560000/10000000 (45.60%)
2026-05-22 15:41:08,637 | INFO | MainProcess | GPU progreso | lote=120000 | restante=440000
2026-05-22 15:41:08,637 | INFO | MainProcess | GPU lote inicio | lote=120000 | restante_antes=440000
2026-05-22 15:41:08,700 | INFO | MainProcess | GPU progreso | lote=120000 | restante=320000
2026-05-22 15:41:08,701 | INFO | MainProcess | GPU lote inicio | lote=120000 | restante_antes=320000
2026-05-22 15:41:08,764 | INFO | MainProcess | GPU progreso | lote=120000 | restante=200000
2026-05-22 15:41:08,764 | INFO | MainProcess | GPU lote inicio | lote=120000 | restante_antes=200000
2026-05-22 15:41:08,825 | INFO | MainProcess | GPU progreso | lote=120000 | restante=80000
2026-05-22 15:41:08,825 | INFO | MainProcess | GPU lote inicio | lote=80000 | restante_antes=80000
2026-05-22 15:41:08,866 | INFO | MainProcess | Progreso GPU (AMBAS) | 5000000/10000000 (50.00%)
2026-05-22 15:41:08,866 | INFO | MainProcess | GPU progreso | lote=80000 | restante=0
2026-05-22 15:41:08,866 | INFO | MainProcess | GPU fin | experimentos=5000000
2026-05-22 15:41:08,866 | INFO | MainProcess | Generar masivos | experimentos=5000000 | dados=1 | trabajadores=16
2026-05-22 15:41:08,941 | INFO | ForkProcess-273 | [CPU worker] inicio lote: experimentos=312500, dados=1, pid=185832
2026-05-22 15:41:08,941 | INFO | ForkProcess-274 | [CPU worker] inicio lote: experimentos=312500, dados=1, pid=185833
2026-05-22 15:41:08,942 | INFO | ForkProcess-276 | [CPU worker] inicio lote: experimentos=312500, dados=1, pid=185835
2026-05-22 15:41:08,942 | INFO | ForkProcess-275 | [CPU worker] inicio lote: experimentos=312500, dados=1, pid=185834
2026-05-22 15:41:08,942 | INFO | ForkProcess-277 | [CPU worker] inicio lote: experimentos=312500, dados=1, pid=185836
2026-05-22 15:41:08,942 | INFO | ForkProcess-278 | [CPU worker] inicio lote: experimentos=312500, dados=1, pid=185837
2026-05-22 15:41:08,942 | INFO | ForkProcess-279 | [CPU worker] inicio lote: experimentos=312500, dados=1, pid=185838
2026-05-22 15:41:08,942 | INFO | ForkProcess-280 | [CPU worker] inicio lote: experimentos=312500, dados=1, pid=185839
2026-05-22 15:41:08,942 | INFO | ForkProcess-281 | [CPU worker] inicio lote: experimentos=312500, dados=1, pid=185840
2026-05-22 15:41:08,942 | INFO | ForkProcess-282 | [CPU worker] inicio lote: experimentos=312500, dados=1, pid=185841
2026-05-22 15:41:08,942 | INFO | ForkProcess-283 | [CPU worker] inicio lote: experimentos=312500, dados=1, pid=185842
2026-05-22 15:41:08,943 | INFO | ForkProcess-285 | [CPU worker] inicio lote: experimentos=312500, dados=1, pid=185844
2026-05-22 15:41:08,943 | INFO | ForkProcess-286 | [CPU worker] inicio lote: experimentos=312500, dados=1, pid=185845
2026-05-22 15:41:08,943 | INFO | ForkProcess-284 | [CPU worker] inicio lote: experimentos=312500, dados=1, pid=185843
2026-05-22 15:41:08,944 | INFO | ForkProcess-287 | [CPU worker] inicio lote: experimentos=312500, dados=1, pid=185846
2026-05-22 15:41:08,944 | INFO | ForkProcess-288 | [CPU worker] inicio lote: experimentos=312500, dados=1, pid=185847
2026-05-22 15:41:09,489 | INFO | ForkProcess-273 | [CPU worker] fin lote: experimentos=312500, pid=185832
2026-05-22 15:41:09,493 | INFO | MainProcess | CPU paralelo progreso | trabajo=1/16
2026-05-22 15:41:09,501 | INFO | ForkProcess-277 | [CPU worker] fin lote: experimentos=312500, pid=185836
2026-05-22 15:41:09,502 | INFO | ForkProcess-286 | [CPU worker] fin lote: experimentos=312500, pid=185845
2026-05-22 15:41:09,504 | INFO | ForkProcess-279 | [CPU worker] fin lote: experimentos=312500, pid=185838
2026-05-22 15:41:09,504 | INFO | ForkProcess-278 | [CPU worker] fin lote: experimentos=312500, pid=185837
2026-05-22 15:41:09,505 | INFO | ForkProcess-287 | [CPU worker] fin lote: experimentos=312500, pid=185846
2026-05-22 15:41:09,506 | INFO | ForkProcess-285 | [CPU worker] fin lote: experimentos=312500, pid=185844
2026-05-22 15:41:09,509 | INFO | ForkProcess-283 | [CPU worker] fin lote: experimentos=312500, pid=185842
2026-05-22 15:41:09,513 | INFO | ForkProcess-280 | [CPU worker] fin lote: experimentos=312500, pid=185839
2026-05-22 15:41:09,517 | INFO | ForkProcess-275 | [CPU worker] fin lote: experimentos=312500, pid=185834
2026-05-22 15:41:09,522 | INFO | ForkProcess-274 | [CPU worker] fin lote: experimentos=312500, pid=185833
2026-05-22 15:41:09,522 | INFO | MainProcess | Progreso CPU (AMBAS) | 5625000/10000000 (56.25%)
2026-05-22 15:41:09,522 | INFO | MainProcess | CPU paralelo progreso | trabajo=3/16
2026-05-22 15:41:09,526 | INFO | ForkProcess-282 | [CPU worker] fin lote: experimentos=312500, pid=185841
2026-05-22 15:41:09,555 | INFO | ForkProcess-288 | [CPU worker] fin lote: experimentos=312500, pid=185847
2026-05-22 15:41:09,576 | INFO | ForkProcess-276 | [CPU worker] fin lote: experimentos=312500, pid=185835
2026-05-22 15:41:09,577 | INFO | MainProcess | Progreso CPU (AMBAS) | 6250000/10000000 (62.50%)
2026-05-22 15:41:09,577 | INFO | MainProcess | Progreso CPU (AMBAS) | 6562500/10000000 (65.62%)
2026-05-22 15:41:09,577 | INFO | MainProcess | CPU paralelo progreso | trabajo=6/16
2026-05-22 15:41:09,578 | INFO | MainProcess | Progreso CPU (AMBAS) | 7187500/10000000 (71.88%)
2026-05-22 15:41:09,578 | INFO | MainProcess | Progreso CPU (AMBAS) | 7500000/10000000 (75.00%)
2026-05-22 15:41:09,641 | INFO | ForkProcess-281 | [CPU worker] fin lote: experimentos=312500, pid=185840
2026-05-22 15:41:09,642 | INFO | MainProcess | CPU paralelo progreso | trabajo=9/16
2026-05-22 15:41:09,642 | INFO | MainProcess | Progreso CPU (AMBAS) | 8125000/10000000 (81.25%)
2026-05-22 15:41:09,656 | INFO | ForkProcess-284 | [CPU worker] fin lote: experimentos=312500, pid=185843
2026-05-22 15:41:09,656 | INFO | MainProcess | Progreso CPU (AMBAS) | 8750000/10000000 (87.50%)
2026-05-22 15:41:09,656 | INFO | MainProcess | CPU paralelo progreso | trabajo=12/16
2026-05-22 15:41:09,656 | INFO | MainProcess | Progreso CPU (AMBAS) | 9062500/10000000 (90.62%)
2026-05-22 15:41:09,657 | INFO | MainProcess | Progreso CPU (AMBAS) | 9687500/10000000 (96.88%)
2026-05-22 15:41:09,657 | INFO | MainProcess | CPU paralelo progreso | trabajo=15/16
2026-05-22 15:41:09,657 | INFO | MainProcess | Progreso CPU (AMBAS) | 10000000/10000000 (100.00%)
2026-05-22 15:41:09,657 | INFO | MainProcess | CPU paralelo progreso | trabajo=16/16
2026-05-22 15:41:18,593 | INFO | MainProcess | Lanzar N | N=10000000 | dados=2 | modo_solicitado=AMBAS | modo_real=AMBAS | trabajadores=16
2026-05-22 15:41:18,594 | INFO | MainProcess | GPU inicio | experimentos=5000000 | dados=2 | lote_max=120000
2026-05-22 15:41:18,594 | INFO | MainProcess | GPU lote inicio | lote=120000 | restante_antes=5000000
2026-05-22 15:41:18,679 | INFO | MainProcess | Progreso GPU (AMBAS) | 120000/10000000 (1.20%)
2026-05-22 15:41:18,679 | INFO | MainProcess | GPU progreso | lote=120000 | restante=4880000
2026-05-22 15:41:18,679 | INFO | MainProcess | GPU lote inicio | lote=120000 | restante_antes=4880000
2026-05-22 15:41:18,767 | INFO | MainProcess | GPU progreso | lote=120000 | restante=4760000
2026-05-22 15:41:18,767 | INFO | MainProcess | GPU lote inicio | lote=120000 | restante_antes=4760000
2026-05-22 15:41:18,848 | INFO | MainProcess | GPU progreso | lote=120000 | restante=4640000
2026-05-22 15:41:18,848 | INFO | MainProcess | GPU lote inicio | lote=120000 | restante_antes=4640000
2026-05-22 15:41:18,930 | INFO | MainProcess | GPU progreso | lote=120000 | restante=4520000
2026-05-22 15:41:18,930 | INFO | MainProcess | GPU lote inicio | lote=120000 | restante_antes=4520000
2026-05-22 15:41:19,011 | INFO | MainProcess | Progreso GPU (AMBAS) | 600000/10000000 (6.00%)
2026-05-22 15:41:19,011 | INFO | MainProcess | GPU progreso | lote=120000 | restante=4400000
2026-05-22 15:41:19,011 | INFO | MainProcess | GPU lote inicio | lote=120000 | restante_antes=4400000
2026-05-22 15:41:19,093 | INFO | MainProcess | GPU progreso | lote=120000 | restante=4280000
2026-05-22 15:41:19,093 | INFO | MainProcess | GPU lote inicio | lote=120000 | restante_antes=4280000
2026-05-22 15:41:19,174 | INFO | MainProcess | GPU progreso | lote=120000 | restante=4160000
2026-05-22 15:41:19,175 | INFO | MainProcess | GPU lote inicio | lote=120000 | restante_antes=4160000
2026-05-22 15:41:19,260 | INFO | MainProcess | GPU progreso | lote=120000 | restante=4040000
2026-05-22 15:41:19,260 | INFO | MainProcess | GPU lote inicio | lote=120000 | restante_antes=4040000
2026-05-22 15:41:19,341 | INFO | MainProcess | Progreso GPU (AMBAS) | 1080000/10000000 (10.80%)
2026-05-22 15:41:19,341 | INFO | MainProcess | GPU progreso | lote=120000 | restante=3920000
2026-05-22 15:41:19,341 | INFO | MainProcess | GPU lote inicio | lote=120000 | restante_antes=3920000
2026-05-22 15:41:19,422 | INFO | MainProcess | GPU progreso | lote=120000 | restante=3800000
2026-05-22 15:41:19,423 | INFO | MainProcess | GPU lote inicio | lote=120000 | restante_antes=3800000
2026-05-22 15:41:19,503 | INFO | MainProcess | GPU progreso | lote=120000 | restante=3680000
2026-05-22 15:41:19,503 | INFO | MainProcess | GPU lote inicio | lote=120000 | restante_antes=3680000
2026-05-22 15:41:19,584 | INFO | MainProcess | GPU progreso | lote=120000 | restante=3560000
2026-05-22 15:41:19,585 | INFO | MainProcess | GPU lote inicio | lote=120000 | restante_antes=3560000
2026-05-22 15:41:19,665 | INFO | MainProcess | Progreso GPU (AMBAS) | 1560000/10000000 (15.60%)
2026-05-22 15:41:19,666 | INFO | MainProcess | GPU progreso | lote=120000 | restante=3440000
2026-05-22 15:41:19,666 | INFO | MainProcess | GPU lote inicio | lote=120000 | restante_antes=3440000
2026-05-22 15:41:19,751 | INFO | MainProcess | GPU progreso | lote=120000 | restante=3320000
2026-05-22 15:41:19,751 | INFO | MainProcess | GPU lote inicio | lote=120000 | restante_antes=3320000
2026-05-22 15:41:19,834 | INFO | MainProcess | GPU progreso | lote=120000 | restante=3200000
2026-05-22 15:41:19,834 | INFO | MainProcess | GPU lote inicio | lote=120000 | restante_antes=3200000
2026-05-22 15:41:19,914 | INFO | MainProcess | GPU progreso | lote=120000 | restante=3080000
2026-05-22 15:41:19,914 | INFO | MainProcess | GPU lote inicio | lote=120000 | restante_antes=3080000
2026-05-22 15:41:20,001 | INFO | MainProcess | Progreso GPU (AMBAS) | 2040000/10000000 (20.40%)
2026-05-22 15:41:20,001 | INFO | MainProcess | GPU progreso | lote=120000 | restante=2960000
2026-05-22 15:41:20,001 | INFO | MainProcess | GPU lote inicio | lote=120000 | restante_antes=2960000
2026-05-22 15:41:20,085 | INFO | MainProcess | GPU progreso | lote=120000 | restante=2840000
2026-05-22 15:41:20,085 | INFO | MainProcess | GPU lote inicio | lote=120000 | restante_antes=2840000
2026-05-22 15:41:20,166 | INFO | MainProcess | GPU progreso | lote=120000 | restante=2720000
2026-05-22 15:41:20,166 | INFO | MainProcess | GPU lote inicio | lote=120000 | restante_antes=2720000
2026-05-22 15:41:20,250 | INFO | MainProcess | GPU progreso | lote=120000 | restante=2600000
2026-05-22 15:41:20,250 | INFO | MainProcess | GPU lote inicio | lote=120000 | restante_antes=2600000
2026-05-22 15:41:20,335 | INFO | MainProcess | Progreso GPU (AMBAS) | 2520000/10000000 (25.20%)
2026-05-22 15:41:20,336 | INFO | MainProcess | GPU progreso | lote=120000 | restante=2480000
2026-05-22 15:41:20,336 | INFO | MainProcess | GPU lote inicio | lote=120000 | restante_antes=2480000
2026-05-22 15:41:20,415 | INFO | MainProcess | GPU progreso | lote=120000 | restante=2360000
2026-05-22 15:41:20,415 | INFO | MainProcess | GPU lote inicio | lote=120000 | restante_antes=2360000
2026-05-22 15:41:20,495 | INFO | MainProcess | GPU progreso | lote=120000 | restante=2240000
2026-05-22 15:41:20,495 | INFO | MainProcess | GPU lote inicio | lote=120000 | restante_antes=2240000
2026-05-22 15:41:20,575 | INFO | MainProcess | GPU progreso | lote=120000 | restante=2120000
2026-05-22 15:41:20,575 | INFO | MainProcess | GPU lote inicio | lote=120000 | restante_antes=2120000
2026-05-22 15:41:20,655 | INFO | MainProcess | Progreso GPU (AMBAS) | 3000000/10000000 (30.00%)
2026-05-22 15:41:20,655 | INFO | MainProcess | GPU progreso | lote=120000 | restante=2000000
2026-05-22 15:41:20,655 | INFO | MainProcess | GPU lote inicio | lote=120000 | restante_antes=2000000
2026-05-22 15:41:20,738 | INFO | MainProcess | GPU progreso | lote=120000 | restante=1880000
2026-05-22 15:41:20,739 | INFO | MainProcess | GPU lote inicio | lote=120000 | restante_antes=1880000
2026-05-22 15:41:20,819 | INFO | MainProcess | GPU progreso | lote=120000 | restante=1760000
2026-05-22 15:41:20,819 | INFO | MainProcess | GPU lote inicio | lote=120000 | restante_antes=1760000
2026-05-22 15:41:20,899 | INFO | MainProcess | GPU progreso | lote=120000 | restante=1640000
2026-05-22 15:41:20,899 | INFO | MainProcess | GPU lote inicio | lote=120000 | restante_antes=1640000
2026-05-22 15:41:20,979 | INFO | MainProcess | GPU progreso | lote=120000 | restante=1520000
2026-05-22 15:41:20,979 | INFO | MainProcess | GPU lote inicio | lote=120000 | restante_antes=1520000
2026-05-22 15:41:21,060 | INFO | MainProcess | Progreso GPU (AMBAS) | 3600000/10000000 (36.00%)
2026-05-22 15:41:21,060 | INFO | MainProcess | GPU progreso | lote=120000 | restante=1400000
2026-05-22 15:41:21,060 | INFO | MainProcess | GPU lote inicio | lote=120000 | restante_antes=1400000
2026-05-22 15:41:21,140 | INFO | MainProcess | GPU progreso | lote=120000 | restante=1280000
2026-05-22 15:41:21,140 | INFO | MainProcess | GPU lote inicio | lote=120000 | restante_antes=1280000
2026-05-22 15:41:21,223 | INFO | MainProcess | GPU progreso | lote=120000 | restante=1160000
2026-05-22 15:41:21,224 | INFO | MainProcess | GPU lote inicio | lote=120000 | restante_antes=1160000
2026-05-22 15:41:21,303 | INFO | MainProcess | GPU progreso | lote=120000 | restante=1040000
2026-05-22 15:41:21,304 | INFO | MainProcess | GPU lote inicio | lote=120000 | restante_antes=1040000
2026-05-22 15:41:21,383 | INFO | MainProcess | Progreso GPU (AMBAS) | 4080000/10000000 (40.80%)
2026-05-22 15:41:21,384 | INFO | MainProcess | GPU progreso | lote=120000 | restante=920000
2026-05-22 15:41:21,384 | INFO | MainProcess | GPU lote inicio | lote=120000 | restante_antes=920000
2026-05-22 15:41:21,464 | INFO | MainProcess | GPU progreso | lote=120000 | restante=800000
2026-05-22 15:41:21,464 | INFO | MainProcess | GPU lote inicio | lote=120000 | restante_antes=800000
2026-05-22 15:41:21,545 | INFO | MainProcess | GPU progreso | lote=120000 | restante=680000
2026-05-22 15:41:21,546 | INFO | MainProcess | GPU lote inicio | lote=120000 | restante_antes=680000
2026-05-22 15:41:21,626 | INFO | MainProcess | GPU progreso | lote=120000 | restante=560000
2026-05-22 15:41:21,626 | INFO | MainProcess | GPU lote inicio | lote=120000 | restante_antes=560000
2026-05-22 15:41:21,710 | INFO | MainProcess | Progreso GPU (AMBAS) | 4560000/10000000 (45.60%)
2026-05-22 15:41:21,710 | INFO | MainProcess | GPU progreso | lote=120000 | restante=440000
2026-05-22 15:41:21,710 | INFO | MainProcess | GPU lote inicio | lote=120000 | restante_antes=440000
2026-05-22 15:41:21,790 | INFO | MainProcess | GPU progreso | lote=120000 | restante=320000
2026-05-22 15:41:21,790 | INFO | MainProcess | GPU lote inicio | lote=120000 | restante_antes=320000
2026-05-22 15:41:21,870 | INFO | MainProcess | GPU progreso | lote=120000 | restante=200000
2026-05-22 15:41:21,870 | INFO | MainProcess | GPU lote inicio | lote=120000 | restante_antes=200000
2026-05-22 15:41:21,950 | INFO | MainProcess | GPU progreso | lote=120000 | restante=80000
2026-05-22 15:41:21,951 | INFO | MainProcess | GPU lote inicio | lote=80000 | restante_antes=80000
2026-05-22 15:41:22,004 | INFO | MainProcess | Progreso GPU (AMBAS) | 5000000/10000000 (50.00%)
2026-05-22 15:41:22,004 | INFO | MainProcess | GPU progreso | lote=80000 | restante=0
2026-05-22 15:41:22,005 | INFO | MainProcess | GPU fin | experimentos=5000000
2026-05-22 15:41:22,005 | INFO | MainProcess | Generar masivos | experimentos=5000000 | dados=2 | trabajadores=16
2026-05-22 15:41:22,071 | INFO | ForkProcess-291 | [CPU worker] inicio lote: experimentos=312500, dados=2, pid=186144
2026-05-22 15:41:22,071 | INFO | ForkProcess-289 | [CPU worker] inicio lote: experimentos=312500, dados=2, pid=186142
2026-05-22 15:41:22,071 | INFO | ForkProcess-290 | [CPU worker] inicio lote: experimentos=312500, dados=2, pid=186143
2026-05-22 15:41:22,071 | INFO | ForkProcess-294 | [CPU worker] inicio lote: experimentos=312500, dados=2, pid=186147
2026-05-22 15:41:22,071 | INFO | ForkProcess-292 | [CPU worker] inicio lote: experimentos=312500, dados=2, pid=186145
2026-05-22 15:41:22,072 | INFO | ForkProcess-295 | [CPU worker] inicio lote: experimentos=312500, dados=2, pid=186148
2026-05-22 15:41:22,072 | INFO | ForkProcess-296 | [CPU worker] inicio lote: experimentos=312500, dados=2, pid=186149
2026-05-22 15:41:22,072 | INFO | ForkProcess-293 | [CPU worker] inicio lote: experimentos=312500, dados=2, pid=186146
2026-05-22 15:41:22,072 | INFO | ForkProcess-298 | [CPU worker] inicio lote: experimentos=312500, dados=2, pid=186151
2026-05-22 15:41:22,072 | INFO | ForkProcess-299 | [CPU worker] inicio lote: experimentos=312500, dados=2, pid=186152
2026-05-22 15:41:22,072 | INFO | ForkProcess-301 | [CPU worker] inicio lote: experimentos=312500, dados=2, pid=186154
2026-05-22 15:41:22,072 | INFO | ForkProcess-297 | [CPU worker] inicio lote: experimentos=312500, dados=2, pid=186150
2026-05-22 15:41:22,072 | INFO | ForkProcess-302 | [CPU worker] inicio lote: experimentos=312500, dados=2, pid=186155
2026-05-22 15:41:22,073 | INFO | ForkProcess-303 | [CPU worker] inicio lote: experimentos=312500, dados=2, pid=186156
2026-05-22 15:41:22,072 | INFO | ForkProcess-300 | [CPU worker] inicio lote: experimentos=312500, dados=2, pid=186153
2026-05-22 15:41:22,073 | INFO | ForkProcess-304 | [CPU worker] inicio lote: experimentos=312500, dados=2, pid=186157
2026-05-22 15:41:22,899 | INFO | ForkProcess-301 | [CPU worker] fin lote: experimentos=312500, pid=186154
2026-05-22 15:41:22,913 | INFO | ForkProcess-299 | [CPU worker] fin lote: experimentos=312500, pid=186152
2026-05-22 15:41:22,915 | INFO | ForkProcess-295 | [CPU worker] fin lote: experimentos=312500, pid=186148
2026-05-22 15:41:22,916 | INFO | ForkProcess-293 | [CPU worker] fin lote: experimentos=312500, pid=186146
2026-05-22 15:41:22,918 | INFO | ForkProcess-294 | [CPU worker] fin lote: experimentos=312500, pid=186147
2026-05-22 15:41:22,919 | INFO | ForkProcess-296 | [CPU worker] fin lote: experimentos=312500, pid=186149
2026-05-22 15:41:22,919 | INFO | ForkProcess-289 | [CPU worker] fin lote: experimentos=312500, pid=186142
2026-05-22 15:41:22,921 | INFO | MainProcess | CPU paralelo progreso | trabajo=1/16
2026-05-22 15:41:22,923 | INFO | ForkProcess-303 | [CPU worker] fin lote: experimentos=312500, pid=186156
2026-05-22 15:41:22,924 | INFO | ForkProcess-290 | [CPU worker] fin lote: experimentos=312500, pid=186143
2026-05-22 15:41:22,925 | INFO | MainProcess | Progreso CPU (AMBAS) | 5625000/10000000 (56.25%)
2026-05-22 15:41:22,928 | INFO | ForkProcess-302 | [CPU worker] fin lote: experimentos=312500, pid=186155
2026-05-22 15:41:22,933 | INFO | ForkProcess-291 | [CPU worker] fin lote: experimentos=312500, pid=186144
2026-05-22 15:41:22,934 | INFO | MainProcess | CPU paralelo progreso | trabajo=3/16
2026-05-22 15:41:22,938 | INFO | ForkProcess-304 | [CPU worker] fin lote: experimentos=312500, pid=186157
2026-05-22 15:41:22,956 | INFO | ForkProcess-300 | [CPU worker] fin lote: experimentos=312500, pid=186153
2026-05-22 15:41:22,961 | INFO | ForkProcess-297 | [CPU worker] fin lote: experimentos=312500, pid=186150
2026-05-22 15:41:22,975 | INFO | ForkProcess-292 | [CPU worker] fin lote: experimentos=312500, pid=186145
2026-05-22 15:41:22,976 | INFO | MainProcess | Progreso CPU (AMBAS) | 6250000/10000000 (62.50%)
2026-05-22 15:41:22,976 | INFO | MainProcess | Progreso CPU (AMBAS) | 6562500/10000000 (65.62%)
2026-05-22 15:41:22,976 | INFO | MainProcess | CPU paralelo progreso | trabajo=6/16
2026-05-22 15:41:22,976 | INFO | MainProcess | Progreso CPU (AMBAS) | 7187500/10000000 (71.88%)
2026-05-22 15:41:22,976 | INFO | MainProcess | Progreso CPU (AMBAS) | 7500000/10000000 (75.00%)
2026-05-22 15:41:22,976 | INFO | MainProcess | CPU paralelo progreso | trabajo=9/16
2026-05-22 15:41:23,005 | INFO | ForkProcess-298 | [CPU worker] fin lote: experimentos=312500, pid=186151
2026-05-22 15:41:23,006 | INFO | MainProcess | Progreso CPU (AMBAS) | 8125000/10000000 (81.25%)
2026-05-22 15:41:23,006 | INFO | MainProcess | Progreso CPU (AMBAS) | 8750000/10000000 (87.50%)
2026-05-22 15:41:23,006 | INFO | MainProcess | CPU paralelo progreso | trabajo=12/16
2026-05-22 15:41:23,006 | INFO | MainProcess | Progreso CPU (AMBAS) | 9062500/10000000 (90.62%)
2026-05-22 15:41:23,007 | INFO | MainProcess | Progreso CPU (AMBAS) | 9687500/10000000 (96.88%)
2026-05-22 15:41:23,007 | INFO | MainProcess | CPU paralelo progreso | trabajo=15/16
2026-05-22 15:41:23,007 | INFO | MainProcess | Progreso CPU (AMBAS) | 10000000/10000000 (100.00%)
2026-05-22 15:41:23,007 | INFO | MainProcess | CPU paralelo progreso | trabajo=16/16
2026-05-22 15:41:29,709 | INFO | MainProcess | Lanzar N | N=10000000 | dados=2 | modo_solicitado=AMBAS | modo_real=AMBAS | trabajadores=16
2026-05-22 15:41:29,710 | INFO | MainProcess | GPU inicio | experimentos=5000000 | dados=2 | lote_max=120000
2026-05-22 15:41:29,711 | INFO | MainProcess | GPU lote inicio | lote=120000 | restante_antes=5000000
2026-05-22 15:41:29,793 | INFO | MainProcess | Progreso GPU (AMBAS) | 120000/10000000 (1.20%)
2026-05-22 15:41:29,793 | INFO | MainProcess | GPU progreso | lote=120000 | restante=4880000
2026-05-22 15:41:29,793 | INFO | MainProcess | GPU lote inicio | lote=120000 | restante_antes=4880000
2026-05-22 15:41:29,876 | INFO | MainProcess | GPU progreso | lote=120000 | restante=4760000
2026-05-22 15:41:29,876 | INFO | MainProcess | GPU lote inicio | lote=120000 | restante_antes=4760000
2026-05-22 15:41:29,957 | INFO | MainProcess | GPU progreso | lote=120000 | restante=4640000
2026-05-22 15:41:29,958 | INFO | MainProcess | GPU lote inicio | lote=120000 | restante_antes=4640000
2026-05-22 15:41:30,038 | INFO | MainProcess | GPU progreso | lote=120000 | restante=4520000
2026-05-22 15:41:30,038 | INFO | MainProcess | GPU lote inicio | lote=120000 | restante_antes=4520000
2026-05-22 15:41:30,120 | INFO | MainProcess | Progreso GPU (AMBAS) | 600000/10000000 (6.00%)
2026-05-22 15:41:30,120 | INFO | MainProcess | GPU progreso | lote=120000 | restante=4400000
2026-05-22 15:41:30,120 | INFO | MainProcess | GPU lote inicio | lote=120000 | restante_antes=4400000
2026-05-22 15:41:30,201 | INFO | MainProcess | GPU progreso | lote=120000 | restante=4280000
2026-05-22 15:41:30,201 | INFO | MainProcess | GPU lote inicio | lote=120000 | restante_antes=4280000
2026-05-22 15:41:30,285 | INFO | MainProcess | GPU progreso | lote=120000 | restante=4160000
2026-05-22 15:41:30,285 | INFO | MainProcess | GPU lote inicio | lote=120000 | restante_antes=4160000
2026-05-22 15:41:30,366 | INFO | MainProcess | GPU progreso | lote=120000 | restante=4040000
2026-05-22 15:41:30,367 | INFO | MainProcess | GPU lote inicio | lote=120000 | restante_antes=4040000
2026-05-22 15:41:30,448 | INFO | MainProcess | Progreso GPU (AMBAS) | 1080000/10000000 (10.80%)
2026-05-22 15:41:30,449 | INFO | MainProcess | GPU progreso | lote=120000 | restante=3920000
2026-05-22 15:41:30,449 | INFO | MainProcess | GPU lote inicio | lote=120000 | restante_antes=3920000
2026-05-22 15:41:30,531 | INFO | MainProcess | GPU progreso | lote=120000 | restante=3800000
2026-05-22 15:41:30,531 | INFO | MainProcess | GPU lote inicio | lote=120000 | restante_antes=3800000
2026-05-22 15:41:30,614 | INFO | MainProcess | GPU progreso | lote=120000 | restante=3680000
2026-05-22 15:41:30,615 | INFO | MainProcess | GPU lote inicio | lote=120000 | restante_antes=3680000
2026-05-22 15:41:30,696 | INFO | MainProcess | GPU progreso | lote=120000 | restante=3560000
2026-05-22 15:41:30,697 | INFO | MainProcess | GPU lote inicio | lote=120000 | restante_antes=3560000
2026-05-22 15:41:30,777 | INFO | MainProcess | Progreso GPU (AMBAS) | 1560000/10000000 (15.60%)
2026-05-22 15:41:30,778 | INFO | MainProcess | GPU progreso | lote=120000 | restante=3440000
2026-05-22 15:41:30,778 | INFO | MainProcess | GPU lote inicio | lote=120000 | restante_antes=3440000
2026-05-22 15:41:30,859 | INFO | MainProcess | GPU progreso | lote=120000 | restante=3320000
2026-05-22 15:41:30,859 | INFO | MainProcess | GPU lote inicio | lote=120000 | restante_antes=3320000
2026-05-22 15:41:30,941 | INFO | MainProcess | GPU progreso | lote=120000 | restante=3200000
2026-05-22 15:41:30,941 | INFO | MainProcess | GPU lote inicio | lote=120000 | restante_antes=3200000
2026-05-22 15:41:31,023 | INFO | MainProcess | GPU progreso | lote=120000 | restante=3080000
2026-05-22 15:41:31,023 | INFO | MainProcess | GPU lote inicio | lote=120000 | restante_antes=3080000
2026-05-22 15:41:31,106 | INFO | MainProcess | Progreso GPU (AMBAS) | 2040000/10000000 (20.40%)
2026-05-22 15:41:31,106 | INFO | MainProcess | GPU progreso | lote=120000 | restante=2960000
2026-05-22 15:41:31,107 | INFO | MainProcess | GPU lote inicio | lote=120000 | restante_antes=2960000
2026-05-22 15:41:31,187 | INFO | MainProcess | GPU progreso | lote=120000 | restante=2840000
2026-05-22 15:41:31,187 | INFO | MainProcess | GPU lote inicio | lote=120000 | restante_antes=2840000
2026-05-22 15:41:31,269 | INFO | MainProcess | GPU progreso | lote=120000 | restante=2720000
2026-05-22 15:41:31,269 | INFO | MainProcess | GPU lote inicio | lote=120000 | restante_antes=2720000
2026-05-22 15:41:31,351 | INFO | MainProcess | GPU progreso | lote=120000 | restante=2600000
2026-05-22 15:41:31,351 | INFO | MainProcess | GPU lote inicio | lote=120000 | restante_antes=2600000
2026-05-22 15:41:31,432 | INFO | MainProcess | Progreso GPU (AMBAS) | 2520000/10000000 (25.20%)
2026-05-22 15:41:31,432 | INFO | MainProcess | GPU progreso | lote=120000 | restante=2480000
2026-05-22 15:41:31,432 | INFO | MainProcess | GPU lote inicio | lote=120000 | restante_antes=2480000
2026-05-22 15:41:31,514 | INFO | MainProcess | GPU progreso | lote=120000 | restante=2360000
2026-05-22 15:41:31,514 | INFO | MainProcess | GPU lote inicio | lote=120000 | restante_antes=2360000
2026-05-22 15:41:31,596 | INFO | MainProcess | GPU progreso | lote=120000 | restante=2240000
2026-05-22 15:41:31,596 | INFO | MainProcess | GPU lote inicio | lote=120000 | restante_antes=2240000
2026-05-22 15:41:31,677 | INFO | MainProcess | GPU progreso | lote=120000 | restante=2120000
2026-05-22 15:41:31,677 | INFO | MainProcess | GPU lote inicio | lote=120000 | restante_antes=2120000
2026-05-22 15:41:31,758 | INFO | MainProcess | Progreso GPU (AMBAS) | 3000000/10000000 (30.00%)
2026-05-22 15:41:31,758 | INFO | MainProcess | GPU progreso | lote=120000 | restante=2000000
2026-05-22 15:41:31,758 | INFO | MainProcess | GPU lote inicio | lote=120000 | restante_antes=2000000
2026-05-22 15:41:31,838 | INFO | MainProcess | GPU progreso | lote=120000 | restante=1880000
2026-05-22 15:41:31,839 | INFO | MainProcess | GPU lote inicio | lote=120000 | restante_antes=1880000
2026-05-22 15:41:31,921 | INFO | MainProcess | GPU progreso | lote=120000 | restante=1760000
2026-05-22 15:41:31,921 | INFO | MainProcess | GPU lote inicio | lote=120000 | restante_antes=1760000
2026-05-22 15:41:32,001 | INFO | MainProcess | GPU progreso | lote=120000 | restante=1640000
2026-05-22 15:41:32,001 | INFO | MainProcess | GPU lote inicio | lote=120000 | restante_antes=1640000
2026-05-22 15:41:32,082 | INFO | MainProcess | GPU progreso | lote=120000 | restante=1520000
2026-05-22 15:41:32,083 | INFO | MainProcess | GPU lote inicio | lote=120000 | restante_antes=1520000
2026-05-22 15:41:32,163 | INFO | MainProcess | Progreso GPU (AMBAS) | 3600000/10000000 (36.00%)
2026-05-22 15:41:32,163 | INFO | MainProcess | GPU progreso | lote=120000 | restante=1400000
2026-05-22 15:41:32,163 | INFO | MainProcess | GPU lote inicio | lote=120000 | restante_antes=1400000
2026-05-22 15:41:32,243 | INFO | MainProcess | GPU progreso | lote=120000 | restante=1280000
2026-05-22 15:41:32,243 | INFO | MainProcess | GPU lote inicio | lote=120000 | restante_antes=1280000
2026-05-22 15:41:32,325 | INFO | MainProcess | GPU progreso | lote=120000 | restante=1160000
2026-05-22 15:41:32,326 | INFO | MainProcess | GPU lote inicio | lote=120000 | restante_antes=1160000
2026-05-22 15:41:32,406 | INFO | MainProcess | GPU progreso | lote=120000 | restante=1040000
2026-05-22 15:41:32,406 | INFO | MainProcess | GPU lote inicio | lote=120000 | restante_antes=1040000
2026-05-22 15:41:32,486 | INFO | MainProcess | Progreso GPU (AMBAS) | 4080000/10000000 (40.80%)
2026-05-22 15:41:32,487 | INFO | MainProcess | GPU progreso | lote=120000 | restante=920000
2026-05-22 15:41:32,487 | INFO | MainProcess | GPU lote inicio | lote=120000 | restante_antes=920000
2026-05-22 15:41:32,568 | INFO | MainProcess | GPU progreso | lote=120000 | restante=800000
2026-05-22 15:41:32,568 | INFO | MainProcess | GPU lote inicio | lote=120000 | restante_antes=800000
2026-05-22 15:41:32,648 | INFO | MainProcess | GPU progreso | lote=120000 | restante=680000
2026-05-22 15:41:32,648 | INFO | MainProcess | GPU lote inicio | lote=120000 | restante_antes=680000
2026-05-22 15:41:32,731 | INFO | MainProcess | GPU progreso | lote=120000 | restante=560000
2026-05-22 15:41:32,731 | INFO | MainProcess | GPU lote inicio | lote=120000 | restante_antes=560000
2026-05-22 15:41:32,812 | INFO | MainProcess | Progreso GPU (AMBAS) | 4560000/10000000 (45.60%)
2026-05-22 15:41:32,812 | INFO | MainProcess | GPU progreso | lote=120000 | restante=440000
2026-05-22 15:41:32,812 | INFO | MainProcess | GPU lote inicio | lote=120000 | restante_antes=440000
2026-05-22 15:41:32,893 | INFO | MainProcess | GPU progreso | lote=120000 | restante=320000
2026-05-22 15:41:32,894 | INFO | MainProcess | GPU lote inicio | lote=120000 | restante_antes=320000
2026-05-22 15:41:32,974 | INFO | MainProcess | GPU progreso | lote=120000 | restante=200000
2026-05-22 15:41:32,975 | INFO | MainProcess | GPU lote inicio | lote=120000 | restante_antes=200000
2026-05-22 15:41:33,057 | INFO | MainProcess | GPU progreso | lote=120000 | restante=80000
2026-05-22 15:41:33,057 | INFO | MainProcess | GPU lote inicio | lote=80000 | restante_antes=80000
2026-05-22 15:41:33,111 | INFO | MainProcess | Progreso GPU (AMBAS) | 5000000/10000000 (50.00%)
2026-05-22 15:41:33,111 | INFO | MainProcess | GPU progreso | lote=80000 | restante=0
2026-05-22 15:41:33,111 | INFO | MainProcess | GPU fin | experimentos=5000000
2026-05-22 15:41:33,111 | INFO | MainProcess | Generar masivos | experimentos=5000000 | dados=2 | trabajadores=16
2026-05-22 15:41:33,186 | INFO | ForkProcess-305 | [CPU worker] inicio lote: experimentos=312500, dados=2, pid=186389
2026-05-22 15:41:33,187 | INFO | ForkProcess-308 | [CPU worker] inicio lote: experimentos=312500, dados=2, pid=186402
2026-05-22 15:41:33,187 | INFO | ForkProcess-306 | [CPU worker] inicio lote: experimentos=312500, dados=2, pid=186390
2026-05-22 15:41:33,187 | INFO | ForkProcess-309 | [CPU worker] inicio lote: experimentos=312500, dados=2, pid=186403
2026-05-22 15:41:33,187 | INFO | ForkProcess-311 | [CPU worker] inicio lote: experimentos=312500, dados=2, pid=186405
2026-05-22 15:41:33,187 | INFO | ForkProcess-310 | [CPU worker] inicio lote: experimentos=312500, dados=2, pid=186404
2026-05-22 15:41:33,187 | INFO | ForkProcess-307 | [CPU worker] inicio lote: experimentos=312500, dados=2, pid=186396
2026-05-22 15:41:33,187 | INFO | ForkProcess-312 | [CPU worker] inicio lote: experimentos=312500, dados=2, pid=186406
2026-05-22 15:41:33,187 | INFO | ForkProcess-313 | [CPU worker] inicio lote: experimentos=312500, dados=2, pid=186407
2026-05-22 15:41:33,187 | INFO | ForkProcess-314 | [CPU worker] inicio lote: experimentos=312500, dados=2, pid=186408
2026-05-22 15:41:33,187 | INFO | ForkProcess-315 | [CPU worker] inicio lote: experimentos=312500, dados=2, pid=186409
2026-05-22 15:41:33,188 | INFO | ForkProcess-316 | [CPU worker] inicio lote: experimentos=312500, dados=2, pid=186410
2026-05-22 15:41:33,188 | INFO | ForkProcess-317 | [CPU worker] inicio lote: experimentos=312500, dados=2, pid=186411
2026-05-22 15:41:33,191 | INFO | ForkProcess-318 | [CPU worker] inicio lote: experimentos=312500, dados=2, pid=186412
2026-05-22 15:41:33,192 | INFO | ForkProcess-320 | [CPU worker] inicio lote: experimentos=312500, dados=2, pid=186414
2026-05-22 15:41:33,192 | INFO | ForkProcess-319 | [CPU worker] inicio lote: experimentos=312500, dados=2, pid=186413
2026-05-22 15:41:34,040 | INFO | ForkProcess-305 | [CPU worker] fin lote: experimentos=312500, pid=186389
2026-05-22 15:41:34,044 | INFO | MainProcess | CPU paralelo progreso | trabajo=1/16
2026-05-22 15:41:34,049 | INFO | ForkProcess-316 | [CPU worker] fin lote: experimentos=312500, pid=186410
2026-05-22 15:41:34,068 | INFO | ForkProcess-315 | [CPU worker] fin lote: experimentos=312500, pid=186409
2026-05-22 15:41:34,068 | INFO | ForkProcess-313 | [CPU worker] fin lote: experimentos=312500, pid=186407
2026-05-22 15:41:34,075 | INFO | ForkProcess-306 | [CPU worker] fin lote: experimentos=312500, pid=186390
2026-05-22 15:41:34,076 | INFO | MainProcess | Progreso CPU (AMBAS) | 5625000/10000000 (56.25%)
2026-05-22 15:41:34,083 | INFO | ForkProcess-319 | [CPU worker] fin lote: experimentos=312500, pid=186413
2026-05-22 15:41:34,088 | INFO | ForkProcess-312 | [CPU worker] fin lote: experimentos=312500, pid=186406
2026-05-22 15:41:34,096 | INFO | ForkProcess-310 | [CPU worker] fin lote: experimentos=312500, pid=186404
2026-05-22 15:41:34,099 | INFO | ForkProcess-318 | [CPU worker] fin lote: experimentos=312500, pid=186412
2026-05-22 15:41:34,105 | INFO | ForkProcess-314 | [CPU worker] fin lote: experimentos=312500, pid=186408
2026-05-22 15:41:34,112 | INFO | ForkProcess-307 | [CPU worker] fin lote: experimentos=312500, pid=186396
2026-05-22 15:41:34,112 | INFO | MainProcess | CPU paralelo progreso | trabajo=3/16
2026-05-22 15:41:34,126 | INFO | ForkProcess-308 | [CPU worker] fin lote: experimentos=312500, pid=186402
2026-05-22 15:41:34,127 | INFO | MainProcess | Progreso CPU (AMBAS) | 6250000/10000000 (62.50%)
2026-05-22 15:41:34,145 | INFO | ForkProcess-311 | [CPU worker] fin lote: experimentos=312500, pid=186405
2026-05-22 15:41:34,146 | INFO | ForkProcess-317 | [CPU worker] fin lote: experimentos=312500, pid=186411
2026-05-22 15:41:34,238 | INFO | ForkProcess-320 | [CPU worker] fin lote: experimentos=312500, pid=186414
2026-05-22 15:41:34,252 | INFO | ForkProcess-309 | [CPU worker] fin lote: experimentos=312500, pid=186403
2026-05-22 15:41:34,253 | INFO | MainProcess | Progreso CPU (AMBAS) | 6562500/10000000 (65.62%)
2026-05-22 15:41:34,253 | INFO | MainProcess | CPU paralelo progreso | trabajo=6/16
2026-05-22 15:41:34,253 | INFO | MainProcess | Progreso CPU (AMBAS) | 7187500/10000000 (71.88%)
2026-05-22 15:41:34,253 | INFO | MainProcess | Progreso CPU (AMBAS) | 7500000/10000000 (75.00%)
2026-05-22 15:41:34,253 | INFO | MainProcess | CPU paralelo progreso | trabajo=9/16
2026-05-22 15:41:34,253 | INFO | MainProcess | Progreso CPU (AMBAS) | 8125000/10000000 (81.25%)
2026-05-22 15:41:34,253 | INFO | MainProcess | Progreso CPU (AMBAS) | 8750000/10000000 (87.50%)
2026-05-22 15:41:34,253 | INFO | MainProcess | CPU paralelo progreso | trabajo=12/16
2026-05-22 15:41:34,253 | INFO | MainProcess | Progreso CPU (AMBAS) | 9062500/10000000 (90.62%)
2026-05-22 15:41:34,253 | INFO | MainProcess | Progreso CPU (AMBAS) | 9687500/10000000 (96.88%)
2026-05-22 15:41:34,253 | INFO | MainProcess | CPU paralelo progreso | trabajo=15/16
2026-05-22 15:41:34,253 | INFO | MainProcess | Progreso CPU (AMBAS) | 10000000/10000000 (100.00%)
2026-05-22 15:41:34,253 | INFO | MainProcess | CPU paralelo progreso | trabajo=16/16
2026-05-22 15:41:57,306 | INFO | MainProcess | Lanzar N | N=10000000 | dados=2 | modo_solicitado=AMBAS | modo_real=AMBAS | trabajadores=16
2026-05-22 15:41:57,307 | INFO | MainProcess | GPU inicio | experimentos=5000000 | dados=2 | lote_max=120000
2026-05-22 15:41:57,307 | INFO | MainProcess | GPU lote inicio | lote=120000 | restante_antes=5000000
2026-05-22 15:41:57,409 | INFO | MainProcess | Progreso GPU (AMBAS) | 120000/10000000 (1.20%)
2026-05-22 15:41:57,409 | INFO | MainProcess | GPU progreso | lote=120000 | restante=4880000
2026-05-22 15:41:57,409 | INFO | MainProcess | GPU lote inicio | lote=120000 | restante_antes=4880000
2026-05-22 15:41:57,490 | INFO | MainProcess | GPU progreso | lote=120000 | restante=4760000
2026-05-22 15:41:57,491 | INFO | MainProcess | GPU lote inicio | lote=120000 | restante_antes=4760000
2026-05-22 15:41:57,572 | INFO | MainProcess | GPU progreso | lote=120000 | restante=4640000
2026-05-22 15:41:57,572 | INFO | MainProcess | GPU lote inicio | lote=120000 | restante_antes=4640000
2026-05-22 15:41:57,654 | INFO | MainProcess | GPU progreso | lote=120000 | restante=4520000
2026-05-22 15:41:57,655 | INFO | MainProcess | GPU lote inicio | lote=120000 | restante_antes=4520000
2026-05-22 15:41:57,736 | INFO | MainProcess | Progreso GPU (AMBAS) | 600000/10000000 (6.00%)
2026-05-22 15:41:57,736 | INFO | MainProcess | GPU progreso | lote=120000 | restante=4400000
2026-05-22 15:41:57,736 | INFO | MainProcess | GPU lote inicio | lote=120000 | restante_antes=4400000
2026-05-22 15:41:57,818 | INFO | MainProcess | GPU progreso | lote=120000 | restante=4280000
2026-05-22 15:41:57,818 | INFO | MainProcess | GPU lote inicio | lote=120000 | restante_antes=4280000
2026-05-22 15:41:57,901 | INFO | MainProcess | GPU progreso | lote=120000 | restante=4160000
2026-05-22 15:41:57,902 | INFO | MainProcess | GPU lote inicio | lote=120000 | restante_antes=4160000
2026-05-22 15:41:57,983 | INFO | MainProcess | GPU progreso | lote=120000 | restante=4040000
2026-05-22 15:41:57,984 | INFO | MainProcess | GPU lote inicio | lote=120000 | restante_antes=4040000
2026-05-22 15:41:58,066 | INFO | MainProcess | Progreso GPU (AMBAS) | 1080000/10000000 (10.80%)
2026-05-22 15:41:58,066 | INFO | MainProcess | GPU progreso | lote=120000 | restante=3920000
2026-05-22 15:41:58,066 | INFO | MainProcess | GPU lote inicio | lote=120000 | restante_antes=3920000
2026-05-22 15:41:58,150 | INFO | MainProcess | GPU progreso | lote=120000 | restante=3800000
2026-05-22 15:41:58,150 | INFO | MainProcess | GPU lote inicio | lote=120000 | restante_antes=3800000
2026-05-22 15:41:58,232 | INFO | MainProcess | GPU progreso | lote=120000 | restante=3680000
2026-05-22 15:41:58,232 | INFO | MainProcess | GPU lote inicio | lote=120000 | restante_antes=3680000
2026-05-22 15:41:58,314 | INFO | MainProcess | GPU progreso | lote=120000 | restante=3560000
2026-05-22 15:41:58,315 | INFO | MainProcess | GPU lote inicio | lote=120000 | restante_antes=3560000
2026-05-22 15:41:58,397 | INFO | MainProcess | Progreso GPU (AMBAS) | 1560000/10000000 (15.60%)
2026-05-22 15:41:58,398 | INFO | MainProcess | GPU progreso | lote=120000 | restante=3440000
2026-05-22 15:41:58,398 | INFO | MainProcess | GPU lote inicio | lote=120000 | restante_antes=3440000
2026-05-22 15:41:58,481 | INFO | MainProcess | GPU progreso | lote=120000 | restante=3320000
2026-05-22 15:41:58,481 | INFO | MainProcess | GPU lote inicio | lote=120000 | restante_antes=3320000
2026-05-22 15:41:58,564 | INFO | MainProcess | GPU progreso | lote=120000 | restante=3200000
2026-05-22 15:41:58,565 | INFO | MainProcess | GPU lote inicio | lote=120000 | restante_antes=3200000
2026-05-22 15:41:58,647 | INFO | MainProcess | GPU progreso | lote=120000 | restante=3080000
2026-05-22 15:41:58,647 | INFO | MainProcess | GPU lote inicio | lote=120000 | restante_antes=3080000
2026-05-22 15:41:58,730 | INFO | MainProcess | Progreso GPU (AMBAS) | 2040000/10000000 (20.40%)
2026-05-22 15:41:58,730 | INFO | MainProcess | GPU progreso | lote=120000 | restante=2960000
2026-05-22 15:41:58,730 | INFO | MainProcess | GPU lote inicio | lote=120000 | restante_antes=2960000
2026-05-22 15:41:58,812 | INFO | MainProcess | GPU progreso | lote=120000 | restante=2840000
2026-05-22 15:41:58,812 | INFO | MainProcess | GPU lote inicio | lote=120000 | restante_antes=2840000
2026-05-22 15:41:58,893 | INFO | MainProcess | GPU progreso | lote=120000 | restante=2720000
2026-05-22 15:41:58,894 | INFO | MainProcess | GPU lote inicio | lote=120000 | restante_antes=2720000
2026-05-22 15:41:58,975 | INFO | MainProcess | GPU progreso | lote=120000 | restante=2600000
2026-05-22 15:41:58,976 | INFO | MainProcess | GPU lote inicio | lote=120000 | restante_antes=2600000
2026-05-22 15:41:59,058 | INFO | MainProcess | Progreso GPU (AMBAS) | 2520000/10000000 (25.20%)
2026-05-22 15:41:59,058 | INFO | MainProcess | GPU progreso | lote=120000 | restante=2480000
2026-05-22 15:41:59,058 | INFO | MainProcess | GPU lote inicio | lote=120000 | restante_antes=2480000
2026-05-22 15:41:59,141 | INFO | MainProcess | GPU progreso | lote=120000 | restante=2360000
2026-05-22 15:41:59,141 | INFO | MainProcess | GPU lote inicio | lote=120000 | restante_antes=2360000
2026-05-22 15:41:59,222 | INFO | MainProcess | GPU progreso | lote=120000 | restante=2240000
2026-05-22 15:41:59,222 | INFO | MainProcess | GPU lote inicio | lote=120000 | restante_antes=2240000
2026-05-22 15:41:59,305 | INFO | MainProcess | GPU progreso | lote=120000 | restante=2120000
2026-05-22 15:41:59,305 | INFO | MainProcess | GPU lote inicio | lote=120000 | restante_antes=2120000
2026-05-22 15:41:59,386 | INFO | MainProcess | Progreso GPU (AMBAS) | 3000000/10000000 (30.00%)
2026-05-22 15:41:59,387 | INFO | MainProcess | GPU progreso | lote=120000 | restante=2000000
2026-05-22 15:41:59,387 | INFO | MainProcess | GPU lote inicio | lote=120000 | restante_antes=2000000
2026-05-22 15:41:59,468 | INFO | MainProcess | GPU progreso | lote=120000 | restante=1880000
2026-05-22 15:41:59,468 | INFO | MainProcess | GPU lote inicio | lote=120000 | restante_antes=1880000
2026-05-22 15:41:59,550 | INFO | MainProcess | GPU progreso | lote=120000 | restante=1760000
2026-05-22 15:41:59,550 | INFO | MainProcess | GPU lote inicio | lote=120000 | restante_antes=1760000
2026-05-22 15:41:59,631 | INFO | MainProcess | GPU progreso | lote=120000 | restante=1640000
2026-05-22 15:41:59,631 | INFO | MainProcess | GPU lote inicio | lote=120000 | restante_antes=1640000
2026-05-22 15:41:59,713 | INFO | MainProcess | GPU progreso | lote=120000 | restante=1520000
2026-05-22 15:41:59,713 | INFO | MainProcess | GPU lote inicio | lote=120000 | restante_antes=1520000
2026-05-22 15:41:59,794 | INFO | MainProcess | Progreso GPU (AMBAS) | 3600000/10000000 (36.00%)
2026-05-22 15:41:59,795 | INFO | MainProcess | GPU progreso | lote=120000 | restante=1400000
2026-05-22 15:41:59,795 | INFO | MainProcess | GPU lote inicio | lote=120000 | restante_antes=1400000
2026-05-22 15:41:59,876 | INFO | MainProcess | GPU progreso | lote=120000 | restante=1280000
2026-05-22 15:41:59,876 | INFO | MainProcess | GPU lote inicio | lote=120000 | restante_antes=1280000
2026-05-22 15:41:59,957 | INFO | MainProcess | GPU progreso | lote=120000 | restante=1160000
2026-05-22 15:41:59,957 | INFO | MainProcess | GPU lote inicio | lote=120000 | restante_antes=1160000
2026-05-22 15:42:00,041 | INFO | MainProcess | GPU progreso | lote=120000 | restante=1040000
2026-05-22 15:42:00,041 | INFO | MainProcess | GPU lote inicio | lote=120000 | restante_antes=1040000
2026-05-22 15:42:00,123 | INFO | MainProcess | Progreso GPU (AMBAS) | 4080000/10000000 (40.80%)
2026-05-22 15:42:00,123 | INFO | MainProcess | GPU progreso | lote=120000 | restante=920000
2026-05-22 15:42:00,123 | INFO | MainProcess | GPU lote inicio | lote=120000 | restante_antes=920000
2026-05-22 15:42:00,207 | INFO | MainProcess | GPU progreso | lote=120000 | restante=800000
2026-05-22 15:42:00,208 | INFO | MainProcess | GPU lote inicio | lote=120000 | restante_antes=800000
2026-05-22 15:42:00,290 | INFO | MainProcess | GPU progreso | lote=120000 | restante=680000
2026-05-22 15:42:00,291 | INFO | MainProcess | GPU lote inicio | lote=120000 | restante_antes=680000
2026-05-22 15:42:00,372 | INFO | MainProcess | GPU progreso | lote=120000 | restante=560000
2026-05-22 15:42:00,372 | INFO | MainProcess | GPU lote inicio | lote=120000 | restante_antes=560000
2026-05-22 15:42:00,459 | INFO | MainProcess | Progreso GPU (AMBAS) | 4560000/10000000 (45.60%)
2026-05-22 15:42:00,459 | INFO | MainProcess | GPU progreso | lote=120000 | restante=440000
2026-05-22 15:42:00,459 | INFO | MainProcess | GPU lote inicio | lote=120000 | restante_antes=440000
2026-05-22 15:42:00,544 | INFO | MainProcess | GPU progreso | lote=120000 | restante=320000
2026-05-22 15:42:00,544 | INFO | MainProcess | GPU lote inicio | lote=120000 | restante_antes=320000
2026-05-22 15:42:00,625 | INFO | MainProcess | GPU progreso | lote=120000 | restante=200000
2026-05-22 15:42:00,625 | INFO | MainProcess | GPU lote inicio | lote=120000 | restante_antes=200000
2026-05-22 15:42:00,707 | INFO | MainProcess | GPU progreso | lote=120000 | restante=80000
2026-05-22 15:42:00,707 | INFO | MainProcess | GPU lote inicio | lote=80000 | restante_antes=80000
2026-05-22 15:42:00,761 | INFO | MainProcess | Progreso GPU (AMBAS) | 5000000/10000000 (50.00%)
2026-05-22 15:42:00,761 | INFO | MainProcess | GPU progreso | lote=80000 | restante=0
2026-05-22 15:42:00,761 | INFO | MainProcess | GPU fin | experimentos=5000000
2026-05-22 15:42:00,761 | INFO | MainProcess | Generar masivos | experimentos=5000000 | dados=2 | trabajadores=16
2026-05-22 15:42:00,830 | INFO | ForkProcess-321 | [CPU worker] inicio lote: experimentos=312500, dados=2, pid=186953
2026-05-22 15:42:00,830 | INFO | ForkProcess-323 | [CPU worker] inicio lote: experimentos=312500, dados=2, pid=186955
2026-05-22 15:42:00,830 | INFO | ForkProcess-322 | [CPU worker] inicio lote: experimentos=312500, dados=2, pid=186954
2026-05-22 15:42:00,830 | INFO | ForkProcess-326 | [CPU worker] inicio lote: experimentos=312500, dados=2, pid=186958
2026-05-22 15:42:00,830 | INFO | ForkProcess-324 | [CPU worker] inicio lote: experimentos=312500, dados=2, pid=186956
2026-05-22 15:42:00,831 | INFO | ForkProcess-329 | [CPU worker] inicio lote: experimentos=312500, dados=2, pid=186961
2026-05-22 15:42:00,831 | INFO | ForkProcess-325 | [CPU worker] inicio lote: experimentos=312500, dados=2, pid=186957
2026-05-22 15:42:00,831 | INFO | ForkProcess-328 | [CPU worker] inicio lote: experimentos=312500, dados=2, pid=186960
2026-05-22 15:42:00,831 | INFO | ForkProcess-330 | [CPU worker] inicio lote: experimentos=312500, dados=2, pid=186962
2026-05-22 15:42:00,831 | INFO | ForkProcess-327 | [CPU worker] inicio lote: experimentos=312500, dados=2, pid=186959
2026-05-22 15:42:00,831 | INFO | ForkProcess-331 | [CPU worker] inicio lote: experimentos=312500, dados=2, pid=186963
2026-05-22 15:42:00,831 | INFO | ForkProcess-332 | [CPU worker] inicio lote: experimentos=312500, dados=2, pid=186964
2026-05-22 15:42:00,831 | INFO | ForkProcess-334 | [CPU worker] inicio lote: experimentos=312500, dados=2, pid=186966
2026-05-22 15:42:00,831 | INFO | ForkProcess-336 | [CPU worker] inicio lote: experimentos=312500, dados=2, pid=186968
2026-05-22 15:42:00,831 | INFO | ForkProcess-333 | [CPU worker] inicio lote: experimentos=312500, dados=2, pid=186965
2026-05-22 15:42:00,831 | INFO | ForkProcess-335 | [CPU worker] inicio lote: experimentos=312500, dados=2, pid=186967
2026-05-22 15:42:01,671 | INFO | ForkProcess-333 | [CPU worker] fin lote: experimentos=312500, pid=186965
2026-05-22 15:42:01,679 | INFO | ForkProcess-328 | [CPU worker] fin lote: experimentos=312500, pid=186960
2026-05-22 15:42:01,680 | INFO | ForkProcess-335 | [CPU worker] fin lote: experimentos=312500, pid=186967
2026-05-22 15:42:01,681 | INFO | ForkProcess-322 | [CPU worker] fin lote: experimentos=312500, pid=186954
2026-05-22 15:42:01,682 | INFO | ForkProcess-334 | [CPU worker] fin lote: experimentos=312500, pid=186966
2026-05-22 15:42:01,684 | INFO | ForkProcess-324 | [CPU worker] fin lote: experimentos=312500, pid=186956
2026-05-22 15:42:01,687 | INFO | ForkProcess-325 | [CPU worker] fin lote: experimentos=312500, pid=186957
2026-05-22 15:42:01,688 | INFO | ForkProcess-331 | [CPU worker] fin lote: experimentos=312500, pid=186963
2026-05-22 15:42:01,689 | INFO | ForkProcess-323 | [CPU worker] fin lote: experimentos=312500, pid=186955
2026-05-22 15:42:01,690 | INFO | ForkProcess-332 | [CPU worker] fin lote: experimentos=312500, pid=186964
2026-05-22 15:42:01,692 | INFO | ForkProcess-329 | [CPU worker] fin lote: experimentos=312500, pid=186961
2026-05-22 15:42:01,693 | INFO | ForkProcess-326 | [CPU worker] fin lote: experimentos=312500, pid=186958
2026-05-22 15:42:01,694 | INFO | ForkProcess-336 | [CPU worker] fin lote: experimentos=312500, pid=186968
2026-05-22 15:42:01,696 | INFO | ForkProcess-321 | [CPU worker] fin lote: experimentos=312500, pid=186953
2026-05-22 15:42:01,696 | INFO | MainProcess | CPU paralelo progreso | trabajo=1/16
2026-05-22 15:42:01,696 | INFO | MainProcess | Progreso CPU (AMBAS) | 5625000/10000000 (56.25%)
2026-05-22 15:42:01,697 | INFO | MainProcess | CPU paralelo progreso | trabajo=3/16
2026-05-22 15:42:01,697 | INFO | MainProcess | Progreso CPU (AMBAS) | 6250000/10000000 (62.50%)
2026-05-22 15:42:01,697 | INFO | MainProcess | Progreso CPU (AMBAS) | 6562500/10000000 (65.62%)
2026-05-22 15:42:01,697 | INFO | MainProcess | CPU paralelo progreso | trabajo=6/16
2026-05-22 15:42:01,722 | INFO | ForkProcess-330 | [CPU worker] fin lote: experimentos=312500, pid=186962
2026-05-22 15:42:01,783 | INFO | ForkProcess-327 | [CPU worker] fin lote: experimentos=312500, pid=186959
2026-05-22 15:42:01,783 | INFO | MainProcess | Progreso CPU (AMBAS) | 7187500/10000000 (71.88%)
2026-05-22 15:42:01,784 | INFO | MainProcess | Progreso CPU (AMBAS) | 7500000/10000000 (75.00%)
2026-05-22 15:42:01,784 | INFO | MainProcess | CPU paralelo progreso | trabajo=9/16
2026-05-22 15:42:01,784 | INFO | MainProcess | Progreso CPU (AMBAS) | 8125000/10000000 (81.25%)
2026-05-22 15:42:01,784 | INFO | MainProcess | Progreso CPU (AMBAS) | 8750000/10000000 (87.50%)
2026-05-22 15:42:01,784 | INFO | MainProcess | CPU paralelo progreso | trabajo=12/16
2026-05-22 15:42:01,785 | INFO | MainProcess | Progreso CPU (AMBAS) | 9062500/10000000 (90.62%)
2026-05-22 15:42:01,785 | INFO | MainProcess | Progreso CPU (AMBAS) | 9687500/10000000 (96.88%)
2026-05-22 15:42:01,785 | INFO | MainProcess | CPU paralelo progreso | trabajo=15/16
2026-05-22 15:42:01,785 | INFO | MainProcess | Progreso CPU (AMBAS) | 10000000/10000000 (100.00%)
2026-05-22 15:42:01,785 | INFO | MainProcess | CPU paralelo progreso | trabajo=16/16
2026-05-22 15:42:07,790 | INFO | MainProcess | Lanzar N | N=10000000 | dados=2 | modo_solicitado=AMBAS | modo_real=AMBAS | trabajadores=16
2026-05-22 15:42:07,791 | INFO | MainProcess | GPU inicio | experimentos=5000000 | dados=2 | lote_max=120000
2026-05-22 15:42:07,791 | INFO | MainProcess | GPU lote inicio | lote=120000 | restante_antes=5000000
2026-05-22 15:42:07,881 | INFO | MainProcess | Progreso GPU (AMBAS) | 120000/10000000 (1.20%)
2026-05-22 15:42:07,882 | INFO | MainProcess | GPU progreso | lote=120000 | restante=4880000
2026-05-22 15:42:07,882 | INFO | MainProcess | GPU lote inicio | lote=120000 | restante_antes=4880000
2026-05-22 15:42:07,969 | INFO | MainProcess | GPU progreso | lote=120000 | restante=4760000
2026-05-22 15:42:07,969 | INFO | MainProcess | GPU lote inicio | lote=120000 | restante_antes=4760000
2026-05-22 15:42:08,056 | INFO | MainProcess | GPU progreso | lote=120000 | restante=4640000
2026-05-22 15:42:08,057 | INFO | MainProcess | GPU lote inicio | lote=120000 | restante_antes=4640000
2026-05-22 15:42:08,138 | INFO | MainProcess | GPU progreso | lote=120000 | restante=4520000
2026-05-22 15:42:08,139 | INFO | MainProcess | GPU lote inicio | lote=120000 | restante_antes=4520000
2026-05-22 15:42:08,224 | INFO | MainProcess | Progreso GPU (AMBAS) | 600000/10000000 (6.00%)
2026-05-22 15:42:08,225 | INFO | MainProcess | GPU progreso | lote=120000 | restante=4400000
2026-05-22 15:42:08,225 | INFO | MainProcess | GPU lote inicio | lote=120000 | restante_antes=4400000
2026-05-22 15:42:08,310 | INFO | MainProcess | GPU progreso | lote=120000 | restante=4280000
2026-05-22 15:42:08,310 | INFO | MainProcess | GPU lote inicio | lote=120000 | restante_antes=4280000
2026-05-22 15:42:08,393 | INFO | MainProcess | GPU progreso | lote=120000 | restante=4160000
2026-05-22 15:42:08,394 | INFO | MainProcess | GPU lote inicio | lote=120000 | restante_antes=4160000
2026-05-22 15:42:08,476 | INFO | MainProcess | GPU progreso | lote=120000 | restante=4040000
2026-05-22 15:42:08,477 | INFO | MainProcess | GPU lote inicio | lote=120000 | restante_antes=4040000
2026-05-22 15:42:08,559 | INFO | MainProcess | Progreso GPU (AMBAS) | 1080000/10000000 (10.80%)
2026-05-22 15:42:08,559 | INFO | MainProcess | GPU progreso | lote=120000 | restante=3920000
2026-05-22 15:42:08,559 | INFO | MainProcess | GPU lote inicio | lote=120000 | restante_antes=3920000
2026-05-22 15:42:08,642 | INFO | MainProcess | GPU progreso | lote=120000 | restante=3800000
2026-05-22 15:42:08,642 | INFO | MainProcess | GPU lote inicio | lote=120000 | restante_antes=3800000
2026-05-22 15:42:08,725 | INFO | MainProcess | GPU progreso | lote=120000 | restante=3680000
2026-05-22 15:42:08,726 | INFO | MainProcess | GPU lote inicio | lote=120000 | restante_antes=3680000
2026-05-22 15:42:08,808 | INFO | MainProcess | GPU progreso | lote=120000 | restante=3560000
2026-05-22 15:42:08,808 | INFO | MainProcess | GPU lote inicio | lote=120000 | restante_antes=3560000
2026-05-22 15:42:08,891 | INFO | MainProcess | Progreso GPU (AMBAS) | 1560000/10000000 (15.60%)
2026-05-22 15:42:08,891 | INFO | MainProcess | GPU progreso | lote=120000 | restante=3440000
2026-05-22 15:42:08,891 | INFO | MainProcess | GPU lote inicio | lote=120000 | restante_antes=3440000
2026-05-22 15:42:08,973 | INFO | MainProcess | GPU progreso | lote=120000 | restante=3320000
2026-05-22 15:42:08,973 | INFO | MainProcess | GPU lote inicio | lote=120000 | restante_antes=3320000
2026-05-22 15:42:09,056 | INFO | MainProcess | GPU progreso | lote=120000 | restante=3200000
2026-05-22 15:42:09,056 | INFO | MainProcess | GPU lote inicio | lote=120000 | restante_antes=3200000
2026-05-22 15:42:09,138 | INFO | MainProcess | GPU progreso | lote=120000 | restante=3080000
2026-05-22 15:42:09,138 | INFO | MainProcess | GPU lote inicio | lote=120000 | restante_antes=3080000
2026-05-22 15:42:09,220 | INFO | MainProcess | Progreso GPU (AMBAS) | 2040000/10000000 (20.40%)
2026-05-22 15:42:09,220 | INFO | MainProcess | GPU progreso | lote=120000 | restante=2960000
2026-05-22 15:42:09,220 | INFO | MainProcess | GPU lote inicio | lote=120000 | restante_antes=2960000
2026-05-22 15:42:09,301 | INFO | MainProcess | GPU progreso | lote=120000 | restante=2840000
2026-05-22 15:42:09,302 | INFO | MainProcess | GPU lote inicio | lote=120000 | restante_antes=2840000
2026-05-22 15:42:09,383 | INFO | MainProcess | GPU progreso | lote=120000 | restante=2720000
2026-05-22 15:42:09,383 | INFO | MainProcess | GPU lote inicio | lote=120000 | restante_antes=2720000
2026-05-22 15:42:09,464 | INFO | MainProcess | GPU progreso | lote=120000 | restante=2600000
2026-05-22 15:42:09,464 | INFO | MainProcess | GPU lote inicio | lote=120000 | restante_antes=2600000
2026-05-22 15:42:09,546 | INFO | MainProcess | Progreso GPU (AMBAS) | 2520000/10000000 (25.20%)
2026-05-22 15:42:09,546 | INFO | MainProcess | GPU progreso | lote=120000 | restante=2480000
2026-05-22 15:42:09,546 | INFO | MainProcess | GPU lote inicio | lote=120000 | restante_antes=2480000
2026-05-22 15:42:09,628 | INFO | MainProcess | GPU progreso | lote=120000 | restante=2360000
2026-05-22 15:42:09,628 | INFO | MainProcess | GPU lote inicio | lote=120000 | restante_antes=2360000
2026-05-22 15:42:09,710 | INFO | MainProcess | GPU progreso | lote=120000 | restante=2240000
2026-05-22 15:42:09,710 | INFO | MainProcess | GPU lote inicio | lote=120000 | restante_antes=2240000
2026-05-22 15:42:09,791 | INFO | MainProcess | GPU progreso | lote=120000 | restante=2120000
2026-05-22 15:42:09,792 | INFO | MainProcess | GPU lote inicio | lote=120000 | restante_antes=2120000
2026-05-22 15:42:09,874 | INFO | MainProcess | Progreso GPU (AMBAS) | 3000000/10000000 (30.00%)
2026-05-22 15:42:09,874 | INFO | MainProcess | GPU progreso | lote=120000 | restante=2000000
2026-05-22 15:42:09,874 | INFO | MainProcess | GPU lote inicio | lote=120000 | restante_antes=2000000
2026-05-22 15:42:09,960 | INFO | MainProcess | GPU progreso | lote=120000 | restante=1880000
2026-05-22 15:42:09,960 | INFO | MainProcess | GPU lote inicio | lote=120000 | restante_antes=1880000
2026-05-22 15:42:10,042 | INFO | MainProcess | GPU progreso | lote=120000 | restante=1760000
2026-05-22 15:42:10,042 | INFO | MainProcess | GPU lote inicio | lote=120000 | restante_antes=1760000
2026-05-22 15:42:10,123 | INFO | MainProcess | GPU progreso | lote=120000 | restante=1640000
2026-05-22 15:42:10,124 | INFO | MainProcess | GPU lote inicio | lote=120000 | restante_antes=1640000
2026-05-22 15:42:10,205 | INFO | MainProcess | GPU progreso | lote=120000 | restante=1520000
2026-05-22 15:42:10,205 | INFO | MainProcess | GPU lote inicio | lote=120000 | restante_antes=1520000
2026-05-22 15:42:10,286 | INFO | MainProcess | Progreso GPU (AMBAS) | 3600000/10000000 (36.00%)
2026-05-22 15:42:10,286 | INFO | MainProcess | GPU progreso | lote=120000 | restante=1400000
2026-05-22 15:42:10,286 | INFO | MainProcess | GPU lote inicio | lote=120000 | restante_antes=1400000
2026-05-22 15:42:10,367 | INFO | MainProcess | GPU progreso | lote=120000 | restante=1280000
2026-05-22 15:42:10,367 | INFO | MainProcess | GPU lote inicio | lote=120000 | restante_antes=1280000
2026-05-22 15:42:10,450 | INFO | MainProcess | GPU progreso | lote=120000 | restante=1160000
2026-05-22 15:42:10,450 | INFO | MainProcess | GPU lote inicio | lote=120000 | restante_antes=1160000
2026-05-22 15:42:10,532 | INFO | MainProcess | GPU progreso | lote=120000 | restante=1040000
2026-05-22 15:42:10,532 | INFO | MainProcess | GPU lote inicio | lote=120000 | restante_antes=1040000
2026-05-22 15:42:10,613 | INFO | MainProcess | Progreso GPU (AMBAS) | 4080000/10000000 (40.80%)
2026-05-22 15:42:10,614 | INFO | MainProcess | GPU progreso | lote=120000 | restante=920000
2026-05-22 15:42:10,614 | INFO | MainProcess | GPU lote inicio | lote=120000 | restante_antes=920000
2026-05-22 15:42:10,695 | INFO | MainProcess | GPU progreso | lote=120000 | restante=800000
2026-05-22 15:42:10,695 | INFO | MainProcess | GPU lote inicio | lote=120000 | restante_antes=800000
2026-05-22 15:42:10,776 | INFO | MainProcess | GPU progreso | lote=120000 | restante=680000
2026-05-22 15:42:10,776 | INFO | MainProcess | GPU lote inicio | lote=120000 | restante_antes=680000
2026-05-22 15:42:10,868 | INFO | MainProcess | GPU progreso | lote=120000 | restante=560000
2026-05-22 15:42:10,868 | INFO | MainProcess | GPU lote inicio | lote=120000 | restante_antes=560000
2026-05-22 15:42:10,949 | INFO | MainProcess | Progreso GPU (AMBAS) | 4560000/10000000 (45.60%)
2026-05-22 15:42:10,950 | INFO | MainProcess | GPU progreso | lote=120000 | restante=440000
2026-05-22 15:42:10,950 | INFO | MainProcess | GPU lote inicio | lote=120000 | restante_antes=440000
2026-05-22 15:42:11,033 | INFO | MainProcess | GPU progreso | lote=120000 | restante=320000
2026-05-22 15:42:11,033 | INFO | MainProcess | GPU lote inicio | lote=120000 | restante_antes=320000
2026-05-22 15:42:11,114 | INFO | MainProcess | GPU progreso | lote=120000 | restante=200000
2026-05-22 15:42:11,114 | INFO | MainProcess | GPU lote inicio | lote=120000 | restante_antes=200000
2026-05-22 15:42:11,195 | INFO | MainProcess | GPU progreso | lote=120000 | restante=80000
2026-05-22 15:42:11,195 | INFO | MainProcess | GPU lote inicio | lote=80000 | restante_antes=80000
2026-05-22 15:42:11,249 | INFO | MainProcess | Progreso GPU (AMBAS) | 5000000/10000000 (50.00%)
2026-05-22 15:42:11,250 | INFO | MainProcess | GPU progreso | lote=80000 | restante=0
2026-05-22 15:42:11,250 | INFO | MainProcess | GPU fin | experimentos=5000000
2026-05-22 15:42:11,250 | INFO | MainProcess | Generar masivos | experimentos=5000000 | dados=2 | trabajadores=16
2026-05-22 15:42:11,318 | INFO | ForkProcess-337 | [CPU worker] inicio lote: experimentos=312500, dados=2, pid=187179
2026-05-22 15:42:11,318 | INFO | ForkProcess-338 | [CPU worker] inicio lote: experimentos=312500, dados=2, pid=187180
2026-05-22 15:42:11,319 | INFO | ForkProcess-340 | [CPU worker] inicio lote: experimentos=312500, dados=2, pid=187182
2026-05-22 15:42:11,319 | INFO | ForkProcess-339 | [CPU worker] inicio lote: experimentos=312500, dados=2, pid=187181
2026-05-22 15:42:11,319 | INFO | ForkProcess-343 | [CPU worker] inicio lote: experimentos=312500, dados=2, pid=187185
2026-05-22 15:42:11,319 | INFO | ForkProcess-344 | [CPU worker] inicio lote: experimentos=312500, dados=2, pid=187186
2026-05-22 15:42:11,319 | INFO | ForkProcess-341 | [CPU worker] inicio lote: experimentos=312500, dados=2, pid=187183
2026-05-22 15:42:11,319 | INFO | ForkProcess-345 | [CPU worker] inicio lote: experimentos=312500, dados=2, pid=187187
2026-05-22 15:42:11,319 | INFO | ForkProcess-342 | [CPU worker] inicio lote: experimentos=312500, dados=2, pid=187184
2026-05-22 15:42:11,319 | INFO | ForkProcess-346 | [CPU worker] inicio lote: experimentos=312500, dados=2, pid=187188
2026-05-22 15:42:11,319 | INFO | ForkProcess-347 | [CPU worker] inicio lote: experimentos=312500, dados=2, pid=187189
2026-05-22 15:42:11,320 | INFO | ForkProcess-348 | [CPU worker] inicio lote: experimentos=312500, dados=2, pid=187190
2026-05-22 15:42:11,320 | INFO | ForkProcess-350 | [CPU worker] inicio lote: experimentos=312500, dados=2, pid=187192
2026-05-22 15:42:11,320 | INFO | ForkProcess-351 | [CPU worker] inicio lote: experimentos=312500, dados=2, pid=187193
2026-05-22 15:42:11,320 | INFO | ForkProcess-349 | [CPU worker] inicio lote: experimentos=312500, dados=2, pid=187191
2026-05-22 15:42:11,322 | INFO | ForkProcess-352 | [CPU worker] inicio lote: experimentos=312500, dados=2, pid=187194
2026-05-22 15:42:12,164 | INFO | ForkProcess-345 | [CPU worker] fin lote: experimentos=312500, pid=187187
2026-05-22 15:42:12,168 | INFO | ForkProcess-349 | [CPU worker] fin lote: experimentos=312500, pid=187191
2026-05-22 15:42:12,171 | INFO | ForkProcess-350 | [CPU worker] fin lote: experimentos=312500, pid=187192
2026-05-22 15:42:12,181 | INFO | ForkProcess-342 | [CPU worker] fin lote: experimentos=312500, pid=187184
2026-05-22 15:42:12,184 | INFO | ForkProcess-339 | [CPU worker] fin lote: experimentos=312500, pid=187181
2026-05-22 15:42:12,186 | INFO | ForkProcess-348 | [CPU worker] fin lote: experimentos=312500, pid=187190
2026-05-22 15:42:12,188 | INFO | ForkProcess-351 | [CPU worker] fin lote: experimentos=312500, pid=187193
2026-05-22 15:42:12,188 | INFO | ForkProcess-344 | [CPU worker] fin lote: experimentos=312500, pid=187186
2026-05-22 15:42:12,193 | INFO | ForkProcess-341 | [CPU worker] fin lote: experimentos=312500, pid=187183
2026-05-22 15:42:12,195 | INFO | ForkProcess-340 | [CPU worker] fin lote: experimentos=312500, pid=187182
2026-05-22 15:42:12,199 | INFO | ForkProcess-352 | [CPU worker] fin lote: experimentos=312500, pid=187194
2026-05-22 15:42:12,206 | INFO | ForkProcess-343 | [CPU worker] fin lote: experimentos=312500, pid=187185
2026-05-22 15:42:12,208 | INFO | ForkProcess-347 | [CPU worker] fin lote: experimentos=312500, pid=187189
2026-05-22 15:42:12,236 | INFO | ForkProcess-338 | [CPU worker] fin lote: experimentos=312500, pid=187180
2026-05-22 15:42:12,292 | INFO | ForkProcess-337 | [CPU worker] fin lote: experimentos=312500, pid=187179
2026-05-22 15:42:12,293 | INFO | MainProcess | CPU paralelo progreso | trabajo=1/16
2026-05-22 15:42:12,293 | INFO | MainProcess | Progreso CPU (AMBAS) | 5625000/10000000 (56.25%)
2026-05-22 15:42:12,293 | INFO | MainProcess | CPU paralelo progreso | trabajo=3/16
2026-05-22 15:42:12,293 | INFO | MainProcess | Progreso CPU (AMBAS) | 6250000/10000000 (62.50%)
2026-05-22 15:42:12,294 | INFO | MainProcess | Progreso CPU (AMBAS) | 6562500/10000000 (65.62%)
2026-05-22 15:42:12,294 | INFO | MainProcess | CPU paralelo progreso | trabajo=6/16
2026-05-22 15:42:12,294 | INFO | MainProcess | Progreso CPU (AMBAS) | 7187500/10000000 (71.88%)
2026-05-22 15:42:12,294 | INFO | MainProcess | Progreso CPU (AMBAS) | 7500000/10000000 (75.00%)
2026-05-22 15:42:12,294 | INFO | MainProcess | CPU paralelo progreso | trabajo=9/16
2026-05-22 15:42:12,348 | INFO | ForkProcess-346 | [CPU worker] fin lote: experimentos=312500, pid=187188
2026-05-22 15:42:12,349 | INFO | MainProcess | Progreso CPU (AMBAS) | 8125000/10000000 (81.25%)
2026-05-22 15:42:12,349 | INFO | MainProcess | Progreso CPU (AMBAS) | 8750000/10000000 (87.50%)
2026-05-22 15:42:12,349 | INFO | MainProcess | CPU paralelo progreso | trabajo=12/16
2026-05-22 15:42:12,349 | INFO | MainProcess | Progreso CPU (AMBAS) | 9062500/10000000 (90.62%)
2026-05-22 15:42:12,349 | INFO | MainProcess | Progreso CPU (AMBAS) | 9687500/10000000 (96.88%)
2026-05-22 15:42:12,349 | INFO | MainProcess | CPU paralelo progreso | trabajo=15/16
2026-05-22 15:42:12,349 | INFO | MainProcess | Progreso CPU (AMBAS) | 10000000/10000000 (100.00%)
2026-05-22 15:42:12,349 | INFO | MainProcess | CPU paralelo progreso | trabajo=16/16
2026-05-22 15:42:42,618 | INFO | MainProcess | Lanzar N | N=10000000 | dados=3 | modo_solicitado=AMBAS | modo_real=AMBAS | trabajadores=16
2026-05-22 15:42:42,620 | INFO | MainProcess | GPU inicio | experimentos=5000000 | dados=3 | lote_max=120000
2026-05-22 15:42:42,620 | INFO | MainProcess | GPU lote inicio | lote=120000 | restante_antes=5000000
2026-05-22 15:42:42,748 | INFO | MainProcess | Progreso GPU (AMBAS) | 120000/10000000 (1.20%)
2026-05-22 15:42:42,748 | INFO | MainProcess | GPU progreso | lote=120000 | restante=4880000
2026-05-22 15:42:42,748 | INFO | MainProcess | GPU lote inicio | lote=120000 | restante_antes=4880000
2026-05-22 15:42:42,852 | INFO | MainProcess | GPU progreso | lote=120000 | restante=4760000
2026-05-22 15:42:42,852 | INFO | MainProcess | GPU lote inicio | lote=120000 | restante_antes=4760000
2026-05-22 15:42:42,956 | INFO | MainProcess | GPU progreso | lote=120000 | restante=4640000
2026-05-22 15:42:42,956 | INFO | MainProcess | GPU lote inicio | lote=120000 | restante_antes=4640000
2026-05-22 15:42:43,058 | INFO | MainProcess | GPU progreso | lote=120000 | restante=4520000
2026-05-22 15:42:43,059 | INFO | MainProcess | GPU lote inicio | lote=120000 | restante_antes=4520000
2026-05-22 15:42:43,161 | INFO | MainProcess | Progreso GPU (AMBAS) | 600000/10000000 (6.00%)
2026-05-22 15:42:43,161 | INFO | MainProcess | GPU progreso | lote=120000 | restante=4400000
2026-05-22 15:42:43,161 | INFO | MainProcess | GPU lote inicio | lote=120000 | restante_antes=4400000
2026-05-22 15:42:43,266 | INFO | MainProcess | GPU progreso | lote=120000 | restante=4280000
2026-05-22 15:42:43,266 | INFO | MainProcess | GPU lote inicio | lote=120000 | restante_antes=4280000
2026-05-22 15:42:43,369 | INFO | MainProcess | GPU progreso | lote=120000 | restante=4160000
2026-05-22 15:42:43,369 | INFO | MainProcess | GPU lote inicio | lote=120000 | restante_antes=4160000
2026-05-22 15:42:43,472 | INFO | MainProcess | GPU progreso | lote=120000 | restante=4040000
2026-05-22 15:42:43,472 | INFO | MainProcess | GPU lote inicio | lote=120000 | restante_antes=4040000
2026-05-22 15:42:43,576 | INFO | MainProcess | Progreso GPU (AMBAS) | 1080000/10000000 (10.80%)
2026-05-22 15:42:43,576 | INFO | MainProcess | GPU progreso | lote=120000 | restante=3920000
2026-05-22 15:42:43,576 | INFO | MainProcess | GPU lote inicio | lote=120000 | restante_antes=3920000
2026-05-22 15:42:43,679 | INFO | MainProcess | GPU progreso | lote=120000 | restante=3800000
2026-05-22 15:42:43,679 | INFO | MainProcess | GPU lote inicio | lote=120000 | restante_antes=3800000
2026-05-22 15:42:43,783 | INFO | MainProcess | GPU progreso | lote=120000 | restante=3680000
2026-05-22 15:42:43,783 | INFO | MainProcess | GPU lote inicio | lote=120000 | restante_antes=3680000
2026-05-22 15:42:43,886 | INFO | MainProcess | GPU progreso | lote=120000 | restante=3560000
2026-05-22 15:42:43,886 | INFO | MainProcess | GPU lote inicio | lote=120000 | restante_antes=3560000
2026-05-22 15:42:43,992 | INFO | MainProcess | Progreso GPU (AMBAS) | 1560000/10000000 (15.60%)
2026-05-22 15:42:43,992 | INFO | MainProcess | GPU progreso | lote=120000 | restante=3440000
2026-05-22 15:42:43,992 | INFO | MainProcess | GPU lote inicio | lote=120000 | restante_antes=3440000
2026-05-22 15:42:44,097 | INFO | MainProcess | GPU progreso | lote=120000 | restante=3320000
2026-05-22 15:42:44,097 | INFO | MainProcess | GPU lote inicio | lote=120000 | restante_antes=3320000
2026-05-22 15:42:44,200 | INFO | MainProcess | GPU progreso | lote=120000 | restante=3200000
2026-05-22 15:42:44,201 | INFO | MainProcess | GPU lote inicio | lote=120000 | restante_antes=3200000
2026-05-22 15:42:44,308 | INFO | MainProcess | GPU progreso | lote=120000 | restante=3080000
2026-05-22 15:42:44,308 | INFO | MainProcess | GPU lote inicio | lote=120000 | restante_antes=3080000
2026-05-22 15:42:44,412 | INFO | MainProcess | Progreso GPU (AMBAS) | 2040000/10000000 (20.40%)
2026-05-22 15:42:44,412 | INFO | MainProcess | GPU progreso | lote=120000 | restante=2960000
2026-05-22 15:42:44,412 | INFO | MainProcess | GPU lote inicio | lote=120000 | restante_antes=2960000
2026-05-22 15:42:44,516 | INFO | MainProcess | GPU progreso | lote=120000 | restante=2840000
2026-05-22 15:42:44,516 | INFO | MainProcess | GPU lote inicio | lote=120000 | restante_antes=2840000
2026-05-22 15:42:44,619 | INFO | MainProcess | GPU progreso | lote=120000 | restante=2720000
2026-05-22 15:42:44,620 | INFO | MainProcess | GPU lote inicio | lote=120000 | restante_antes=2720000
2026-05-22 15:42:44,722 | INFO | MainProcess | GPU progreso | lote=120000 | restante=2600000
2026-05-22 15:42:44,723 | INFO | MainProcess | GPU lote inicio | lote=120000 | restante_antes=2600000
2026-05-22 15:42:44,826 | INFO | MainProcess | Progreso GPU (AMBAS) | 2520000/10000000 (25.20%)
2026-05-22 15:42:44,826 | INFO | MainProcess | GPU progreso | lote=120000 | restante=2480000
2026-05-22 15:42:44,826 | INFO | MainProcess | GPU lote inicio | lote=120000 | restante_antes=2480000
2026-05-22 15:42:44,930 | INFO | MainProcess | GPU progreso | lote=120000 | restante=2360000
2026-05-22 15:42:44,930 | INFO | MainProcess | GPU lote inicio | lote=120000 | restante_antes=2360000
2026-05-22 15:42:45,033 | INFO | MainProcess | GPU progreso | lote=120000 | restante=2240000
2026-05-22 15:42:45,033 | INFO | MainProcess | GPU lote inicio | lote=120000 | restante_antes=2240000
2026-05-22 15:42:45,135 | INFO | MainProcess | GPU progreso | lote=120000 | restante=2120000
2026-05-22 15:42:45,135 | INFO | MainProcess | GPU lote inicio | lote=120000 | restante_antes=2120000
2026-05-22 15:42:45,238 | INFO | MainProcess | Progreso GPU (AMBAS) | 3000000/10000000 (30.00%)
2026-05-22 15:42:45,238 | INFO | MainProcess | GPU progreso | lote=120000 | restante=2000000
2026-05-22 15:42:45,238 | INFO | MainProcess | GPU lote inicio | lote=120000 | restante_antes=2000000
2026-05-22 15:42:45,340 | INFO | MainProcess | GPU progreso | lote=120000 | restante=1880000
2026-05-22 15:42:45,340 | INFO | MainProcess | GPU lote inicio | lote=120000 | restante_antes=1880000
2026-05-22 15:42:45,443 | INFO | MainProcess | GPU progreso | lote=120000 | restante=1760000
2026-05-22 15:42:45,443 | INFO | MainProcess | GPU lote inicio | lote=120000 | restante_antes=1760000
2026-05-22 15:42:45,544 | INFO | MainProcess | GPU progreso | lote=120000 | restante=1640000
2026-05-22 15:42:45,545 | INFO | MainProcess | GPU lote inicio | lote=120000 | restante_antes=1640000
2026-05-22 15:42:45,649 | INFO | MainProcess | GPU progreso | lote=120000 | restante=1520000
2026-05-22 15:42:45,649 | INFO | MainProcess | GPU lote inicio | lote=120000 | restante_antes=1520000
2026-05-22 15:42:45,752 | INFO | MainProcess | Progreso GPU (AMBAS) | 3600000/10000000 (36.00%)
2026-05-22 15:42:45,753 | INFO | MainProcess | GPU progreso | lote=120000 | restante=1400000
2026-05-22 15:42:45,753 | INFO | MainProcess | GPU lote inicio | lote=120000 | restante_antes=1400000
2026-05-22 15:42:45,856 | INFO | MainProcess | GPU progreso | lote=120000 | restante=1280000
2026-05-22 15:42:45,856 | INFO | MainProcess | GPU lote inicio | lote=120000 | restante_antes=1280000
2026-05-22 15:42:45,960 | INFO | MainProcess | GPU progreso | lote=120000 | restante=1160000
2026-05-22 15:42:45,960 | INFO | MainProcess | GPU lote inicio | lote=120000 | restante_antes=1160000
2026-05-22 15:42:46,063 | INFO | MainProcess | GPU progreso | lote=120000 | restante=1040000
2026-05-22 15:42:46,064 | INFO | MainProcess | GPU lote inicio | lote=120000 | restante_antes=1040000
2026-05-22 15:42:46,167 | INFO | MainProcess | Progreso GPU (AMBAS) | 4080000/10000000 (40.80%)
2026-05-22 15:42:46,168 | INFO | MainProcess | GPU progreso | lote=120000 | restante=920000
2026-05-22 15:42:46,168 | INFO | MainProcess | GPU lote inicio | lote=120000 | restante_antes=920000
2026-05-22 15:42:46,270 | INFO | MainProcess | GPU progreso | lote=120000 | restante=800000
2026-05-22 15:42:46,271 | INFO | MainProcess | GPU lote inicio | lote=120000 | restante_antes=800000
2026-05-22 15:42:46,373 | INFO | MainProcess | GPU progreso | lote=120000 | restante=680000
2026-05-22 15:42:46,373 | INFO | MainProcess | GPU lote inicio | lote=120000 | restante_antes=680000
2026-05-22 15:42:46,477 | INFO | MainProcess | GPU progreso | lote=120000 | restante=560000
2026-05-22 15:42:46,478 | INFO | MainProcess | GPU lote inicio | lote=120000 | restante_antes=560000
2026-05-22 15:42:46,581 | INFO | MainProcess | Progreso GPU (AMBAS) | 4560000/10000000 (45.60%)
2026-05-22 15:42:46,582 | INFO | MainProcess | GPU progreso | lote=120000 | restante=440000
2026-05-22 15:42:46,582 | INFO | MainProcess | GPU lote inicio | lote=120000 | restante_antes=440000
2026-05-22 15:42:46,686 | INFO | MainProcess | GPU progreso | lote=120000 | restante=320000
2026-05-22 15:42:46,686 | INFO | MainProcess | GPU lote inicio | lote=120000 | restante_antes=320000
2026-05-22 15:42:46,790 | INFO | MainProcess | GPU progreso | lote=120000 | restante=200000
2026-05-22 15:42:46,790 | INFO | MainProcess | GPU lote inicio | lote=120000 | restante_antes=200000
2026-05-22 15:42:46,894 | INFO | MainProcess | GPU progreso | lote=120000 | restante=80000
2026-05-22 15:42:46,894 | INFO | MainProcess | GPU lote inicio | lote=80000 | restante_antes=80000
2026-05-22 15:42:46,963 | INFO | MainProcess | Progreso GPU (AMBAS) | 5000000/10000000 (50.00%)
2026-05-22 15:42:46,964 | INFO | MainProcess | GPU progreso | lote=80000 | restante=0
2026-05-22 15:42:46,964 | INFO | MainProcess | GPU fin | experimentos=5000000
2026-05-22 15:42:46,964 | INFO | MainProcess | Generar masivos | experimentos=5000000 | dados=3 | trabajadores=16
2026-05-22 15:42:47,037 | INFO | ForkProcess-353 | [CPU worker] inicio lote: experimentos=312500, dados=3, pid=187878
2026-05-22 15:42:47,037 | INFO | ForkProcess-354 | [CPU worker] inicio lote: experimentos=312500, dados=3, pid=187879
2026-05-22 15:42:47,037 | INFO | ForkProcess-355 | [CPU worker] inicio lote: experimentos=312500, dados=3, pid=187880
2026-05-22 15:42:47,037 | INFO | ForkProcess-357 | [CPU worker] inicio lote: experimentos=312500, dados=3, pid=187882
2026-05-22 15:42:47,038 | INFO | ForkProcess-359 | [CPU worker] inicio lote: experimentos=312500, dados=3, pid=187884
2026-05-22 15:42:47,038 | INFO | ForkProcess-358 | [CPU worker] inicio lote: experimentos=312500, dados=3, pid=187883
2026-05-22 15:42:47,038 | INFO | ForkProcess-356 | [CPU worker] inicio lote: experimentos=312500, dados=3, pid=187881
2026-05-22 15:42:47,038 | INFO | ForkProcess-361 | [CPU worker] inicio lote: experimentos=312500, dados=3, pid=187886
2026-05-22 15:42:47,038 | INFO | ForkProcess-362 | [CPU worker] inicio lote: experimentos=312500, dados=3, pid=187887
2026-05-22 15:42:47,038 | INFO | ForkProcess-363 | [CPU worker] inicio lote: experimentos=312500, dados=3, pid=187888
2026-05-22 15:42:47,038 | INFO | ForkProcess-365 | [CPU worker] inicio lote: experimentos=312500, dados=3, pid=187890
2026-05-22 15:42:47,038 | INFO | ForkProcess-364 | [CPU worker] inicio lote: experimentos=312500, dados=3, pid=187889
2026-05-22 15:42:47,041 | INFO | ForkProcess-366 | [CPU worker] inicio lote: experimentos=312500, dados=3, pid=187891
2026-05-22 15:42:47,038 | INFO | ForkProcess-360 | [CPU worker] inicio lote: experimentos=312500, dados=3, pid=187885
2026-05-22 15:42:47,041 | INFO | ForkProcess-367 | [CPU worker] inicio lote: experimentos=312500, dados=3, pid=187892
2026-05-22 15:42:47,042 | INFO | ForkProcess-368 | [CPU worker] inicio lote: experimentos=312500, dados=3, pid=187893
2026-05-22 15:42:48,144 | INFO | ForkProcess-365 | [CPU worker] fin lote: experimentos=312500, pid=187890
2026-05-22 15:42:48,160 | INFO | ForkProcess-361 | [CPU worker] fin lote: experimentos=312500, pid=187886
2026-05-22 15:42:48,197 | INFO | ForkProcess-356 | [CPU worker] fin lote: experimentos=312500, pid=187881
2026-05-22 15:42:48,201 | INFO | ForkProcess-354 | [CPU worker] fin lote: experimentos=312500, pid=187879
2026-05-22 15:42:48,220 | INFO | ForkProcess-363 | [CPU worker] fin lote: experimentos=312500, pid=187888
2026-05-22 15:42:48,222 | INFO | ForkProcess-360 | [CPU worker] fin lote: experimentos=312500, pid=187885
2026-05-22 15:42:48,229 | INFO | ForkProcess-367 | [CPU worker] fin lote: experimentos=312500, pid=187892
2026-05-22 15:42:48,255 | INFO | ForkProcess-355 | [CPU worker] fin lote: experimentos=312500, pid=187880
2026-05-22 15:42:48,259 | INFO | ForkProcess-362 | [CPU worker] fin lote: experimentos=312500, pid=187887
2026-05-22 15:42:48,262 | INFO | ForkProcess-353 | [CPU worker] fin lote: experimentos=312500, pid=187878
2026-05-22 15:42:48,264 | INFO | MainProcess | CPU paralelo progreso | trabajo=1/16
2026-05-22 15:42:48,264 | INFO | MainProcess | Progreso CPU (AMBAS) | 5625000/10000000 (56.25%)
2026-05-22 15:42:48,264 | INFO | MainProcess | CPU paralelo progreso | trabajo=3/16
2026-05-22 15:42:48,264 | INFO | MainProcess | Progreso CPU (AMBAS) | 6250000/10000000 (62.50%)
2026-05-22 15:42:48,275 | INFO | ForkProcess-358 | [CPU worker] fin lote: experimentos=312500, pid=187883
2026-05-22 15:42:48,287 | INFO | ForkProcess-364 | [CPU worker] fin lote: experimentos=312500, pid=187889
2026-05-22 15:42:48,315 | INFO | ForkProcess-366 | [CPU worker] fin lote: experimentos=312500, pid=187891
2026-05-22 15:42:48,318 | INFO | ForkProcess-359 | [CPU worker] fin lote: experimentos=312500, pid=187884
2026-05-22 15:42:48,352 | INFO | ForkProcess-357 | [CPU worker] fin lote: experimentos=312500, pid=187882
2026-05-22 15:42:48,354 | INFO | MainProcess | Progreso CPU (AMBAS) | 6562500/10000000 (65.62%)
2026-05-22 15:42:48,354 | INFO | MainProcess | CPU paralelo progreso | trabajo=6/16
2026-05-22 15:42:48,354 | INFO | MainProcess | Progreso CPU (AMBAS) | 7187500/10000000 (71.88%)
2026-05-22 15:42:48,354 | INFO | MainProcess | Progreso CPU (AMBAS) | 7500000/10000000 (75.00%)
2026-05-22 15:42:48,354 | INFO | MainProcess | CPU paralelo progreso | trabajo=9/16
2026-05-22 15:42:48,354 | INFO | MainProcess | Progreso CPU (AMBAS) | 8125000/10000000 (81.25%)
2026-05-22 15:42:48,355 | INFO | MainProcess | Progreso CPU (AMBAS) | 8750000/10000000 (87.50%)
2026-05-22 15:42:48,355 | INFO | MainProcess | CPU paralelo progreso | trabajo=12/16
2026-05-22 15:42:48,355 | INFO | MainProcess | Progreso CPU (AMBAS) | 9062500/10000000 (90.62%)
2026-05-22 15:42:48,355 | INFO | MainProcess | Progreso CPU (AMBAS) | 9687500/10000000 (96.88%)
2026-05-22 15:42:48,355 | INFO | MainProcess | CPU paralelo progreso | trabajo=15/16
2026-05-22 15:42:48,576 | INFO | ForkProcess-368 | [CPU worker] fin lote: experimentos=312500, pid=187893
2026-05-22 15:42:48,577 | INFO | MainProcess | Progreso CPU (AMBAS) | 10000000/10000000 (100.00%)
2026-05-22 15:42:48,577 | INFO | MainProcess | CPU paralelo progreso | trabajo=16/16
2026-05-22 15:43:12,620 | INFO | MainProcess | Lanzar N | N=10000000 | dados=4 | modo_solicitado=AMBAS | modo_real=AMBAS | trabajadores=16
2026-05-22 15:43:12,621 | INFO | MainProcess | GPU inicio | experimentos=5000000 | dados=4 | lote_max=120000
2026-05-22 15:43:12,621 | INFO | MainProcess | GPU lote inicio | lote=120000 | restante_antes=5000000
2026-05-22 15:43:12,758 | INFO | MainProcess | Progreso GPU (AMBAS) | 120000/10000000 (1.20%)
2026-05-22 15:43:12,758 | INFO | MainProcess | GPU progreso | lote=120000 | restante=4880000
2026-05-22 15:43:12,758 | INFO | MainProcess | GPU lote inicio | lote=120000 | restante_antes=4880000
2026-05-22 15:43:12,888 | INFO | MainProcess | GPU progreso | lote=120000 | restante=4760000
2026-05-22 15:43:12,889 | INFO | MainProcess | GPU lote inicio | lote=120000 | restante_antes=4760000
2026-05-22 15:43:13,010 | INFO | MainProcess | GPU progreso | lote=120000 | restante=4640000
2026-05-22 15:43:13,011 | INFO | MainProcess | GPU lote inicio | lote=120000 | restante_antes=4640000
2026-05-22 15:43:13,134 | INFO | MainProcess | GPU progreso | lote=120000 | restante=4520000
2026-05-22 15:43:13,134 | INFO | MainProcess | GPU lote inicio | lote=120000 | restante_antes=4520000
2026-05-22 15:43:13,257 | INFO | MainProcess | Progreso GPU (AMBAS) | 600000/10000000 (6.00%)
2026-05-22 15:43:13,257 | INFO | MainProcess | GPU progreso | lote=120000 | restante=4400000
2026-05-22 15:43:13,257 | INFO | MainProcess | GPU lote inicio | lote=120000 | restante_antes=4400000
2026-05-22 15:43:13,382 | INFO | MainProcess | GPU progreso | lote=120000 | restante=4280000
2026-05-22 15:43:13,382 | INFO | MainProcess | GPU lote inicio | lote=120000 | restante_antes=4280000
2026-05-22 15:43:13,505 | INFO | MainProcess | GPU progreso | lote=120000 | restante=4160000
2026-05-22 15:43:13,505 | INFO | MainProcess | GPU lote inicio | lote=120000 | restante_antes=4160000
2026-05-22 15:43:13,629 | INFO | MainProcess | GPU progreso | lote=120000 | restante=4040000
2026-05-22 15:43:13,629 | INFO | MainProcess | GPU lote inicio | lote=120000 | restante_antes=4040000
2026-05-22 15:43:13,752 | INFO | MainProcess | Progreso GPU (AMBAS) | 1080000/10000000 (10.80%)
2026-05-22 15:43:13,752 | INFO | MainProcess | GPU progreso | lote=120000 | restante=3920000
2026-05-22 15:43:13,752 | INFO | MainProcess | GPU lote inicio | lote=120000 | restante_antes=3920000
2026-05-22 15:43:13,876 | INFO | MainProcess | GPU progreso | lote=120000 | restante=3800000
2026-05-22 15:43:13,876 | INFO | MainProcess | GPU lote inicio | lote=120000 | restante_antes=3800000
2026-05-22 15:43:13,998 | INFO | MainProcess | GPU progreso | lote=120000 | restante=3680000
2026-05-22 15:43:13,998 | INFO | MainProcess | GPU lote inicio | lote=120000 | restante_antes=3680000
2026-05-22 15:43:14,122 | INFO | MainProcess | GPU progreso | lote=120000 | restante=3560000
2026-05-22 15:43:14,122 | INFO | MainProcess | GPU lote inicio | lote=120000 | restante_antes=3560000
2026-05-22 15:43:14,243 | INFO | MainProcess | Progreso GPU (AMBAS) | 1560000/10000000 (15.60%)
2026-05-22 15:43:14,243 | INFO | MainProcess | GPU progreso | lote=120000 | restante=3440000
2026-05-22 15:43:14,243 | INFO | MainProcess | GPU lote inicio | lote=120000 | restante_antes=3440000
2026-05-22 15:43:14,365 | INFO | MainProcess | GPU progreso | lote=120000 | restante=3320000
2026-05-22 15:43:14,365 | INFO | MainProcess | GPU lote inicio | lote=120000 | restante_antes=3320000
2026-05-22 15:43:14,487 | INFO | MainProcess | GPU progreso | lote=120000 | restante=3200000
2026-05-22 15:43:14,487 | INFO | MainProcess | GPU lote inicio | lote=120000 | restante_antes=3200000
2026-05-22 15:43:14,609 | INFO | MainProcess | GPU progreso | lote=120000 | restante=3080000
2026-05-22 15:43:14,609 | INFO | MainProcess | GPU lote inicio | lote=120000 | restante_antes=3080000
2026-05-22 15:43:14,732 | INFO | MainProcess | Progreso GPU (AMBAS) | 2040000/10000000 (20.40%)
2026-05-22 15:43:14,732 | INFO | MainProcess | GPU progreso | lote=120000 | restante=2960000
2026-05-22 15:43:14,732 | INFO | MainProcess | GPU lote inicio | lote=120000 | restante_antes=2960000
2026-05-22 15:43:14,853 | INFO | MainProcess | GPU progreso | lote=120000 | restante=2840000
2026-05-22 15:43:14,853 | INFO | MainProcess | GPU lote inicio | lote=120000 | restante_antes=2840000
2026-05-22 15:43:14,976 | INFO | MainProcess | GPU progreso | lote=120000 | restante=2720000
2026-05-22 15:43:14,976 | INFO | MainProcess | GPU lote inicio | lote=120000 | restante_antes=2720000
2026-05-22 15:43:15,099 | INFO | MainProcess | GPU progreso | lote=120000 | restante=2600000
2026-05-22 15:43:15,099 | INFO | MainProcess | GPU lote inicio | lote=120000 | restante_antes=2600000
2026-05-22 15:43:15,220 | INFO | MainProcess | Progreso GPU (AMBAS) | 2520000/10000000 (25.20%)
2026-05-22 15:43:15,220 | INFO | MainProcess | GPU progreso | lote=120000 | restante=2480000
2026-05-22 15:43:15,220 | INFO | MainProcess | GPU lote inicio | lote=120000 | restante_antes=2480000
2026-05-22 15:43:15,343 | INFO | MainProcess | GPU progreso | lote=120000 | restante=2360000
2026-05-22 15:43:15,343 | INFO | MainProcess | GPU lote inicio | lote=120000 | restante_antes=2360000
2026-05-22 15:43:15,469 | INFO | MainProcess | GPU progreso | lote=120000 | restante=2240000
2026-05-22 15:43:15,469 | INFO | MainProcess | GPU lote inicio | lote=120000 | restante_antes=2240000
2026-05-22 15:43:15,592 | INFO | MainProcess | GPU progreso | lote=120000 | restante=2120000
2026-05-22 15:43:15,592 | INFO | MainProcess | GPU lote inicio | lote=120000 | restante_antes=2120000
2026-05-22 15:43:15,712 | INFO | MainProcess | Progreso GPU (AMBAS) | 3000000/10000000 (30.00%)
2026-05-22 15:43:15,713 | INFO | MainProcess | GPU progreso | lote=120000 | restante=2000000
2026-05-22 15:43:15,713 | INFO | MainProcess | GPU lote inicio | lote=120000 | restante_antes=2000000
2026-05-22 15:43:15,834 | INFO | MainProcess | GPU progreso | lote=120000 | restante=1880000
2026-05-22 15:43:15,835 | INFO | MainProcess | GPU lote inicio | lote=120000 | restante_antes=1880000
2026-05-22 15:43:15,956 | INFO | MainProcess | GPU progreso | lote=120000 | restante=1760000
2026-05-22 15:43:15,956 | INFO | MainProcess | GPU lote inicio | lote=120000 | restante_antes=1760000
2026-05-22 15:43:16,077 | INFO | MainProcess | GPU progreso | lote=120000 | restante=1640000
2026-05-22 15:43:16,077 | INFO | MainProcess | GPU lote inicio | lote=120000 | restante_antes=1640000
2026-05-22 15:43:16,200 | INFO | MainProcess | GPU progreso | lote=120000 | restante=1520000
2026-05-22 15:43:16,200 | INFO | MainProcess | GPU lote inicio | lote=120000 | restante_antes=1520000
2026-05-22 15:43:16,324 | INFO | MainProcess | Progreso GPU (AMBAS) | 3600000/10000000 (36.00%)
2026-05-22 15:43:16,324 | INFO | MainProcess | GPU progreso | lote=120000 | restante=1400000
2026-05-22 15:43:16,324 | INFO | MainProcess | GPU lote inicio | lote=120000 | restante_antes=1400000
2026-05-22 15:43:16,447 | INFO | MainProcess | GPU progreso | lote=120000 | restante=1280000
2026-05-22 15:43:16,447 | INFO | MainProcess | GPU lote inicio | lote=120000 | restante_antes=1280000
2026-05-22 15:43:16,568 | INFO | MainProcess | GPU progreso | lote=120000 | restante=1160000
2026-05-22 15:43:16,569 | INFO | MainProcess | GPU lote inicio | lote=120000 | restante_antes=1160000
2026-05-22 15:43:16,691 | INFO | MainProcess | GPU progreso | lote=120000 | restante=1040000
2026-05-22 15:43:16,691 | INFO | MainProcess | GPU lote inicio | lote=120000 | restante_antes=1040000
2026-05-22 15:43:16,813 | INFO | MainProcess | Progreso GPU (AMBAS) | 4080000/10000000 (40.80%)
2026-05-22 15:43:16,813 | INFO | MainProcess | GPU progreso | lote=120000 | restante=920000
2026-05-22 15:43:16,813 | INFO | MainProcess | GPU lote inicio | lote=120000 | restante_antes=920000
2026-05-22 15:43:16,936 | INFO | MainProcess | GPU progreso | lote=120000 | restante=800000
2026-05-22 15:43:16,936 | INFO | MainProcess | GPU lote inicio | lote=120000 | restante_antes=800000
2026-05-22 15:43:17,057 | INFO | MainProcess | GPU progreso | lote=120000 | restante=680000
2026-05-22 15:43:17,057 | INFO | MainProcess | GPU lote inicio | lote=120000 | restante_antes=680000
2026-05-22 15:43:17,178 | INFO | MainProcess | GPU progreso | lote=120000 | restante=560000
2026-05-22 15:43:17,179 | INFO | MainProcess | GPU lote inicio | lote=120000 | restante_antes=560000
2026-05-22 15:43:17,301 | INFO | MainProcess | Progreso GPU (AMBAS) | 4560000/10000000 (45.60%)
2026-05-22 15:43:17,301 | INFO | MainProcess | GPU progreso | lote=120000 | restante=440000
2026-05-22 15:43:17,301 | INFO | MainProcess | GPU lote inicio | lote=120000 | restante_antes=440000
2026-05-22 15:43:17,424 | INFO | MainProcess | GPU progreso | lote=120000 | restante=320000
2026-05-22 15:43:17,424 | INFO | MainProcess | GPU lote inicio | lote=120000 | restante_antes=320000
2026-05-22 15:43:17,548 | INFO | MainProcess | GPU progreso | lote=120000 | restante=200000
2026-05-22 15:43:17,549 | INFO | MainProcess | GPU lote inicio | lote=120000 | restante_antes=200000
2026-05-22 15:43:17,670 | INFO | MainProcess | GPU progreso | lote=120000 | restante=80000
2026-05-22 15:43:17,671 | INFO | MainProcess | GPU lote inicio | lote=80000 | restante_antes=80000
2026-05-22 15:43:17,752 | INFO | MainProcess | Progreso GPU (AMBAS) | 5000000/10000000 (50.00%)
2026-05-22 15:43:17,752 | INFO | MainProcess | GPU progreso | lote=80000 | restante=0
2026-05-22 15:43:17,752 | INFO | MainProcess | GPU fin | experimentos=5000000
2026-05-22 15:43:17,752 | INFO | MainProcess | Generar masivos | experimentos=5000000 | dados=4 | trabajadores=16
2026-05-22 15:43:17,816 | INFO | ForkProcess-369 | [CPU worker] inicio lote: experimentos=312500, dados=4, pid=188508
2026-05-22 15:43:17,817 | INFO | ForkProcess-373 | [CPU worker] inicio lote: experimentos=312500, dados=4, pid=188512
2026-05-22 15:43:17,816 | INFO | ForkProcess-370 | [CPU worker] inicio lote: experimentos=312500, dados=4, pid=188509
2026-05-22 15:43:17,817 | INFO | ForkProcess-374 | [CPU worker] inicio lote: experimentos=312500, dados=4, pid=188513
2026-05-22 15:43:17,817 | INFO | ForkProcess-371 | [CPU worker] inicio lote: experimentos=312500, dados=4, pid=188510
2026-05-22 15:43:17,817 | INFO | ForkProcess-375 | [CPU worker] inicio lote: experimentos=312500, dados=4, pid=188514
2026-05-22 15:43:17,817 | INFO | ForkProcess-372 | [CPU worker] inicio lote: experimentos=312500, dados=4, pid=188511
2026-05-22 15:43:17,817 | INFO | ForkProcess-376 | [CPU worker] inicio lote: experimentos=312500, dados=4, pid=188515
2026-05-22 15:43:17,817 | INFO | ForkProcess-378 | [CPU worker] inicio lote: experimentos=312500, dados=4, pid=188517
2026-05-22 15:43:17,817 | INFO | ForkProcess-377 | [CPU worker] inicio lote: experimentos=312500, dados=4, pid=188516
2026-05-22 15:43:17,818 | INFO | ForkProcess-379 | [CPU worker] inicio lote: experimentos=312500, dados=4, pid=188518
2026-05-22 15:43:17,818 | INFO | ForkProcess-381 | [CPU worker] inicio lote: experimentos=312500, dados=4, pid=188520
2026-05-22 15:43:17,818 | INFO | ForkProcess-382 | [CPU worker] inicio lote: experimentos=312500, dados=4, pid=188521
2026-05-22 15:43:17,818 | INFO | ForkProcess-380 | [CPU worker] inicio lote: experimentos=312500, dados=4, pid=188519
2026-05-22 15:43:17,818 | INFO | ForkProcess-384 | [CPU worker] inicio lote: experimentos=312500, dados=4, pid=188523
2026-05-22 15:43:17,818 | INFO | ForkProcess-383 | [CPU worker] inicio lote: experimentos=312500, dados=4, pid=188522
2026-05-22 15:43:19,247 | INFO | ForkProcess-372 | [CPU worker] fin lote: experimentos=312500, pid=188511
2026-05-22 15:43:19,271 | INFO | ForkProcess-377 | [CPU worker] fin lote: experimentos=312500, pid=188516
2026-05-22 15:43:19,273 | INFO | ForkProcess-369 | [CPU worker] fin lote: experimentos=312500, pid=188508
2026-05-22 15:43:19,274 | INFO | MainProcess | CPU paralelo progreso | trabajo=1/16
2026-05-22 15:43:19,275 | INFO | ForkProcess-375 | [CPU worker] fin lote: experimentos=312500, pid=188514
2026-05-22 15:43:19,277 | INFO | ForkProcess-378 | [CPU worker] fin lote: experimentos=312500, pid=188517
2026-05-22 15:43:19,280 | INFO | ForkProcess-373 | [CPU worker] fin lote: experimentos=312500, pid=188512
2026-05-22 15:43:19,286 | INFO | ForkProcess-382 | [CPU worker] fin lote: experimentos=312500, pid=188521
2026-05-22 15:43:19,286 | INFO | ForkProcess-384 | [CPU worker] fin lote: experimentos=312500, pid=188523
2026-05-22 15:43:19,288 | INFO | ForkProcess-374 | [CPU worker] fin lote: experimentos=312500, pid=188513
2026-05-22 15:43:19,291 | INFO | ForkProcess-379 | [CPU worker] fin lote: experimentos=312500, pid=188518
2026-05-22 15:43:19,294 | INFO | ForkProcess-380 | [CPU worker] fin lote: experimentos=312500, pid=188519
2026-05-22 15:43:19,298 | INFO | ForkProcess-381 | [CPU worker] fin lote: experimentos=312500, pid=188520
2026-05-22 15:43:19,309 | INFO | ForkProcess-371 | [CPU worker] fin lote: experimentos=312500, pid=188510
2026-05-22 15:43:19,315 | INFO | ForkProcess-370 | [CPU worker] fin lote: experimentos=312500, pid=188509
2026-05-22 15:43:19,317 | INFO | MainProcess | Progreso CPU (AMBAS) | 5625000/10000000 (56.25%)
2026-05-22 15:43:19,317 | INFO | MainProcess | CPU paralelo progreso | trabajo=3/16
2026-05-22 15:43:19,317 | INFO | MainProcess | Progreso CPU (AMBAS) | 6250000/10000000 (62.50%)
2026-05-22 15:43:19,318 | INFO | MainProcess | Progreso CPU (AMBAS) | 6562500/10000000 (65.62%)
2026-05-22 15:43:19,318 | INFO | MainProcess | CPU paralelo progreso | trabajo=6/16
2026-05-22 15:43:19,318 | INFO | MainProcess | Progreso CPU (AMBAS) | 7187500/10000000 (71.88%)
2026-05-22 15:43:19,388 | INFO | ForkProcess-383 | [CPU worker] fin lote: experimentos=312500, pid=188522
2026-05-22 15:43:19,399 | INFO | ForkProcess-376 | [CPU worker] fin lote: experimentos=312500, pid=188515
2026-05-22 15:43:19,401 | INFO | MainProcess | Progreso CPU (AMBAS) | 7500000/10000000 (75.00%)
2026-05-22 15:43:19,401 | INFO | MainProcess | CPU paralelo progreso | trabajo=9/16
2026-05-22 15:43:19,402 | INFO | MainProcess | Progreso CPU (AMBAS) | 8125000/10000000 (81.25%)
2026-05-22 15:43:19,402 | INFO | MainProcess | Progreso CPU (AMBAS) | 8750000/10000000 (87.50%)
2026-05-22 15:43:19,403 | INFO | MainProcess | CPU paralelo progreso | trabajo=12/16
2026-05-22 15:43:19,403 | INFO | MainProcess | Progreso CPU (AMBAS) | 9062500/10000000 (90.62%)
2026-05-22 15:43:19,403 | INFO | MainProcess | Progreso CPU (AMBAS) | 9687500/10000000 (96.88%)
2026-05-22 15:43:19,403 | INFO | MainProcess | CPU paralelo progreso | trabajo=15/16
2026-05-22 15:43:19,404 | INFO | MainProcess | Progreso CPU (AMBAS) | 10000000/10000000 (100.00%)
2026-05-22 15:43:19,404 | INFO | MainProcess | CPU paralelo progreso | trabajo=16/16
2026-05-22 15:44:59,791 | INFO | MainProcess | Lanzar N | N=10000000 | dados=6 | modo_solicitado=AMBAS | modo_real=AMBAS | trabajadores=16
2026-05-22 15:44:59,792 | INFO | MainProcess | GPU inicio | experimentos=5000000 | dados=6 | lote_max=120000
2026-05-22 15:44:59,792 | INFO | MainProcess | GPU lote inicio | lote=120000 | restante_antes=5000000
2026-05-22 15:44:59,982 | INFO | MainProcess | Progreso GPU (AMBAS) | 120000/10000000 (1.20%)
2026-05-22 15:44:59,982 | INFO | MainProcess | GPU progreso | lote=120000 | restante=4880000
2026-05-22 15:44:59,983 | INFO | MainProcess | GPU lote inicio | lote=120000 | restante_antes=4880000
2026-05-22 15:45:00,171 | INFO | MainProcess | GPU progreso | lote=120000 | restante=4760000
2026-05-22 15:45:00,171 | INFO | MainProcess | GPU lote inicio | lote=120000 | restante_antes=4760000
2026-05-22 15:45:00,352 | INFO | MainProcess | GPU progreso | lote=120000 | restante=4640000
2026-05-22 15:45:00,352 | INFO | MainProcess | GPU lote inicio | lote=120000 | restante_antes=4640000
2026-05-22 15:45:00,536 | INFO | MainProcess | GPU progreso | lote=120000 | restante=4520000
2026-05-22 15:45:00,536 | INFO | MainProcess | GPU lote inicio | lote=120000 | restante_antes=4520000
2026-05-22 15:45:00,716 | INFO | MainProcess | Progreso GPU (AMBAS) | 600000/10000000 (6.00%)
2026-05-22 15:45:00,717 | INFO | MainProcess | GPU progreso | lote=120000 | restante=4400000
2026-05-22 15:45:00,717 | INFO | MainProcess | GPU lote inicio | lote=120000 | restante_antes=4400000
2026-05-22 15:45:00,900 | INFO | MainProcess | GPU progreso | lote=120000 | restante=4280000
2026-05-22 15:45:00,901 | INFO | MainProcess | GPU lote inicio | lote=120000 | restante_antes=4280000
2026-05-22 15:45:01,084 | INFO | MainProcess | GPU progreso | lote=120000 | restante=4160000
2026-05-22 15:45:01,084 | INFO | MainProcess | GPU lote inicio | lote=120000 | restante_antes=4160000
2026-05-22 15:45:01,265 | INFO | MainProcess | GPU progreso | lote=120000 | restante=4040000
2026-05-22 15:45:01,265 | INFO | MainProcess | GPU lote inicio | lote=120000 | restante_antes=4040000
2026-05-22 15:45:01,453 | INFO | MainProcess | Progreso GPU (AMBAS) | 1080000/10000000 (10.80%)
2026-05-22 15:45:01,453 | INFO | MainProcess | GPU progreso | lote=120000 | restante=3920000
2026-05-22 15:45:01,453 | INFO | MainProcess | GPU lote inicio | lote=120000 | restante_antes=3920000
2026-05-22 15:45:01,637 | INFO | MainProcess | GPU progreso | lote=120000 | restante=3800000
2026-05-22 15:45:01,638 | INFO | MainProcess | GPU lote inicio | lote=120000 | restante_antes=3800000
2026-05-22 15:45:01,823 | INFO | MainProcess | GPU progreso | lote=120000 | restante=3680000
2026-05-22 15:45:01,823 | INFO | MainProcess | GPU lote inicio | lote=120000 | restante_antes=3680000
2026-05-22 15:45:02,003 | INFO | MainProcess | GPU progreso | lote=120000 | restante=3560000
2026-05-22 15:45:02,004 | INFO | MainProcess | GPU lote inicio | lote=120000 | restante_antes=3560000
2026-05-22 15:45:02,185 | INFO | MainProcess | Progreso GPU (AMBAS) | 1560000/10000000 (15.60%)
2026-05-22 15:45:02,185 | INFO | MainProcess | GPU progreso | lote=120000 | restante=3440000
2026-05-22 15:45:02,186 | INFO | MainProcess | GPU lote inicio | lote=120000 | restante_antes=3440000
2026-05-22 15:45:02,366 | INFO | MainProcess | GPU progreso | lote=120000 | restante=3320000
2026-05-22 15:45:02,367 | INFO | MainProcess | GPU lote inicio | lote=120000 | restante_antes=3320000
2026-05-22 15:45:02,546 | INFO | MainProcess | GPU progreso | lote=120000 | restante=3200000
2026-05-22 15:45:02,546 | INFO | MainProcess | GPU lote inicio | lote=120000 | restante_antes=3200000
2026-05-22 15:45:02,735 | INFO | MainProcess | GPU progreso | lote=120000 | restante=3080000
2026-05-22 15:45:02,736 | INFO | MainProcess | GPU lote inicio | lote=120000 | restante_antes=3080000
2026-05-22 15:45:02,923 | INFO | MainProcess | Progreso GPU (AMBAS) | 2040000/10000000 (20.40%)
2026-05-22 15:45:02,923 | INFO | MainProcess | GPU progreso | lote=120000 | restante=2960000
2026-05-22 15:45:02,923 | INFO | MainProcess | GPU lote inicio | lote=120000 | restante_antes=2960000
2026-05-22 15:45:03,107 | INFO | MainProcess | GPU progreso | lote=120000 | restante=2840000
2026-05-22 15:45:03,107 | INFO | MainProcess | GPU lote inicio | lote=120000 | restante_antes=2840000
2026-05-22 15:45:03,290 | INFO | MainProcess | GPU progreso | lote=120000 | restante=2720000
2026-05-22 15:45:03,290 | INFO | MainProcess | GPU lote inicio | lote=120000 | restante_antes=2720000
2026-05-22 15:45:03,474 | INFO | MainProcess | GPU progreso | lote=120000 | restante=2600000
2026-05-22 15:45:03,474 | INFO | MainProcess | GPU lote inicio | lote=120000 | restante_antes=2600000
2026-05-22 15:45:03,666 | INFO | MainProcess | Progreso GPU (AMBAS) | 2520000/10000000 (25.20%)
2026-05-22 15:45:03,666 | INFO | MainProcess | GPU progreso | lote=120000 | restante=2480000
2026-05-22 15:45:03,667 | INFO | MainProcess | GPU lote inicio | lote=120000 | restante_antes=2480000
2026-05-22 15:45:03,851 | INFO | MainProcess | GPU progreso | lote=120000 | restante=2360000
2026-05-22 15:45:03,851 | INFO | MainProcess | GPU lote inicio | lote=120000 | restante_antes=2360000
2026-05-22 15:45:04,034 | INFO | MainProcess | GPU progreso | lote=120000 | restante=2240000
2026-05-22 15:45:04,035 | INFO | MainProcess | GPU lote inicio | lote=120000 | restante_antes=2240000
2026-05-22 15:45:04,215 | INFO | MainProcess | GPU progreso | lote=120000 | restante=2120000
2026-05-22 15:45:04,215 | INFO | MainProcess | GPU lote inicio | lote=120000 | restante_antes=2120000
2026-05-22 15:45:04,396 | INFO | MainProcess | Progreso GPU (AMBAS) | 3000000/10000000 (30.00%)
2026-05-22 15:45:04,397 | INFO | MainProcess | GPU progreso | lote=120000 | restante=2000000
2026-05-22 15:45:04,397 | INFO | MainProcess | GPU lote inicio | lote=120000 | restante_antes=2000000
2026-05-22 15:45:04,577 | INFO | MainProcess | GPU progreso | lote=120000 | restante=1880000
2026-05-22 15:45:04,577 | INFO | MainProcess | GPU lote inicio | lote=120000 | restante_antes=1880000
2026-05-22 15:45:04,761 | INFO | MainProcess | GPU progreso | lote=120000 | restante=1760000
2026-05-22 15:45:04,762 | INFO | MainProcess | GPU lote inicio | lote=120000 | restante_antes=1760000
2026-05-22 15:45:04,949 | INFO | MainProcess | GPU progreso | lote=120000 | restante=1640000
2026-05-22 15:45:04,950 | INFO | MainProcess | GPU lote inicio | lote=120000 | restante_antes=1640000
2026-05-22 15:45:05,142 | INFO | MainProcess | GPU progreso | lote=120000 | restante=1520000
2026-05-22 15:45:05,142 | INFO | MainProcess | GPU lote inicio | lote=120000 | restante_antes=1520000
2026-05-22 15:45:05,328 | INFO | MainProcess | Progreso GPU (AMBAS) | 3600000/10000000 (36.00%)
2026-05-22 15:45:05,328 | INFO | MainProcess | GPU progreso | lote=120000 | restante=1400000
2026-05-22 15:45:05,328 | INFO | MainProcess | GPU lote inicio | lote=120000 | restante_antes=1400000
2026-05-22 15:45:05,516 | INFO | MainProcess | GPU progreso | lote=120000 | restante=1280000
2026-05-22 15:45:05,517 | INFO | MainProcess | GPU lote inicio | lote=120000 | restante_antes=1280000
2026-05-22 15:45:05,713 | INFO | MainProcess | GPU progreso | lote=120000 | restante=1160000
2026-05-22 15:45:05,713 | INFO | MainProcess | GPU lote inicio | lote=120000 | restante_antes=1160000
2026-05-22 15:45:05,906 | INFO | MainProcess | GPU progreso | lote=120000 | restante=1040000
2026-05-22 15:45:05,907 | INFO | MainProcess | GPU lote inicio | lote=120000 | restante_antes=1040000
2026-05-22 15:45:06,095 | INFO | MainProcess | Progreso GPU (AMBAS) | 4080000/10000000 (40.80%)
2026-05-22 15:45:06,095 | INFO | MainProcess | GPU progreso | lote=120000 | restante=920000
2026-05-22 15:45:06,095 | INFO | MainProcess | GPU lote inicio | lote=120000 | restante_antes=920000
2026-05-22 15:45:06,285 | INFO | MainProcess | GPU progreso | lote=120000 | restante=800000
2026-05-22 15:45:06,285 | INFO | MainProcess | GPU lote inicio | lote=120000 | restante_antes=800000
2026-05-22 15:45:06,474 | INFO | MainProcess | GPU progreso | lote=120000 | restante=680000
2026-05-22 15:45:06,474 | INFO | MainProcess | GPU lote inicio | lote=120000 | restante_antes=680000
2026-05-22 15:45:06,664 | INFO | MainProcess | GPU progreso | lote=120000 | restante=560000
2026-05-22 15:45:06,664 | INFO | MainProcess | GPU lote inicio | lote=120000 | restante_antes=560000
2026-05-22 15:45:06,850 | INFO | MainProcess | Progreso GPU (AMBAS) | 4560000/10000000 (45.60%)
2026-05-22 15:45:06,851 | INFO | MainProcess | GPU progreso | lote=120000 | restante=440000
2026-05-22 15:45:06,851 | INFO | MainProcess | GPU lote inicio | lote=120000 | restante_antes=440000
2026-05-22 15:45:07,041 | INFO | MainProcess | GPU progreso | lote=120000 | restante=320000
2026-05-22 15:45:07,041 | INFO | MainProcess | GPU lote inicio | lote=120000 | restante_antes=320000
2026-05-22 15:45:07,229 | INFO | MainProcess | GPU progreso | lote=120000 | restante=200000
2026-05-22 15:45:07,229 | INFO | MainProcess | GPU lote inicio | lote=120000 | restante_antes=200000
2026-05-22 15:45:07,419 | INFO | MainProcess | GPU progreso | lote=120000 | restante=80000
2026-05-22 15:45:07,419 | INFO | MainProcess | GPU lote inicio | lote=80000 | restante_antes=80000
2026-05-22 15:45:07,545 | INFO | MainProcess | Progreso GPU (AMBAS) | 5000000/10000000 (50.00%)
2026-05-22 15:45:07,545 | INFO | MainProcess | GPU progreso | lote=80000 | restante=0
2026-05-22 15:45:07,545 | INFO | MainProcess | GPU fin | experimentos=5000000
2026-05-22 15:45:07,546 | INFO | MainProcess | Generar masivos | experimentos=5000000 | dados=6 | trabajadores=16
2026-05-22 15:45:07,626 | INFO | ForkProcess-385 | [CPU worker] inicio lote: experimentos=312500, dados=6, pid=190711
2026-05-22 15:45:07,627 | INFO | ForkProcess-386 | [CPU worker] inicio lote: experimentos=312500, dados=6, pid=190712
2026-05-22 15:45:07,627 | INFO | ForkProcess-387 | [CPU worker] inicio lote: experimentos=312500, dados=6, pid=190713
2026-05-22 15:45:07,627 | INFO | ForkProcess-389 | [CPU worker] inicio lote: experimentos=312500, dados=6, pid=190715
2026-05-22 15:45:07,627 | INFO | ForkProcess-390 | [CPU worker] inicio lote: experimentos=312500, dados=6, pid=190716
2026-05-22 15:45:07,627 | INFO | ForkProcess-391 | [CPU worker] inicio lote: experimentos=312500, dados=6, pid=190717
2026-05-22 15:45:07,627 | INFO | ForkProcess-394 | [CPU worker] inicio lote: experimentos=312500, dados=6, pid=190720
2026-05-22 15:45:07,627 | INFO | ForkProcess-393 | [CPU worker] inicio lote: experimentos=312500, dados=6, pid=190719
2026-05-22 15:45:07,628 | INFO | ForkProcess-396 | [CPU worker] inicio lote: experimentos=312500, dados=6, pid=190722
2026-05-22 15:45:07,628 | INFO | ForkProcess-397 | [CPU worker] inicio lote: experimentos=312500, dados=6, pid=190723
2026-05-22 15:45:07,627 | INFO | ForkProcess-392 | [CPU worker] inicio lote: experimentos=312500, dados=6, pid=190718
2026-05-22 15:45:07,627 | INFO | ForkProcess-388 | [CPU worker] inicio lote: experimentos=312500, dados=6, pid=190714
2026-05-22 15:45:07,628 | INFO | ForkProcess-395 | [CPU worker] inicio lote: experimentos=312500, dados=6, pid=190721
2026-05-22 15:45:07,631 | INFO | ForkProcess-398 | [CPU worker] inicio lote: experimentos=312500, dados=6, pid=190724
2026-05-22 15:45:07,631 | INFO | ForkProcess-399 | [CPU worker] inicio lote: experimentos=312500, dados=6, pid=190725
2026-05-22 15:45:07,632 | INFO | ForkProcess-400 | [CPU worker] inicio lote: experimentos=312500, dados=6, pid=190726
2026-05-22 15:45:09,723 | INFO | ForkProcess-390 | [CPU worker] fin lote: experimentos=312500, pid=190716
2026-05-22 15:45:09,732 | INFO | ForkProcess-389 | [CPU worker] fin lote: experimentos=312500, pid=190715
2026-05-22 15:45:09,736 | INFO | ForkProcess-385 | [CPU worker] fin lote: experimentos=312500, pid=190711
2026-05-22 15:45:09,745 | INFO | ForkProcess-396 | [CPU worker] fin lote: experimentos=312500, pid=190722
2026-05-22 15:45:09,766 | INFO | ForkProcess-388 | [CPU worker] fin lote: experimentos=312500, pid=190714
2026-05-22 15:45:09,779 | INFO | ForkProcess-394 | [CPU worker] fin lote: experimentos=312500, pid=190720
2026-05-22 15:45:09,792 | INFO | ForkProcess-397 | [CPU worker] fin lote: experimentos=312500, pid=190723
2026-05-22 15:45:09,797 | INFO | ForkProcess-392 | [CPU worker] fin lote: experimentos=312500, pid=190718
2026-05-22 15:45:09,797 | INFO | ForkProcess-399 | [CPU worker] fin lote: experimentos=312500, pid=190725
2026-05-22 15:45:09,810 | INFO | ForkProcess-398 | [CPU worker] fin lote: experimentos=312500, pid=190724
2026-05-22 15:45:09,821 | INFO | ForkProcess-386 | [CPU worker] fin lote: experimentos=312500, pid=190712
2026-05-22 15:45:09,825 | INFO | ForkProcess-395 | [CPU worker] fin lote: experimentos=312500, pid=190721
2026-05-22 15:45:09,829 | INFO | MainProcess | CPU paralelo progreso | trabajo=1/16
2026-05-22 15:45:09,832 | INFO | ForkProcess-387 | [CPU worker] fin lote: experimentos=312500, pid=190713
2026-05-22 15:45:09,856 | INFO | ForkProcess-400 | [CPU worker] fin lote: experimentos=312500, pid=190726
2026-05-22 15:45:09,909 | INFO | MainProcess | Progreso CPU (AMBAS) | 5625000/10000000 (56.25%)
2026-05-22 15:45:09,934 | INFO | ForkProcess-391 | [CPU worker] fin lote: experimentos=312500, pid=190717
2026-05-22 15:45:09,936 | INFO | ForkProcess-393 | [CPU worker] fin lote: experimentos=312500, pid=190719
2026-05-22 15:45:09,942 | INFO | MainProcess | CPU paralelo progreso | trabajo=3/16
2026-05-22 15:45:09,956 | INFO | MainProcess | Progreso CPU (AMBAS) | 6250000/10000000 (62.50%)
2026-05-22 15:45:09,974 | INFO | MainProcess | Progreso CPU (AMBAS) | 6562500/10000000 (65.62%)
2026-05-22 15:45:09,990 | INFO | MainProcess | CPU paralelo progreso | trabajo=6/16
2026-05-22 15:45:10,011 | INFO | MainProcess | Progreso CPU (AMBAS) | 7187500/10000000 (71.88%)
2026-05-22 15:45:10,023 | INFO | MainProcess | Progreso CPU (AMBAS) | 7500000/10000000 (75.00%)
2026-05-22 15:45:10,044 | INFO | MainProcess | CPU paralelo progreso | trabajo=9/16
2026-05-22 15:45:10,056 | INFO | MainProcess | Progreso CPU (AMBAS) | 8125000/10000000 (81.25%)
2026-05-22 15:45:10,077 | INFO | MainProcess | Progreso CPU (AMBAS) | 8750000/10000000 (87.50%)
2026-05-22 15:45:10,077 | INFO | MainProcess | CPU paralelo progreso | trabajo=12/16
2026-05-22 15:45:10,088 | INFO | MainProcess | Progreso CPU (AMBAS) | 9062500/10000000 (90.62%)
2026-05-22 15:45:10,112 | INFO | MainProcess | Progreso CPU (AMBAS) | 9687500/10000000 (96.88%)
2026-05-22 15:45:10,112 | INFO | MainProcess | CPU paralelo progreso | trabajo=15/16
2026-05-22 15:45:10,124 | INFO | MainProcess | Progreso CPU (AMBAS) | 10000000/10000000 (100.00%)
2026-05-22 15:45:10,124 | INFO | MainProcess | CPU paralelo progreso | trabajo=16/16
2026-05-22 15:48:37,843 | INFO | MainProcess | Lanzar N | N=10000000 | dados=6 | modo_solicitado=AMBAS | modo_real=AMBAS | trabajadores=16
2026-05-22 15:48:37,844 | INFO | MainProcess | GPU inicio | experimentos=5000000 | dados=6 | lote_max=120000
2026-05-22 15:48:37,844 | INFO | MainProcess | GPU lote inicio | lote=120000 | restante_antes=5000000
2026-05-22 15:48:38,057 | INFO | MainProcess | Progreso GPU (AMBAS) | 120000/10000000 (1.20%)
2026-05-22 15:48:38,057 | INFO | MainProcess | GPU progreso | lote=120000 | restante=4880000
2026-05-22 15:48:38,057 | INFO | MainProcess | GPU lote inicio | lote=120000 | restante_antes=4880000
2026-05-22 15:48:38,248 | INFO | MainProcess | GPU progreso | lote=120000 | restante=4760000
2026-05-22 15:48:38,248 | INFO | MainProcess | GPU lote inicio | lote=120000 | restante_antes=4760000
2026-05-22 15:48:38,442 | INFO | MainProcess | GPU progreso | lote=120000 | restante=4640000
2026-05-22 15:48:38,442 | INFO | MainProcess | GPU lote inicio | lote=120000 | restante_antes=4640000
2026-05-22 15:48:38,638 | INFO | MainProcess | GPU progreso | lote=120000 | restante=4520000
2026-05-22 15:48:38,638 | INFO | MainProcess | GPU lote inicio | lote=120000 | restante_antes=4520000
2026-05-22 15:48:38,833 | INFO | MainProcess | Progreso GPU (AMBAS) | 600000/10000000 (6.00%)
2026-05-22 15:48:38,834 | INFO | MainProcess | GPU progreso | lote=120000 | restante=4400000
2026-05-22 15:48:38,834 | INFO | MainProcess | GPU lote inicio | lote=120000 | restante_antes=4400000
2026-05-22 15:48:39,033 | INFO | MainProcess | GPU progreso | lote=120000 | restante=4280000
2026-05-22 15:48:39,033 | INFO | MainProcess | GPU lote inicio | lote=120000 | restante_antes=4280000
2026-05-22 15:48:39,226 | INFO | MainProcess | GPU progreso | lote=120000 | restante=4160000
2026-05-22 15:48:39,226 | INFO | MainProcess | GPU lote inicio | lote=120000 | restante_antes=4160000
2026-05-22 15:48:39,422 | INFO | MainProcess | GPU progreso | lote=120000 | restante=4040000
2026-05-22 15:48:39,422 | INFO | MainProcess | GPU lote inicio | lote=120000 | restante_antes=4040000
2026-05-22 15:48:39,614 | INFO | MainProcess | Progreso GPU (AMBAS) | 1080000/10000000 (10.80%)
2026-05-22 15:48:39,614 | INFO | MainProcess | GPU progreso | lote=120000 | restante=3920000
2026-05-22 15:48:39,614 | INFO | MainProcess | GPU lote inicio | lote=120000 | restante_antes=3920000
2026-05-22 15:48:39,804 | INFO | MainProcess | GPU progreso | lote=120000 | restante=3800000
2026-05-22 15:48:39,805 | INFO | MainProcess | GPU lote inicio | lote=120000 | restante_antes=3800000
2026-05-22 15:48:39,997 | INFO | MainProcess | GPU progreso | lote=120000 | restante=3680000
2026-05-22 15:48:39,997 | INFO | MainProcess | GPU lote inicio | lote=120000 | restante_antes=3680000
2026-05-22 15:48:40,189 | INFO | MainProcess | GPU progreso | lote=120000 | restante=3560000
2026-05-22 15:48:40,189 | INFO | MainProcess | GPU lote inicio | lote=120000 | restante_antes=3560000
2026-05-22 15:48:40,374 | INFO | MainProcess | Progreso GPU (AMBAS) | 1560000/10000000 (15.60%)
2026-05-22 15:48:40,374 | INFO | MainProcess | GPU progreso | lote=120000 | restante=3440000
2026-05-22 15:48:40,374 | INFO | MainProcess | GPU lote inicio | lote=120000 | restante_antes=3440000
2026-05-22 15:48:40,562 | INFO | MainProcess | GPU progreso | lote=120000 | restante=3320000
2026-05-22 15:48:40,562 | INFO | MainProcess | GPU lote inicio | lote=120000 | restante_antes=3320000
2026-05-22 15:48:40,747 | INFO | MainProcess | GPU progreso | lote=120000 | restante=3200000
2026-05-22 15:48:40,748 | INFO | MainProcess | GPU lote inicio | lote=120000 | restante_antes=3200000
2026-05-22 15:48:40,933 | INFO | MainProcess | GPU progreso | lote=120000 | restante=3080000
2026-05-22 15:48:40,933 | INFO | MainProcess | GPU lote inicio | lote=120000 | restante_antes=3080000
2026-05-22 15:48:41,123 | INFO | MainProcess | Progreso GPU (AMBAS) | 2040000/10000000 (20.40%)
2026-05-22 15:48:41,123 | INFO | MainProcess | GPU progreso | lote=120000 | restante=2960000
2026-05-22 15:48:41,123 | INFO | MainProcess | GPU lote inicio | lote=120000 | restante_antes=2960000
2026-05-22 15:48:41,306 | INFO | MainProcess | GPU progreso | lote=120000 | restante=2840000
2026-05-22 15:48:41,306 | INFO | MainProcess | GPU lote inicio | lote=120000 | restante_antes=2840000
2026-05-22 15:48:41,491 | INFO | MainProcess | GPU progreso | lote=120000 | restante=2720000
2026-05-22 15:48:41,491 | INFO | MainProcess | GPU lote inicio | lote=120000 | restante_antes=2720000
2026-05-22 15:48:41,675 | INFO | MainProcess | GPU progreso | lote=120000 | restante=2600000
2026-05-22 15:48:41,675 | INFO | MainProcess | GPU lote inicio | lote=120000 | restante_antes=2600000
2026-05-22 15:48:41,862 | INFO | MainProcess | Progreso GPU (AMBAS) | 2520000/10000000 (25.20%)
2026-05-22 15:48:41,862 | INFO | MainProcess | GPU progreso | lote=120000 | restante=2480000
2026-05-22 15:48:41,862 | INFO | MainProcess | GPU lote inicio | lote=120000 | restante_antes=2480000
2026-05-22 15:48:42,048 | INFO | MainProcess | GPU progreso | lote=120000 | restante=2360000
2026-05-22 15:48:42,049 | INFO | MainProcess | GPU lote inicio | lote=120000 | restante_antes=2360000
2026-05-22 15:48:42,234 | INFO | MainProcess | GPU progreso | lote=120000 | restante=2240000
2026-05-22 15:48:42,234 | INFO | MainProcess | GPU lote inicio | lote=120000 | restante_antes=2240000
2026-05-22 15:48:42,421 | INFO | MainProcess | GPU progreso | lote=120000 | restante=2120000
2026-05-22 15:48:42,421 | INFO | MainProcess | GPU lote inicio | lote=120000 | restante_antes=2120000
2026-05-22 15:48:42,608 | INFO | MainProcess | Progreso GPU (AMBAS) | 3000000/10000000 (30.00%)
2026-05-22 15:48:42,608 | INFO | MainProcess | GPU progreso | lote=120000 | restante=2000000
2026-05-22 15:48:42,608 | INFO | MainProcess | GPU lote inicio | lote=120000 | restante_antes=2000000
2026-05-22 15:48:42,802 | INFO | MainProcess | GPU progreso | lote=120000 | restante=1880000
2026-05-22 15:48:42,803 | INFO | MainProcess | GPU lote inicio | lote=120000 | restante_antes=1880000
2026-05-22 15:48:42,991 | INFO | MainProcess | GPU progreso | lote=120000 | restante=1760000
2026-05-22 15:48:42,991 | INFO | MainProcess | GPU lote inicio | lote=120000 | restante_antes=1760000
2026-05-22 15:48:43,195 | INFO | MainProcess | GPU progreso | lote=120000 | restante=1640000
2026-05-22 15:48:43,196 | INFO | MainProcess | GPU lote inicio | lote=120000 | restante_antes=1640000
2026-05-22 15:48:43,384 | INFO | MainProcess | GPU progreso | lote=120000 | restante=1520000
2026-05-22 15:48:43,384 | INFO | MainProcess | GPU lote inicio | lote=120000 | restante_antes=1520000
2026-05-22 15:48:43,572 | INFO | MainProcess | Progreso GPU (AMBAS) | 3600000/10000000 (36.00%)
2026-05-22 15:48:43,572 | INFO | MainProcess | GPU progreso | lote=120000 | restante=1400000
2026-05-22 15:48:43,572 | INFO | MainProcess | GPU lote inicio | lote=120000 | restante_antes=1400000
2026-05-22 15:48:43,762 | INFO | MainProcess | GPU progreso | lote=120000 | restante=1280000
2026-05-22 15:48:43,762 | INFO | MainProcess | GPU lote inicio | lote=120000 | restante_antes=1280000
2026-05-22 15:48:43,952 | INFO | MainProcess | GPU progreso | lote=120000 | restante=1160000
2026-05-22 15:48:43,952 | INFO | MainProcess | GPU lote inicio | lote=120000 | restante_antes=1160000
2026-05-22 15:48:44,141 | INFO | MainProcess | GPU progreso | lote=120000 | restante=1040000
2026-05-22 15:48:44,142 | INFO | MainProcess | GPU lote inicio | lote=120000 | restante_antes=1040000
2026-05-22 15:48:44,343 | INFO | MainProcess | Progreso GPU (AMBAS) | 4080000/10000000 (40.80%)
2026-05-22 15:48:44,343 | INFO | MainProcess | GPU progreso | lote=120000 | restante=920000
2026-05-22 15:48:44,343 | INFO | MainProcess | GPU lote inicio | lote=120000 | restante_antes=920000
2026-05-22 15:48:44,536 | INFO | MainProcess | GPU progreso | lote=120000 | restante=800000
2026-05-22 15:48:44,536 | INFO | MainProcess | GPU lote inicio | lote=120000 | restante_antes=800000
2026-05-22 15:48:44,723 | INFO | MainProcess | GPU progreso | lote=120000 | restante=680000
2026-05-22 15:48:44,724 | INFO | MainProcess | GPU lote inicio | lote=120000 | restante_antes=680000
2026-05-22 15:48:44,914 | INFO | MainProcess | GPU progreso | lote=120000 | restante=560000
2026-05-22 15:48:44,914 | INFO | MainProcess | GPU lote inicio | lote=120000 | restante_antes=560000
2026-05-22 15:48:45,104 | INFO | MainProcess | Progreso GPU (AMBAS) | 4560000/10000000 (45.60%)
2026-05-22 15:48:45,104 | INFO | MainProcess | GPU progreso | lote=120000 | restante=440000
2026-05-22 15:48:45,105 | INFO | MainProcess | GPU lote inicio | lote=120000 | restante_antes=440000
2026-05-22 15:48:45,300 | INFO | MainProcess | GPU progreso | lote=120000 | restante=320000
2026-05-22 15:48:45,301 | INFO | MainProcess | GPU lote inicio | lote=120000 | restante_antes=320000
2026-05-22 15:48:45,508 | INFO | MainProcess | GPU progreso | lote=120000 | restante=200000
2026-05-22 15:48:45,508 | INFO | MainProcess | GPU lote inicio | lote=120000 | restante_antes=200000
2026-05-22 15:48:45,704 | INFO | MainProcess | GPU progreso | lote=120000 | restante=80000
2026-05-22 15:48:45,704 | INFO | MainProcess | GPU lote inicio | lote=80000 | restante_antes=80000
2026-05-22 15:48:45,839 | INFO | MainProcess | Progreso GPU (AMBAS) | 5000000/10000000 (50.00%)
2026-05-22 15:48:45,840 | INFO | MainProcess | GPU progreso | lote=80000 | restante=0
2026-05-22 15:48:45,840 | INFO | MainProcess | GPU fin | experimentos=5000000
2026-05-22 15:48:45,841 | INFO | MainProcess | Generar masivos | experimentos=5000000 | dados=6 | trabajadores=16
2026-05-22 15:48:45,935 | INFO | ForkProcess-401 | [CPU worker] inicio lote: experimentos=312500, dados=6, pid=195412
2026-05-22 15:48:45,936 | INFO | ForkProcess-402 | [CPU worker] inicio lote: experimentos=312500, dados=6, pid=195413
2026-05-22 15:48:45,936 | INFO | ForkProcess-403 | [CPU worker] inicio lote: experimentos=312500, dados=6, pid=195414
2026-05-22 15:48:45,936 | INFO | ForkProcess-404 | [CPU worker] inicio lote: experimentos=312500, dados=6, pid=195415
2026-05-22 15:48:45,936 | INFO | ForkProcess-405 | [CPU worker] inicio lote: experimentos=312500, dados=6, pid=195416
2026-05-22 15:48:45,936 | INFO | ForkProcess-406 | [CPU worker] inicio lote: experimentos=312500, dados=6, pid=195417
2026-05-22 15:48:45,936 | INFO | ForkProcess-407 | [CPU worker] inicio lote: experimentos=312500, dados=6, pid=195418
2026-05-22 15:48:45,936 | INFO | ForkProcess-408 | [CPU worker] inicio lote: experimentos=312500, dados=6, pid=195419
2026-05-22 15:48:45,936 | INFO | ForkProcess-409 | [CPU worker] inicio lote: experimentos=312500, dados=6, pid=195420
2026-05-22 15:48:45,936 | INFO | ForkProcess-410 | [CPU worker] inicio lote: experimentos=312500, dados=6, pid=195421
2026-05-22 15:48:45,936 | INFO | ForkProcess-411 | [CPU worker] inicio lote: experimentos=312500, dados=6, pid=195422
2026-05-22 15:48:45,936 | INFO | ForkProcess-412 | [CPU worker] inicio lote: experimentos=312500, dados=6, pid=195423
2026-05-22 15:48:45,937 | INFO | ForkProcess-416 | [CPU worker] inicio lote: experimentos=312500, dados=6, pid=195427
2026-05-22 15:48:45,937 | INFO | ForkProcess-413 | [CPU worker] inicio lote: experimentos=312500, dados=6, pid=195424
2026-05-22 15:48:45,937 | INFO | ForkProcess-414 | [CPU worker] inicio lote: experimentos=312500, dados=6, pid=195425
2026-05-22 15:48:45,937 | INFO | ForkProcess-415 | [CPU worker] inicio lote: experimentos=312500, dados=6, pid=195426
2026-05-22 15:48:47,889 | INFO | ForkProcess-416 | [CPU worker] fin lote: experimentos=312500, pid=195427
2026-05-22 15:48:48,080 | INFO | ForkProcess-410 | [CPU worker] fin lote: experimentos=312500, pid=195421
2026-05-22 15:48:48,084 | INFO | ForkProcess-401 | [CPU worker] fin lote: experimentos=312500, pid=195412
2026-05-22 15:48:48,108 | INFO | ForkProcess-413 | [CPU worker] fin lote: experimentos=312500, pid=195424
2026-05-22 15:48:48,150 | INFO | ForkProcess-409 | [CPU worker] fin lote: experimentos=312500, pid=195420
2026-05-22 15:48:48,156 | INFO | ForkProcess-407 | [CPU worker] fin lote: experimentos=312500, pid=195418
2026-05-22 15:48:48,181 | INFO | ForkProcess-405 | [CPU worker] fin lote: experimentos=312500, pid=195416
2026-05-22 15:48:48,208 | INFO | ForkProcess-402 | [CPU worker] fin lote: experimentos=312500, pid=195413
2026-05-22 15:48:48,213 | INFO | MainProcess | CPU paralelo progreso | trabajo=1/16
2026-05-22 15:48:48,221 | INFO | ForkProcess-411 | [CPU worker] fin lote: experimentos=312500, pid=195422
2026-05-22 15:48:48,290 | INFO | ForkProcess-406 | [CPU worker] fin lote: experimentos=312500, pid=195417
2026-05-22 15:48:48,302 | INFO | MainProcess | Progreso CPU (AMBAS) | 5625000/10000000 (56.25%)
2026-05-22 15:48:48,343 | INFO | ForkProcess-415 | [CPU worker] fin lote: experimentos=312500, pid=195426
2026-05-22 15:48:48,384 | INFO | ForkProcess-414 | [CPU worker] fin lote: experimentos=312500, pid=195425
2026-05-22 15:48:48,417 | INFO | ForkProcess-412 | [CPU worker] fin lote: experimentos=312500, pid=195423
2026-05-22 15:48:48,437 | INFO | ForkProcess-404 | [CPU worker] fin lote: experimentos=312500, pid=195415
2026-05-22 15:48:48,455 | INFO | ForkProcess-403 | [CPU worker] fin lote: experimentos=312500, pid=195414
2026-05-22 15:48:48,490 | INFO | MainProcess | CPU paralelo progreso | trabajo=3/16
2026-05-22 15:48:48,508 | INFO | MainProcess | Progreso CPU (AMBAS) | 6250000/10000000 (62.50%)
2026-05-22 15:48:48,529 | INFO | MainProcess | Progreso CPU (AMBAS) | 6562500/10000000 (65.62%)
2026-05-22 15:48:48,542 | INFO | MainProcess | CPU paralelo progreso | trabajo=6/16
2026-05-22 15:48:48,557 | INFO | MainProcess | Progreso CPU (AMBAS) | 7187500/10000000 (71.88%)
2026-05-22 15:48:48,607 | INFO | ForkProcess-408 | [CPU worker] fin lote: experimentos=312500, pid=195419
2026-05-22 15:48:48,640 | INFO | MainProcess | Progreso CPU (AMBAS) | 7500000/10000000 (75.00%)
2026-05-22 15:48:48,653 | INFO | MainProcess | CPU paralelo progreso | trabajo=9/16
2026-05-22 15:48:48,670 | INFO | MainProcess | Progreso CPU (AMBAS) | 8125000/10000000 (81.25%)
2026-05-22 15:48:48,697 | INFO | MainProcess | Progreso CPU (AMBAS) | 8750000/10000000 (87.50%)
2026-05-22 15:48:48,698 | INFO | MainProcess | CPU paralelo progreso | trabajo=12/16
2026-05-22 15:48:48,712 | INFO | MainProcess | Progreso CPU (AMBAS) | 9062500/10000000 (90.62%)
2026-05-22 15:48:48,740 | INFO | MainProcess | Progreso CPU (AMBAS) | 9687500/10000000 (96.88%)
2026-05-22 15:48:48,740 | INFO | MainProcess | CPU paralelo progreso | trabajo=15/16
2026-05-22 15:48:48,761 | INFO | MainProcess | Progreso CPU (AMBAS) | 10000000/10000000 (100.00%)
2026-05-22 15:48:48,761 | INFO | MainProcess | CPU paralelo progreso | trabajo=16/16
2026-05-22 15:49:43,336 | INFO | MainProcess | Lanzar N | N=10000000 | dados=6 | modo_solicitado=AMBAS | modo_real=AMBAS | trabajadores=16
2026-05-22 15:49:43,337 | INFO | MainProcess | GPU inicio | experimentos=5000000 | dados=6 | lote_max=120000
2026-05-22 15:49:43,337 | INFO | MainProcess | GPU lote inicio | lote=120000 | restante_antes=5000000
2026-05-22 15:49:43,556 | INFO | MainProcess | Progreso GPU (AMBAS) | 120000/10000000 (1.20%)
2026-05-22 15:49:43,557 | INFO | MainProcess | GPU progreso | lote=120000 | restante=4880000
2026-05-22 15:49:43,557 | INFO | MainProcess | GPU lote inicio | lote=120000 | restante_antes=4880000
2026-05-22 15:49:43,765 | INFO | MainProcess | GPU progreso | lote=120000 | restante=4760000
2026-05-22 15:49:43,765 | INFO | MainProcess | GPU lote inicio | lote=120000 | restante_antes=4760000
2026-05-22 15:49:43,968 | INFO | MainProcess | GPU progreso | lote=120000 | restante=4640000
2026-05-22 15:49:43,968 | INFO | MainProcess | GPU lote inicio | lote=120000 | restante_antes=4640000
2026-05-22 15:49:44,173 | INFO | MainProcess | GPU progreso | lote=120000 | restante=4520000
2026-05-22 15:49:44,173 | INFO | MainProcess | GPU lote inicio | lote=120000 | restante_antes=4520000
2026-05-22 15:49:44,370 | INFO | MainProcess | Progreso GPU (AMBAS) | 600000/10000000 (6.00%)
2026-05-22 15:49:44,371 | INFO | MainProcess | GPU progreso | lote=120000 | restante=4400000
2026-05-22 15:49:44,371 | INFO | MainProcess | GPU lote inicio | lote=120000 | restante_antes=4400000
2026-05-22 15:49:44,564 | INFO | MainProcess | GPU progreso | lote=120000 | restante=4280000
2026-05-22 15:49:44,565 | INFO | MainProcess | GPU lote inicio | lote=120000 | restante_antes=4280000
2026-05-22 15:49:44,762 | INFO | MainProcess | GPU progreso | lote=120000 | restante=4160000
2026-05-22 15:49:44,762 | INFO | MainProcess | GPU lote inicio | lote=120000 | restante_antes=4160000
2026-05-22 15:49:44,958 | INFO | MainProcess | GPU progreso | lote=120000 | restante=4040000
2026-05-22 15:49:44,959 | INFO | MainProcess | GPU lote inicio | lote=120000 | restante_antes=4040000
2026-05-22 15:49:45,153 | INFO | MainProcess | Progreso GPU (AMBAS) | 1080000/10000000 (10.80%)
2026-05-22 15:49:45,154 | INFO | MainProcess | GPU progreso | lote=120000 | restante=3920000
2026-05-22 15:49:45,154 | INFO | MainProcess | GPU lote inicio | lote=120000 | restante_antes=3920000
2026-05-22 15:49:45,349 | INFO | MainProcess | GPU progreso | lote=120000 | restante=3800000
2026-05-22 15:49:45,349 | INFO | MainProcess | GPU lote inicio | lote=120000 | restante_antes=3800000
2026-05-22 15:49:45,540 | INFO | MainProcess | GPU progreso | lote=120000 | restante=3680000
2026-05-22 15:49:45,540 | INFO | MainProcess | GPU lote inicio | lote=120000 | restante_antes=3680000
2026-05-22 15:49:45,731 | INFO | MainProcess | GPU progreso | lote=120000 | restante=3560000
2026-05-22 15:49:45,732 | INFO | MainProcess | GPU lote inicio | lote=120000 | restante_antes=3560000
2026-05-22 15:49:45,929 | INFO | MainProcess | Progreso GPU (AMBAS) | 1560000/10000000 (15.60%)
2026-05-22 15:49:45,930 | INFO | MainProcess | GPU progreso | lote=120000 | restante=3440000
2026-05-22 15:49:45,930 | INFO | MainProcess | GPU lote inicio | lote=120000 | restante_antes=3440000
2026-05-22 15:49:46,117 | INFO | MainProcess | GPU progreso | lote=120000 | restante=3320000
2026-05-22 15:49:46,117 | INFO | MainProcess | GPU lote inicio | lote=120000 | restante_antes=3320000
2026-05-22 15:49:46,309 | INFO | MainProcess | GPU progreso | lote=120000 | restante=3200000
2026-05-22 15:49:46,310 | INFO | MainProcess | GPU lote inicio | lote=120000 | restante_antes=3200000
2026-05-22 15:49:46,497 | INFO | MainProcess | GPU progreso | lote=120000 | restante=3080000
2026-05-22 15:49:46,498 | INFO | MainProcess | GPU lote inicio | lote=120000 | restante_antes=3080000
2026-05-22 15:49:46,691 | INFO | MainProcess | Progreso GPU (AMBAS) | 2040000/10000000 (20.40%)
2026-05-22 15:49:46,691 | INFO | MainProcess | GPU progreso | lote=120000 | restante=2960000
2026-05-22 15:49:46,691 | INFO | MainProcess | GPU lote inicio | lote=120000 | restante_antes=2960000
2026-05-22 15:49:46,879 | INFO | MainProcess | GPU progreso | lote=120000 | restante=2840000
2026-05-22 15:49:46,879 | INFO | MainProcess | GPU lote inicio | lote=120000 | restante_antes=2840000
2026-05-22 15:49:47,071 | INFO | MainProcess | GPU progreso | lote=120000 | restante=2720000
2026-05-22 15:49:47,071 | INFO | MainProcess | GPU lote inicio | lote=120000 | restante_antes=2720000
2026-05-22 15:49:47,266 | INFO | MainProcess | GPU progreso | lote=120000 | restante=2600000
2026-05-22 15:49:47,266 | INFO | MainProcess | GPU lote inicio | lote=120000 | restante_antes=2600000
2026-05-22 15:49:47,453 | INFO | MainProcess | Progreso GPU (AMBAS) | 2520000/10000000 (25.20%)
2026-05-22 15:49:47,453 | INFO | MainProcess | GPU progreso | lote=120000 | restante=2480000
2026-05-22 15:49:47,453 | INFO | MainProcess | GPU lote inicio | lote=120000 | restante_antes=2480000
2026-05-22 15:49:47,649 | INFO | MainProcess | GPU progreso | lote=120000 | restante=2360000
2026-05-22 15:49:47,649 | INFO | MainProcess | GPU lote inicio | lote=120000 | restante_antes=2360000
2026-05-22 15:49:47,839 | INFO | MainProcess | GPU progreso | lote=120000 | restante=2240000
2026-05-22 15:49:47,839 | INFO | MainProcess | GPU lote inicio | lote=120000 | restante_antes=2240000
2026-05-22 15:49:48,042 | INFO | MainProcess | GPU progreso | lote=120000 | restante=2120000
2026-05-22 15:49:48,042 | INFO | MainProcess | GPU lote inicio | lote=120000 | restante_antes=2120000
2026-05-22 15:49:48,233 | INFO | MainProcess | Progreso GPU (AMBAS) | 3000000/10000000 (30.00%)
2026-05-22 15:49:48,233 | INFO | MainProcess | GPU progreso | lote=120000 | restante=2000000
2026-05-22 15:49:48,233 | INFO | MainProcess | GPU lote inicio | lote=120000 | restante_antes=2000000
2026-05-22 15:49:48,451 | INFO | MainProcess | GPU progreso | lote=120000 | restante=1880000
2026-05-22 15:49:48,451 | INFO | MainProcess | GPU lote inicio | lote=120000 | restante_antes=1880000
2026-05-22 15:49:48,645 | INFO | MainProcess | GPU progreso | lote=120000 | restante=1760000
2026-05-22 15:49:48,646 | INFO | MainProcess | GPU lote inicio | lote=120000 | restante_antes=1760000
2026-05-22 15:49:48,846 | INFO | MainProcess | GPU progreso | lote=120000 | restante=1640000
2026-05-22 15:49:48,846 | INFO | MainProcess | GPU lote inicio | lote=120000 | restante_antes=1640000
2026-05-22 15:49:49,050 | INFO | MainProcess | GPU progreso | lote=120000 | restante=1520000
2026-05-22 15:49:49,050 | INFO | MainProcess | GPU lote inicio | lote=120000 | restante_antes=1520000
2026-05-22 15:49:49,243 | INFO | MainProcess | Progreso GPU (AMBAS) | 3600000/10000000 (36.00%)
2026-05-22 15:49:49,244 | INFO | MainProcess | GPU progreso | lote=120000 | restante=1400000
2026-05-22 15:49:49,244 | INFO | MainProcess | GPU lote inicio | lote=120000 | restante_antes=1400000
2026-05-22 15:49:49,444 | INFO | MainProcess | GPU progreso | lote=120000 | restante=1280000
2026-05-22 15:49:49,444 | INFO | MainProcess | GPU lote inicio | lote=120000 | restante_antes=1280000
2026-05-22 15:49:49,651 | INFO | MainProcess | GPU progreso | lote=120000 | restante=1160000
2026-05-22 15:49:49,651 | INFO | MainProcess | GPU lote inicio | lote=120000 | restante_antes=1160000
2026-05-22 15:49:49,848 | INFO | MainProcess | GPU progreso | lote=120000 | restante=1040000
2026-05-22 15:49:49,848 | INFO | MainProcess | GPU lote inicio | lote=120000 | restante_antes=1040000
2026-05-22 15:49:50,047 | INFO | MainProcess | Progreso GPU (AMBAS) | 4080000/10000000 (40.80%)
2026-05-22 15:49:50,048 | INFO | MainProcess | GPU progreso | lote=120000 | restante=920000
2026-05-22 15:49:50,048 | INFO | MainProcess | GPU lote inicio | lote=120000 | restante_antes=920000
2026-05-22 15:49:50,272 | INFO | MainProcess | GPU progreso | lote=120000 | restante=800000
2026-05-22 15:49:50,272 | INFO | MainProcess | GPU lote inicio | lote=120000 | restante_antes=800000
2026-05-22 15:49:50,463 | INFO | MainProcess | GPU progreso | lote=120000 | restante=680000
2026-05-22 15:49:50,463 | INFO | MainProcess | GPU lote inicio | lote=120000 | restante_antes=680000
2026-05-22 15:49:50,656 | INFO | MainProcess | GPU progreso | lote=120000 | restante=560000
2026-05-22 15:49:50,657 | INFO | MainProcess | GPU lote inicio | lote=120000 | restante_antes=560000
2026-05-22 15:49:50,845 | INFO | MainProcess | Progreso GPU (AMBAS) | 4560000/10000000 (45.60%)
2026-05-22 15:49:50,845 | INFO | MainProcess | GPU progreso | lote=120000 | restante=440000
2026-05-22 15:49:50,845 | INFO | MainProcess | GPU lote inicio | lote=120000 | restante_antes=440000
2026-05-22 15:49:51,049 | INFO | MainProcess | GPU progreso | lote=120000 | restante=320000
2026-05-22 15:49:51,049 | INFO | MainProcess | GPU lote inicio | lote=120000 | restante_antes=320000
2026-05-22 15:49:51,245 | INFO | MainProcess | GPU progreso | lote=120000 | restante=200000
2026-05-22 15:49:51,246 | INFO | MainProcess | GPU lote inicio | lote=120000 | restante_antes=200000
2026-05-22 15:49:51,463 | INFO | MainProcess | GPU progreso | lote=120000 | restante=80000
2026-05-22 15:49:51,464 | INFO | MainProcess | GPU lote inicio | lote=80000 | restante_antes=80000
2026-05-22 15:49:51,604 | INFO | MainProcess | Progreso GPU (AMBAS) | 5000000/10000000 (50.00%)
2026-05-22 15:49:51,604 | INFO | MainProcess | GPU progreso | lote=80000 | restante=0
2026-05-22 15:49:51,604 | INFO | MainProcess | GPU fin | experimentos=5000000
2026-05-22 15:49:51,606 | INFO | MainProcess | Generar masivos | experimentos=5000000 | dados=6 | trabajadores=16
2026-05-22 15:49:51,708 | INFO | ForkProcess-417 | [CPU worker] inicio lote: experimentos=312500, dados=6, pid=196775
2026-05-22 15:49:51,709 | INFO | ForkProcess-418 | [CPU worker] inicio lote: experimentos=312500, dados=6, pid=196776
2026-05-22 15:49:51,709 | INFO | ForkProcess-419 | [CPU worker] inicio lote: experimentos=312500, dados=6, pid=196778
2026-05-22 15:49:51,709 | INFO | ForkProcess-420 | [CPU worker] inicio lote: experimentos=312500, dados=6, pid=196779
2026-05-22 15:49:51,709 | INFO | ForkProcess-421 | [CPU worker] inicio lote: experimentos=312500, dados=6, pid=196780
2026-05-22 15:49:51,709 | INFO | ForkProcess-422 | [CPU worker] inicio lote: experimentos=312500, dados=6, pid=196781
2026-05-22 15:49:51,709 | INFO | ForkProcess-423 | [CPU worker] inicio lote: experimentos=312500, dados=6, pid=196782
2026-05-22 15:49:51,709 | INFO | ForkProcess-424 | [CPU worker] inicio lote: experimentos=312500, dados=6, pid=196783
2026-05-22 15:49:51,709 | INFO | ForkProcess-425 | [CPU worker] inicio lote: experimentos=312500, dados=6, pid=196784
2026-05-22 15:49:51,709 | INFO | ForkProcess-426 | [CPU worker] inicio lote: experimentos=312500, dados=6, pid=196785
2026-05-22 15:49:51,709 | INFO | ForkProcess-427 | [CPU worker] inicio lote: experimentos=312500, dados=6, pid=196786
2026-05-22 15:49:51,709 | INFO | ForkProcess-428 | [CPU worker] inicio lote: experimentos=312500, dados=6, pid=196787
2026-05-22 15:49:51,710 | INFO | ForkProcess-432 | [CPU worker] inicio lote: experimentos=312500, dados=6, pid=196792
2026-05-22 15:49:51,710 | INFO | ForkProcess-429 | [CPU worker] inicio lote: experimentos=312500, dados=6, pid=196788
2026-05-22 15:49:51,710 | INFO | ForkProcess-430 | [CPU worker] inicio lote: experimentos=312500, dados=6, pid=196789
2026-05-22 15:49:51,710 | INFO | ForkProcess-431 | [CPU worker] inicio lote: experimentos=312500, dados=6, pid=196791
2026-05-22 15:49:53,760 | INFO | ForkProcess-430 | [CPU worker] fin lote: experimentos=312500, pid=196789
2026-05-22 15:49:53,856 | INFO | ForkProcess-419 | [CPU worker] fin lote: experimentos=312500, pid=196778
2026-05-22 15:49:53,916 | INFO | ForkProcess-417 | [CPU worker] fin lote: experimentos=312500, pid=196775
2026-05-22 15:49:53,982 | INFO | ForkProcess-428 | [CPU worker] fin lote: experimentos=312500, pid=196787
2026-05-22 15:49:54,005 | INFO | ForkProcess-422 | [CPU worker] fin lote: experimentos=312500, pid=196781
2026-05-22 15:49:54,018 | INFO | ForkProcess-429 | [CPU worker] fin lote: experimentos=312500, pid=196788
2026-05-22 15:49:54,005 | INFO | MainProcess | CPU paralelo progreso | trabajo=1/16
2026-05-22 15:49:54,022 | INFO | ForkProcess-424 | [CPU worker] fin lote: experimentos=312500, pid=196783
2026-05-22 15:49:54,042 | INFO | ForkProcess-420 | [CPU worker] fin lote: experimentos=312500, pid=196779
2026-05-22 15:49:54,068 | INFO | ForkProcess-426 | [CPU worker] fin lote: experimentos=312500, pid=196785
2026-05-22 15:49:54,120 | INFO | ForkProcess-421 | [CPU worker] fin lote: experimentos=312500, pid=196780
2026-05-22 15:49:54,151 | INFO | ForkProcess-427 | [CPU worker] fin lote: experimentos=312500, pid=196786
2026-05-22 15:49:54,197 | INFO | ForkProcess-425 | [CPU worker] fin lote: experimentos=312500, pid=196784
2026-05-22 15:49:54,212 | INFO | ForkProcess-432 | [CPU worker] fin lote: experimentos=312500, pid=196792
2026-05-22 15:49:54,244 | INFO | ForkProcess-423 | [CPU worker] fin lote: experimentos=312500, pid=196782
2026-05-22 15:49:54,282 | INFO | ForkProcess-418 | [CPU worker] fin lote: experimentos=312500, pid=196776
2026-05-22 15:49:54,295 | INFO | ForkProcess-431 | [CPU worker] fin lote: experimentos=312500, pid=196791
2026-05-22 15:49:54,318 | INFO | MainProcess | Progreso CPU (AMBAS) | 5625000/10000000 (56.25%)
2026-05-22 15:49:54,334 | INFO | MainProcess | CPU paralelo progreso | trabajo=3/16
2026-05-22 15:49:54,365 | INFO | MainProcess | Progreso CPU (AMBAS) | 6250000/10000000 (62.50%)
2026-05-22 15:49:54,387 | INFO | MainProcess | Progreso CPU (AMBAS) | 6562500/10000000 (65.62%)
2026-05-22 15:49:54,408 | INFO | MainProcess | CPU paralelo progreso | trabajo=6/16
2026-05-22 15:49:54,426 | INFO | MainProcess | Progreso CPU (AMBAS) | 7187500/10000000 (71.88%)
2026-05-22 15:49:54,442 | INFO | MainProcess | Progreso CPU (AMBAS) | 7500000/10000000 (75.00%)
2026-05-22 15:49:54,458 | INFO | MainProcess | CPU paralelo progreso | trabajo=9/16
2026-05-22 15:49:54,474 | INFO | MainProcess | Progreso CPU (AMBAS) | 8125000/10000000 (81.25%)
2026-05-22 15:49:54,505 | INFO | MainProcess | Progreso CPU (AMBAS) | 8750000/10000000 (87.50%)
2026-05-22 15:49:54,506 | INFO | MainProcess | CPU paralelo progreso | trabajo=12/16
2026-05-22 15:49:54,521 | INFO | MainProcess | Progreso CPU (AMBAS) | 9062500/10000000 (90.62%)
2026-05-22 15:49:54,557 | INFO | MainProcess | Progreso CPU (AMBAS) | 9687500/10000000 (96.88%)
2026-05-22 15:49:54,558 | INFO | MainProcess | CPU paralelo progreso | trabajo=15/16
2026-05-22 15:49:54,572 | INFO | MainProcess | Progreso CPU (AMBAS) | 10000000/10000000 (100.00%)
2026-05-22 15:49:54,573 | INFO | MainProcess | CPU paralelo progreso | trabajo=16/16
2026-05-22 15:50:02,113 | INFO | MainProcess | Lanzar N | N=10000000 | dados=6 | modo_solicitado=AMBAS | modo_real=AMBAS | trabajadores=16
2026-05-22 15:50:02,114 | INFO | MainProcess | GPU inicio | experimentos=5000000 | dados=6 | lote_max=120000
2026-05-22 15:50:02,114 | INFO | MainProcess | GPU lote inicio | lote=120000 | restante_antes=5000000
2026-05-22 15:50:02,323 | INFO | MainProcess | Progreso GPU (AMBAS) | 120000/10000000 (1.20%)
2026-05-22 15:50:02,323 | INFO | MainProcess | GPU progreso | lote=120000 | restante=4880000
2026-05-22 15:50:02,323 | INFO | MainProcess | GPU lote inicio | lote=120000 | restante_antes=4880000
2026-05-22 15:50:02,534 | INFO | MainProcess | GPU progreso | lote=120000 | restante=4760000
2026-05-22 15:50:02,535 | INFO | MainProcess | GPU lote inicio | lote=120000 | restante_antes=4760000
2026-05-22 15:50:02,736 | INFO | MainProcess | GPU progreso | lote=120000 | restante=4640000
2026-05-22 15:50:02,736 | INFO | MainProcess | GPU lote inicio | lote=120000 | restante_antes=4640000
2026-05-22 15:50:02,940 | INFO | MainProcess | GPU progreso | lote=120000 | restante=4520000
2026-05-22 15:50:02,940 | INFO | MainProcess | GPU lote inicio | lote=120000 | restante_antes=4520000
2026-05-22 15:50:03,146 | INFO | MainProcess | Progreso GPU (AMBAS) | 600000/10000000 (6.00%)
2026-05-22 15:50:03,146 | INFO | MainProcess | GPU progreso | lote=120000 | restante=4400000
2026-05-22 15:50:03,147 | INFO | MainProcess | GPU lote inicio | lote=120000 | restante_antes=4400000
2026-05-22 15:50:03,353 | INFO | MainProcess | GPU progreso | lote=120000 | restante=4280000
2026-05-22 15:50:03,353 | INFO | MainProcess | GPU lote inicio | lote=120000 | restante_antes=4280000
2026-05-22 15:50:03,559 | INFO | MainProcess | GPU progreso | lote=120000 | restante=4160000
2026-05-22 15:50:03,559 | INFO | MainProcess | GPU lote inicio | lote=120000 | restante_antes=4160000
2026-05-22 15:50:03,755 | INFO | MainProcess | GPU progreso | lote=120000 | restante=4040000
2026-05-22 15:50:03,756 | INFO | MainProcess | GPU lote inicio | lote=120000 | restante_antes=4040000
2026-05-22 15:50:03,951 | INFO | MainProcess | Progreso GPU (AMBAS) | 1080000/10000000 (10.80%)
2026-05-22 15:50:03,951 | INFO | MainProcess | GPU progreso | lote=120000 | restante=3920000
2026-05-22 15:50:03,951 | INFO | MainProcess | GPU lote inicio | lote=120000 | restante_antes=3920000
2026-05-22 15:50:04,144 | INFO | MainProcess | GPU progreso | lote=120000 | restante=3800000
2026-05-22 15:50:04,144 | INFO | MainProcess | GPU lote inicio | lote=120000 | restante_antes=3800000
2026-05-22 15:50:04,332 | INFO | MainProcess | GPU progreso | lote=120000 | restante=3680000
2026-05-22 15:50:04,333 | INFO | MainProcess | GPU lote inicio | lote=120000 | restante_antes=3680000
2026-05-22 15:50:04,521 | INFO | MainProcess | GPU progreso | lote=120000 | restante=3560000
2026-05-22 15:50:04,521 | INFO | MainProcess | GPU lote inicio | lote=120000 | restante_antes=3560000
2026-05-22 15:50:04,711 | INFO | MainProcess | Progreso GPU (AMBAS) | 1560000/10000000 (15.60%)
2026-05-22 15:50:04,711 | INFO | MainProcess | GPU progreso | lote=120000 | restante=3440000
2026-05-22 15:50:04,711 | INFO | MainProcess | GPU lote inicio | lote=120000 | restante_antes=3440000
2026-05-22 15:50:05,139 | INFO | MainProcess | GPU progreso | lote=120000 | restante=3320000
2026-05-22 15:50:05,139 | INFO | MainProcess | GPU lote inicio | lote=120000 | restante_antes=3320000
2026-05-22 15:50:05,328 | INFO | MainProcess | GPU progreso | lote=120000 | restante=3200000
2026-05-22 15:50:05,328 | INFO | MainProcess | GPU lote inicio | lote=120000 | restante_antes=3200000
2026-05-22 15:50:05,518 | INFO | MainProcess | GPU progreso | lote=120000 | restante=3080000
2026-05-22 15:50:05,518 | INFO | MainProcess | GPU lote inicio | lote=120000 | restante_antes=3080000
2026-05-22 15:50:05,705 | INFO | MainProcess | Progreso GPU (AMBAS) | 2040000/10000000 (20.40%)
2026-05-22 15:50:05,705 | INFO | MainProcess | GPU progreso | lote=120000 | restante=2960000
2026-05-22 15:50:05,706 | INFO | MainProcess | GPU lote inicio | lote=120000 | restante_antes=2960000
2026-05-22 15:50:05,893 | INFO | MainProcess | GPU progreso | lote=120000 | restante=2840000
2026-05-22 15:50:05,893 | INFO | MainProcess | GPU lote inicio | lote=120000 | restante_antes=2840000
2026-05-22 15:50:06,081 | INFO | MainProcess | GPU progreso | lote=120000 | restante=2720000
2026-05-22 15:50:06,081 | INFO | MainProcess | GPU lote inicio | lote=120000 | restante_antes=2720000
2026-05-22 15:50:06,266 | INFO | MainProcess | GPU progreso | lote=120000 | restante=2600000
2026-05-22 15:50:06,266 | INFO | MainProcess | GPU lote inicio | lote=120000 | restante_antes=2600000
2026-05-22 15:50:06,453 | INFO | MainProcess | Progreso GPU (AMBAS) | 2520000/10000000 (25.20%)
2026-05-22 15:50:06,453 | INFO | MainProcess | GPU progreso | lote=120000 | restante=2480000
2026-05-22 15:50:06,453 | INFO | MainProcess | GPU lote inicio | lote=120000 | restante_antes=2480000
2026-05-22 15:50:06,646 | INFO | MainProcess | GPU progreso | lote=120000 | restante=2360000
2026-05-22 15:50:06,646 | INFO | MainProcess | GPU lote inicio | lote=120000 | restante_antes=2360000
2026-05-22 15:50:06,837 | INFO | MainProcess | GPU progreso | lote=120000 | restante=2240000
2026-05-22 15:50:06,837 | INFO | MainProcess | GPU lote inicio | lote=120000 | restante_antes=2240000
2026-05-22 15:50:07,029 | INFO | MainProcess | GPU progreso | lote=120000 | restante=2120000
2026-05-22 15:50:07,029 | INFO | MainProcess | GPU lote inicio | lote=120000 | restante_antes=2120000
2026-05-22 15:50:07,218 | INFO | MainProcess | Progreso GPU (AMBAS) | 3000000/10000000 (30.00%)
2026-05-22 15:50:07,218 | INFO | MainProcess | GPU progreso | lote=120000 | restante=2000000
2026-05-22 15:50:07,218 | INFO | MainProcess | GPU lote inicio | lote=120000 | restante_antes=2000000
2026-05-22 15:50:07,408 | INFO | MainProcess | GPU progreso | lote=120000 | restante=1880000
2026-05-22 15:50:07,408 | INFO | MainProcess | GPU lote inicio | lote=120000 | restante_antes=1880000
2026-05-22 15:50:07,607 | INFO | MainProcess | GPU progreso | lote=120000 | restante=1760000
2026-05-22 15:50:07,608 | INFO | MainProcess | GPU lote inicio | lote=120000 | restante_antes=1760000
2026-05-22 15:50:07,800 | INFO | MainProcess | GPU progreso | lote=120000 | restante=1640000
2026-05-22 15:50:07,800 | INFO | MainProcess | GPU lote inicio | lote=120000 | restante_antes=1640000
2026-05-22 15:50:07,991 | INFO | MainProcess | GPU progreso | lote=120000 | restante=1520000
2026-05-22 15:50:07,991 | INFO | MainProcess | GPU lote inicio | lote=120000 | restante_antes=1520000
2026-05-22 15:50:08,180 | INFO | MainProcess | Progreso GPU (AMBAS) | 3600000/10000000 (36.00%)
2026-05-22 15:50:08,180 | INFO | MainProcess | GPU progreso | lote=120000 | restante=1400000
2026-05-22 15:50:08,180 | INFO | MainProcess | GPU lote inicio | lote=120000 | restante_antes=1400000
2026-05-22 15:50:08,370 | INFO | MainProcess | GPU progreso | lote=120000 | restante=1280000
2026-05-22 15:50:08,370 | INFO | MainProcess | GPU lote inicio | lote=120000 | restante_antes=1280000
2026-05-22 15:50:08,561 | INFO | MainProcess | GPU progreso | lote=120000 | restante=1160000
2026-05-22 15:50:08,561 | INFO | MainProcess | GPU lote inicio | lote=120000 | restante_antes=1160000
2026-05-22 15:50:08,764 | INFO | MainProcess | GPU progreso | lote=120000 | restante=1040000
2026-05-22 15:50:08,764 | INFO | MainProcess | GPU lote inicio | lote=120000 | restante_antes=1040000
2026-05-22 15:50:08,956 | INFO | MainProcess | Progreso GPU (AMBAS) | 4080000/10000000 (40.80%)
2026-05-22 15:50:08,956 | INFO | MainProcess | GPU progreso | lote=120000 | restante=920000
2026-05-22 15:50:08,956 | INFO | MainProcess | GPU lote inicio | lote=120000 | restante_antes=920000
2026-05-22 15:50:09,146 | INFO | MainProcess | GPU progreso | lote=120000 | restante=800000
2026-05-22 15:50:09,146 | INFO | MainProcess | GPU lote inicio | lote=120000 | restante_antes=800000
2026-05-22 15:50:09,341 | INFO | MainProcess | GPU progreso | lote=120000 | restante=680000
2026-05-22 15:50:09,341 | INFO | MainProcess | GPU lote inicio | lote=120000 | restante_antes=680000
2026-05-22 15:50:09,540 | INFO | MainProcess | GPU progreso | lote=120000 | restante=560000
2026-05-22 15:50:09,540 | INFO | MainProcess | GPU lote inicio | lote=120000 | restante_antes=560000
2026-05-22 15:50:09,739 | INFO | MainProcess | Progreso GPU (AMBAS) | 4560000/10000000 (45.60%)
2026-05-22 15:50:09,739 | INFO | MainProcess | GPU progreso | lote=120000 | restante=440000
2026-05-22 15:50:09,739 | INFO | MainProcess | GPU lote inicio | lote=120000 | restante_antes=440000
2026-05-22 15:50:09,936 | INFO | MainProcess | GPU progreso | lote=120000 | restante=320000
2026-05-22 15:50:09,936 | INFO | MainProcess | GPU lote inicio | lote=120000 | restante_antes=320000
2026-05-22 15:50:10,134 | INFO | MainProcess | GPU progreso | lote=120000 | restante=200000
2026-05-22 15:50:10,134 | INFO | MainProcess | GPU lote inicio | lote=120000 | restante_antes=200000
2026-05-22 15:50:10,333 | INFO | MainProcess | GPU progreso | lote=120000 | restante=80000
2026-05-22 15:50:10,333 | INFO | MainProcess | GPU lote inicio | lote=80000 | restante_antes=80000
2026-05-22 15:50:10,471 | INFO | MainProcess | Progreso GPU (AMBAS) | 5000000/10000000 (50.00%)
2026-05-22 15:50:10,472 | INFO | MainProcess | GPU progreso | lote=80000 | restante=0
2026-05-22 15:50:10,472 | INFO | MainProcess | GPU fin | experimentos=5000000
2026-05-22 15:50:10,473 | INFO | MainProcess | Generar masivos | experimentos=5000000 | dados=6 | trabajadores=16
2026-05-22 15:50:10,576 | INFO | ForkProcess-433 | [CPU worker] inicio lote: experimentos=312500, dados=6, pid=197249
2026-05-22 15:50:10,576 | INFO | ForkProcess-435 | [CPU worker] inicio lote: experimentos=312500, dados=6, pid=197251
2026-05-22 15:50:10,576 | INFO | ForkProcess-436 | [CPU worker] inicio lote: experimentos=312500, dados=6, pid=197252
2026-05-22 15:50:10,576 | INFO | ForkProcess-437 | [CPU worker] inicio lote: experimentos=312500, dados=6, pid=197253
2026-05-22 15:50:10,576 | INFO | ForkProcess-438 | [CPU worker] inicio lote: experimentos=312500, dados=6, pid=197254
2026-05-22 15:50:10,576 | INFO | ForkProcess-434 | [CPU worker] inicio lote: experimentos=312500, dados=6, pid=197250
2026-05-22 15:50:10,576 | INFO | ForkProcess-439 | [CPU worker] inicio lote: experimentos=312500, dados=6, pid=197255
2026-05-22 15:50:10,576 | INFO | ForkProcess-440 | [CPU worker] inicio lote: experimentos=312500, dados=6, pid=197256
2026-05-22 15:50:10,577 | INFO | ForkProcess-441 | [CPU worker] inicio lote: experimentos=312500, dados=6, pid=197257
2026-05-22 15:50:10,577 | INFO | ForkProcess-442 | [CPU worker] inicio lote: experimentos=312500, dados=6, pid=197258
2026-05-22 15:50:10,577 | INFO | ForkProcess-443 | [CPU worker] inicio lote: experimentos=312500, dados=6, pid=197259
2026-05-22 15:50:10,577 | INFO | ForkProcess-444 | [CPU worker] inicio lote: experimentos=312500, dados=6, pid=197260
2026-05-22 15:50:10,577 | INFO | ForkProcess-445 | [CPU worker] inicio lote: experimentos=312500, dados=6, pid=197261
2026-05-22 15:50:10,577 | INFO | ForkProcess-446 | [CPU worker] inicio lote: experimentos=312500, dados=6, pid=197262
2026-05-22 15:50:10,577 | INFO | ForkProcess-447 | [CPU worker] inicio lote: experimentos=312500, dados=6, pid=197263
2026-05-22 15:50:10,577 | INFO | ForkProcess-448 | [CPU worker] inicio lote: experimentos=312500, dados=6, pid=197264
2026-05-22 15:50:12,701 | INFO | ForkProcess-441 | [CPU worker] fin lote: experimentos=312500, pid=197257
2026-05-22 15:50:12,712 | INFO | ForkProcess-439 | [CPU worker] fin lote: experimentos=312500, pid=197255
2026-05-22 15:50:12,719 | INFO | ForkProcess-448 | [CPU worker] fin lote: experimentos=312500, pid=197264
2026-05-22 15:50:12,764 | INFO | ForkProcess-442 | [CPU worker] fin lote: experimentos=312500, pid=197258
2026-05-22 15:50:12,769 | INFO | ForkProcess-437 | [CPU worker] fin lote: experimentos=312500, pid=197253
2026-05-22 15:50:12,779 | INFO | ForkProcess-435 | [CPU worker] fin lote: experimentos=312500, pid=197251
2026-05-22 15:50:12,794 | INFO | ForkProcess-443 | [CPU worker] fin lote: experimentos=312500, pid=197259
2026-05-22 15:50:12,815 | INFO | ForkProcess-433 | [CPU worker] fin lote: experimentos=312500, pid=197249
2026-05-22 15:50:12,849 | INFO | ForkProcess-447 | [CPU worker] fin lote: experimentos=312500, pid=197263
2026-05-22 15:50:12,850 | INFO | ForkProcess-444 | [CPU worker] fin lote: experimentos=312500, pid=197260
2026-05-22 15:50:12,861 | INFO | ForkProcess-434 | [CPU worker] fin lote: experimentos=312500, pid=197250
2026-05-22 15:50:12,872 | INFO | ForkProcess-436 | [CPU worker] fin lote: experimentos=312500, pid=197252
2026-05-22 15:50:12,888 | INFO | MainProcess | CPU paralelo progreso | trabajo=1/16
2026-05-22 15:50:12,902 | INFO | ForkProcess-438 | [CPU worker] fin lote: experimentos=312500, pid=197254
2026-05-22 15:50:12,936 | INFO | MainProcess | Progreso CPU (AMBAS) | 5625000/10000000 (56.25%)
2026-05-22 15:50:12,953 | INFO | MainProcess | CPU paralelo progreso | trabajo=3/16
2026-05-22 15:50:12,973 | INFO | MainProcess | Progreso CPU (AMBAS) | 6250000/10000000 (62.50%)
2026-05-22 15:50:12,981 | INFO | ForkProcess-445 | [CPU worker] fin lote: experimentos=312500, pid=197261
2026-05-22 15:50:12,989 | INFO | MainProcess | Progreso CPU (AMBAS) | 6562500/10000000 (65.62%)
2026-05-22 15:50:13,014 | INFO | MainProcess | CPU paralelo progreso | trabajo=6/16
2026-05-22 15:50:13,030 | INFO | MainProcess | Progreso CPU (AMBAS) | 7187500/10000000 (71.88%)
2026-05-22 15:50:13,135 | INFO | ForkProcess-440 | [CPU worker] fin lote: experimentos=312500, pid=197256
2026-05-22 15:50:13,168 | INFO | MainProcess | Progreso CPU (AMBAS) | 7500000/10000000 (75.00%)
2026-05-22 15:50:13,185 | INFO | ForkProcess-446 | [CPU worker] fin lote: experimentos=312500, pid=197262
2026-05-22 15:50:13,186 | INFO | MainProcess | CPU paralelo progreso | trabajo=9/16
2026-05-22 15:50:13,203 | INFO | MainProcess | Progreso CPU (AMBAS) | 8125000/10000000 (81.25%)
2026-05-22 15:50:13,236 | INFO | MainProcess | Progreso CPU (AMBAS) | 8750000/10000000 (87.50%)
2026-05-22 15:50:13,236 | INFO | MainProcess | CPU paralelo progreso | trabajo=12/16
2026-05-22 15:50:13,266 | INFO | MainProcess | Progreso CPU (AMBAS) | 9062500/10000000 (90.62%)
2026-05-22 15:50:13,300 | INFO | MainProcess | Progreso CPU (AMBAS) | 9687500/10000000 (96.88%)
2026-05-22 15:50:13,300 | INFO | MainProcess | CPU paralelo progreso | trabajo=15/16
2026-05-22 15:50:13,315 | INFO | MainProcess | Progreso CPU (AMBAS) | 10000000/10000000 (100.00%)
2026-05-22 15:50:13,315 | INFO | MainProcess | CPU paralelo progreso | trabajo=16/16
2026-05-22 15:51:37,276 | INFO | MainProcess | Lanzar N | N=10000000 | dados=6 | modo_solicitado=CPU | modo_real=CPU | trabajadores=16
2026-05-22 15:51:37,278 | INFO | MainProcess | Generar masivos | experimentos=10000000 | dados=6 | trabajadores=16
2026-05-22 15:51:37,382 | INFO | ForkProcess-450 | [CPU worker] inicio lote: experimentos=625000, dados=6, pid=198993
2026-05-22 15:51:37,382 | INFO | ForkProcess-449 | [CPU worker] inicio lote: experimentos=625000, dados=6, pid=198992
2026-05-22 15:51:37,382 | INFO | ForkProcess-452 | [CPU worker] inicio lote: experimentos=625000, dados=6, pid=198996
2026-05-22 15:51:37,382 | INFO | ForkProcess-451 | [CPU worker] inicio lote: experimentos=625000, dados=6, pid=198994
2026-05-22 15:51:37,383 | INFO | ForkProcess-453 | [CPU worker] inicio lote: experimentos=625000, dados=6, pid=198997
2026-05-22 15:51:37,383 | INFO | ForkProcess-454 | [CPU worker] inicio lote: experimentos=625000, dados=6, pid=198998
2026-05-22 15:51:37,383 | INFO | ForkProcess-455 | [CPU worker] inicio lote: experimentos=625000, dados=6, pid=198999
2026-05-22 15:51:37,383 | INFO | ForkProcess-456 | [CPU worker] inicio lote: experimentos=625000, dados=6, pid=199000
2026-05-22 15:51:37,383 | INFO | ForkProcess-457 | [CPU worker] inicio lote: experimentos=625000, dados=6, pid=199001
2026-05-22 15:51:37,383 | INFO | ForkProcess-458 | [CPU worker] inicio lote: experimentos=625000, dados=6, pid=199002
2026-05-22 15:51:37,383 | INFO | ForkProcess-459 | [CPU worker] inicio lote: experimentos=625000, dados=6, pid=199003
2026-05-22 15:51:37,383 | INFO | ForkProcess-460 | [CPU worker] inicio lote: experimentos=625000, dados=6, pid=199004
2026-05-22 15:51:37,386 | INFO | ForkProcess-461 | [CPU worker] inicio lote: experimentos=625000, dados=6, pid=199005
2026-05-22 15:51:37,386 | INFO | ForkProcess-462 | [CPU worker] inicio lote: experimentos=625000, dados=6, pid=199006
2026-05-22 15:51:37,386 | INFO | ForkProcess-463 | [CPU worker] inicio lote: experimentos=625000, dados=6, pid=199007
2026-05-22 15:51:37,387 | INFO | ForkProcess-464 | [CPU worker] inicio lote: experimentos=625000, dados=6, pid=199008
2026-05-22 15:51:41,696 | INFO | ForkProcess-450 | [CPU worker] fin lote: experimentos=625000, pid=198993
2026-05-22 15:51:41,714 | INFO | ForkProcess-464 | [CPU worker] fin lote: experimentos=625000, pid=199008
2026-05-22 15:51:41,757 | INFO | ForkProcess-459 | [CPU worker] fin lote: experimentos=625000, pid=199003
2026-05-22 15:51:41,768 | INFO | ForkProcess-460 | [CPU worker] fin lote: experimentos=625000, pid=199004
2026-05-22 15:51:41,770 | INFO | ForkProcess-462 | [CPU worker] fin lote: experimentos=625000, pid=199006
2026-05-22 15:51:41,786 | INFO | ForkProcess-452 | [CPU worker] fin lote: experimentos=625000, pid=198996
2026-05-22 15:51:41,802 | INFO | ForkProcess-457 | [CPU worker] fin lote: experimentos=625000, pid=199001
2026-05-22 15:51:41,819 | INFO | ForkProcess-454 | [CPU worker] fin lote: experimentos=625000, pid=198998
2026-05-22 15:51:41,860 | INFO | ForkProcess-463 | [CPU worker] fin lote: experimentos=625000, pid=199007
2026-05-22 15:51:41,913 | INFO | ForkProcess-458 | [CPU worker] fin lote: experimentos=625000, pid=199002
2026-05-22 15:51:41,925 | INFO | ForkProcess-449 | [CPU worker] fin lote: experimentos=625000, pid=198992
2026-05-22 15:51:41,948 | INFO | ForkProcess-456 | [CPU worker] fin lote: experimentos=625000, pid=199000
2026-05-22 15:51:41,957 | INFO | ForkProcess-455 | [CPU worker] fin lote: experimentos=625000, pid=198999
2026-05-22 15:51:41,976 | INFO | MainProcess | Progreso CPU | 625000/10000000 (6.25%)
2026-05-22 15:51:41,976 | INFO | MainProcess | CPU paralelo progreso | trabajo=1/16
2026-05-22 15:51:41,978 | INFO | ForkProcess-453 | [CPU worker] fin lote: experimentos=625000, pid=198997
2026-05-22 15:51:42,007 | INFO | ForkProcess-461 | [CPU worker] fin lote: experimentos=625000, pid=199005
2026-05-22 15:51:42,005 | INFO | MainProcess | Progreso CPU | 1250000/10000000 (12.50%)
2026-05-22 15:51:42,252 | INFO | ForkProcess-451 | [CPU worker] fin lote: experimentos=625000, pid=198994
2026-05-22 15:51:42,291 | INFO | MainProcess | Progreso CPU | 1875000/10000000 (18.75%)
2026-05-22 15:51:42,291 | INFO | MainProcess | CPU paralelo progreso | trabajo=3/16
2026-05-22 15:51:42,308 | INFO | MainProcess | Progreso CPU | 2500000/10000000 (25.00%)
2026-05-22 15:51:42,325 | INFO | MainProcess | Progreso CPU | 3125000/10000000 (31.25%)
2026-05-22 15:51:42,342 | INFO | MainProcess | Progreso CPU | 3750000/10000000 (37.50%)
2026-05-22 15:51:42,342 | INFO | MainProcess | CPU paralelo progreso | trabajo=6/16
2026-05-22 15:51:42,360 | INFO | MainProcess | Progreso CPU | 4375000/10000000 (43.75%)
2026-05-22 15:51:42,378 | INFO | MainProcess | Progreso CPU | 5000000/10000000 (50.00%)
2026-05-22 15:51:42,397 | INFO | MainProcess | Progreso CPU | 5625000/10000000 (56.25%)
2026-05-22 15:51:42,398 | INFO | MainProcess | CPU paralelo progreso | trabajo=9/16
2026-05-22 15:51:42,415 | INFO | MainProcess | Progreso CPU | 6250000/10000000 (62.50%)
2026-05-22 15:51:42,434 | INFO | MainProcess | Progreso CPU | 6875000/10000000 (68.75%)
2026-05-22 15:51:42,450 | INFO | MainProcess | Progreso CPU | 7500000/10000000 (75.00%)
2026-05-22 15:51:42,450 | INFO | MainProcess | CPU paralelo progreso | trabajo=12/16
2026-05-22 15:51:42,466 | INFO | MainProcess | Progreso CPU | 8125000/10000000 (81.25%)
2026-05-22 15:51:42,482 | INFO | MainProcess | Progreso CPU | 8750000/10000000 (87.50%)
2026-05-22 15:51:42,497 | INFO | MainProcess | Progreso CPU | 9375000/10000000 (93.75%)
2026-05-22 15:51:42,498 | INFO | MainProcess | CPU paralelo progreso | trabajo=15/16
2026-05-22 15:51:42,515 | INFO | MainProcess | Progreso CPU | 10000000/10000000 (100.00%)
2026-05-22 15:51:42,515 | INFO | MainProcess | CPU paralelo progreso | trabajo=16/16
2026-05-22 15:52:03,285 | INFO | MainProcess | Lanzar N | N=10000000 | dados=6 | modo_solicitado=CPU | modo_real=CPU | trabajadores=16
2026-05-22 15:52:03,286 | INFO | MainProcess | Generar masivos | experimentos=10000000 | dados=6 | trabajadores=16
2026-05-22 15:52:03,390 | INFO | ForkProcess-465 | [CPU worker] inicio lote: experimentos=625000, dados=6, pid=199546
2026-05-22 15:52:03,390 | INFO | ForkProcess-466 | [CPU worker] inicio lote: experimentos=625000, dados=6, pid=199547
2026-05-22 15:52:03,390 | INFO | ForkProcess-467 | [CPU worker] inicio lote: experimentos=625000, dados=6, pid=199548
2026-05-22 15:52:03,390 | INFO | ForkProcess-468 | [CPU worker] inicio lote: experimentos=625000, dados=6, pid=199550
2026-05-22 15:52:03,390 | INFO | ForkProcess-469 | [CPU worker] inicio lote: experimentos=625000, dados=6, pid=199551
2026-05-22 15:52:03,390 | INFO | ForkProcess-470 | [CPU worker] inicio lote: experimentos=625000, dados=6, pid=199552
2026-05-22 15:52:03,390 | INFO | ForkProcess-471 | [CPU worker] inicio lote: experimentos=625000, dados=6, pid=199553
2026-05-22 15:52:03,390 | INFO | ForkProcess-472 | [CPU worker] inicio lote: experimentos=625000, dados=6, pid=199554
2026-05-22 15:52:03,390 | INFO | ForkProcess-473 | [CPU worker] inicio lote: experimentos=625000, dados=6, pid=199555
2026-05-22 15:52:03,391 | INFO | ForkProcess-474 | [CPU worker] inicio lote: experimentos=625000, dados=6, pid=199556
2026-05-22 15:52:03,391 | INFO | ForkProcess-475 | [CPU worker] inicio lote: experimentos=625000, dados=6, pid=199557
2026-05-22 15:52:03,391 | INFO | ForkProcess-476 | [CPU worker] inicio lote: experimentos=625000, dados=6, pid=199558
2026-05-22 15:52:03,391 | INFO | ForkProcess-477 | [CPU worker] inicio lote: experimentos=625000, dados=6, pid=199559
2026-05-22 15:52:03,391 | INFO | ForkProcess-478 | [CPU worker] inicio lote: experimentos=625000, dados=6, pid=199560
2026-05-22 15:52:03,391 | INFO | ForkProcess-479 | [CPU worker] inicio lote: experimentos=625000, dados=6, pid=199561
2026-05-22 15:52:03,391 | INFO | ForkProcess-480 | [CPU worker] inicio lote: experimentos=625000, dados=6, pid=199562
2026-05-22 15:52:07,707 | INFO | ForkProcess-469 | [CPU worker] fin lote: experimentos=625000, pid=199551
2026-05-22 15:52:07,711 | INFO | ForkProcess-473 | [CPU worker] fin lote: experimentos=625000, pid=199555
2026-05-22 15:52:07,750 | INFO | ForkProcess-477 | [CPU worker] fin lote: experimentos=625000, pid=199559
2026-05-22 15:52:07,764 | INFO | ForkProcess-478 | [CPU worker] fin lote: experimentos=625000, pid=199560
2026-05-22 15:52:07,768 | INFO | ForkProcess-465 | [CPU worker] fin lote: experimentos=625000, pid=199546
2026-05-22 15:52:07,797 | INFO | ForkProcess-466 | [CPU worker] fin lote: experimentos=625000, pid=199547
2026-05-22 15:52:07,798 | INFO | ForkProcess-476 | [CPU worker] fin lote: experimentos=625000, pid=199558
2026-05-22 15:52:07,823 | INFO | ForkProcess-480 | [CPU worker] fin lote: experimentos=625000, pid=199562
2026-05-22 15:52:07,850 | INFO | MainProcess | Progreso CPU | 625000/10000000 (6.25%)
2026-05-22 15:52:07,850 | INFO | MainProcess | CPU paralelo progreso | trabajo=1/16
2026-05-22 15:52:07,862 | INFO | ForkProcess-479 | [CPU worker] fin lote: experimentos=625000, pid=199561
2026-05-22 15:52:07,901 | INFO | ForkProcess-468 | [CPU worker] fin lote: experimentos=625000, pid=199550
2026-05-22 15:52:07,913 | INFO | ForkProcess-474 | [CPU worker] fin lote: experimentos=625000, pid=199556
2026-05-22 15:52:07,914 | INFO | MainProcess | Progreso CPU | 1250000/10000000 (12.50%)
2026-05-22 15:52:07,914 | INFO | ForkProcess-470 | [CPU worker] fin lote: experimentos=625000, pid=199552
2026-05-22 15:52:07,959 | INFO | ForkProcess-475 | [CPU worker] fin lote: experimentos=625000, pid=199557
2026-05-22 15:52:07,970 | INFO | ForkProcess-471 | [CPU worker] fin lote: experimentos=625000, pid=199553
2026-05-22 15:52:08,070 | INFO | ForkProcess-472 | [CPU worker] fin lote: experimentos=625000, pid=199554
2026-05-22 15:52:08,081 | INFO | ForkProcess-467 | [CPU worker] fin lote: experimentos=625000, pid=199548
2026-05-22 15:52:08,118 | INFO | MainProcess | Progreso CPU | 1875000/10000000 (18.75%)
2026-05-22 15:52:08,118 | INFO | MainProcess | CPU paralelo progreso | trabajo=3/16
2026-05-22 15:52:08,134 | INFO | MainProcess | Progreso CPU | 2500000/10000000 (25.00%)
2026-05-22 15:52:08,152 | INFO | MainProcess | Progreso CPU | 3125000/10000000 (31.25%)
2026-05-22 15:52:08,170 | INFO | MainProcess | Progreso CPU | 3750000/10000000 (37.50%)
2026-05-22 15:52:08,171 | INFO | MainProcess | CPU paralelo progreso | trabajo=6/16
2026-05-22 15:52:08,185 | INFO | MainProcess | Progreso CPU | 4375000/10000000 (43.75%)
2026-05-22 15:52:08,201 | INFO | MainProcess | Progreso CPU | 5000000/10000000 (50.00%)
2026-05-22 15:52:08,225 | INFO | MainProcess | Progreso CPU | 5625000/10000000 (56.25%)
2026-05-22 15:52:08,225 | INFO | MainProcess | CPU paralelo progreso | trabajo=9/16
2026-05-22 15:52:08,247 | INFO | MainProcess | Progreso CPU | 6250000/10000000 (62.50%)
2026-05-22 15:52:08,267 | INFO | MainProcess | Progreso CPU | 6875000/10000000 (68.75%)
2026-05-22 15:52:08,284 | INFO | MainProcess | Progreso CPU | 7500000/10000000 (75.00%)
2026-05-22 15:52:08,284 | INFO | MainProcess | CPU paralelo progreso | trabajo=12/16
2026-05-22 15:52:08,300 | INFO | MainProcess | Progreso CPU | 8125000/10000000 (81.25%)
2026-05-22 15:52:08,316 | INFO | MainProcess | Progreso CPU | 8750000/10000000 (87.50%)
2026-05-22 15:52:08,332 | INFO | MainProcess | Progreso CPU | 9375000/10000000 (93.75%)
2026-05-22 15:52:08,332 | INFO | MainProcess | CPU paralelo progreso | trabajo=15/16
2026-05-22 15:52:08,350 | INFO | MainProcess | Progreso CPU | 10000000/10000000 (100.00%)
2026-05-22 15:52:08,350 | INFO | MainProcess | CPU paralelo progreso | trabajo=16/16
2026-05-22 15:52:38,408 | INFO | MainProcess | Lanzar N | N=100000000 | dados=6 | modo_solicitado=CPU | modo_real=CPU | trabajadores=16
2026-05-22 15:52:38,409 | INFO | MainProcess | Generar masivos | experimentos=100000000 | dados=6 | trabajadores=16
2026-05-22 15:52:38,515 | INFO | ForkProcess-481 | [CPU worker] inicio lote: experimentos=6250000, dados=6, pid=200275
2026-05-22 15:52:38,515 | INFO | ForkProcess-483 | [CPU worker] inicio lote: experimentos=6250000, dados=6, pid=200277
2026-05-22 15:52:38,515 | INFO | ForkProcess-484 | [CPU worker] inicio lote: experimentos=6250000, dados=6, pid=200279
2026-05-22 15:52:38,515 | INFO | ForkProcess-485 | [CPU worker] inicio lote: experimentos=6250000, dados=6, pid=200280
2026-05-22 15:52:38,516 | INFO | ForkProcess-486 | [CPU worker] inicio lote: experimentos=6250000, dados=6, pid=200281
2026-05-22 15:52:38,516 | INFO | ForkProcess-488 | [CPU worker] inicio lote: experimentos=6250000, dados=6, pid=200283
2026-05-22 15:52:38,516 | INFO | ForkProcess-489 | [CPU worker] inicio lote: experimentos=6250000, dados=6, pid=200284
2026-05-22 15:52:38,515 | INFO | ForkProcess-482 | [CPU worker] inicio lote: experimentos=6250000, dados=6, pid=200276
2026-05-22 15:52:38,516 | INFO | ForkProcess-487 | [CPU worker] inicio lote: experimentos=6250000, dados=6, pid=200282
2026-05-22 15:52:38,516 | INFO | ForkProcess-490 | [CPU worker] inicio lote: experimentos=6250000, dados=6, pid=200285
2026-05-22 15:52:38,516 | INFO | ForkProcess-491 | [CPU worker] inicio lote: experimentos=6250000, dados=6, pid=200286
2026-05-22 15:52:38,516 | INFO | ForkProcess-493 | [CPU worker] inicio lote: experimentos=6250000, dados=6, pid=200288
2026-05-22 15:52:38,516 | INFO | ForkProcess-494 | [CPU worker] inicio lote: experimentos=6250000, dados=6, pid=200289
2026-05-22 15:52:38,516 | INFO | ForkProcess-492 | [CPU worker] inicio lote: experimentos=6250000, dados=6, pid=200287
2026-05-22 15:52:38,517 | INFO | ForkProcess-496 | [CPU worker] inicio lote: experimentos=6250000, dados=6, pid=200291
2026-05-22 15:52:38,517 | INFO | ForkProcess-495 | [CPU worker] inicio lote: experimentos=6250000, dados=6, pid=200290
2026-05-22 15:53:22,475 | INFO | ForkProcess-483 | [CPU worker] fin lote: experimentos=6250000, pid=200277
2026-05-22 15:53:23,240 | INFO | ForkProcess-490 | [CPU worker] fin lote: experimentos=6250000, pid=200285
2026-05-22 15:53:23,817 | INFO | ForkProcess-485 | [CPU worker] fin lote: experimentos=6250000, pid=200280
2026-05-22 15:53:24,040 | INFO | ForkProcess-492 | [CPU worker] fin lote: experimentos=6250000, pid=200287
2026-05-22 15:53:24,081 | INFO | ForkProcess-487 | [CPU worker] fin lote: experimentos=6250000, pid=200282
2026-05-22 15:53:24,298 | INFO | ForkProcess-491 | [CPU worker] fin lote: experimentos=6250000, pid=200286
2026-05-22 15:53:24,410 | INFO | ForkProcess-486 | [CPU worker] fin lote: experimentos=6250000, pid=200281
2026-05-22 15:53:24,465 | INFO | ForkProcess-488 | [CPU worker] fin lote: experimentos=6250000, pid=200283
2026-05-22 15:53:24,470 | INFO | ForkProcess-494 | [CPU worker] fin lote: experimentos=6250000, pid=200289
2026-05-22 15:53:24,502 | INFO | ForkProcess-482 | [CPU worker] fin lote: experimentos=6250000, pid=200276
2026-05-22 15:53:24,545 | INFO | ForkProcess-484 | [CPU worker] fin lote: experimentos=6250000, pid=200279
2026-05-22 15:53:24,756 | INFO | ForkProcess-495 | [CPU worker] fin lote: experimentos=6250000, pid=200290
2026-05-22 15:53:24,872 | INFO | ForkProcess-493 | [CPU worker] fin lote: experimentos=6250000, pid=200288
2026-05-22 15:53:24,900 | INFO | ForkProcess-481 | [CPU worker] fin lote: experimentos=6250000, pid=200275
2026-05-22 15:53:24,937 | INFO | MainProcess | Progreso CPU | 6250000/100000000 (6.25%)
2026-05-22 15:53:24,937 | INFO | MainProcess | CPU paralelo progreso | trabajo=1/16
2026-05-22 15:53:24,941 | INFO | ForkProcess-496 | [CPU worker] fin lote: experimentos=6250000, pid=200291
2026-05-22 15:53:24,953 | INFO | MainProcess | Progreso CPU | 12500000/100000000 (12.50%)
2026-05-22 15:53:24,970 | INFO | MainProcess | Progreso CPU | 18750000/100000000 (18.75%)
2026-05-22 15:53:24,971 | INFO | MainProcess | CPU paralelo progreso | trabajo=3/16
2026-05-22 15:53:24,986 | INFO | MainProcess | Progreso CPU | 25000000/100000000 (25.00%)
2026-05-22 15:53:25,011 | INFO | MainProcess | Progreso CPU | 31250000/100000000 (31.25%)
2026-05-22 15:53:25,024 | INFO | MainProcess | Progreso CPU | 37500000/100000000 (37.50%)
2026-05-22 15:53:25,024 | INFO | MainProcess | CPU paralelo progreso | trabajo=6/16
2026-05-22 15:53:25,038 | INFO | MainProcess | Progreso CPU | 43750000/100000000 (43.75%)
2026-05-22 15:53:25,050 | INFO | MainProcess | Progreso CPU | 50000000/100000000 (50.00%)
2026-05-22 15:53:25,074 | INFO | ForkProcess-489 | [CPU worker] fin lote: experimentos=6250000, pid=200284
2026-05-22 15:53:25,109 | INFO | MainProcess | Progreso CPU | 56250000/100000000 (56.25%)
2026-05-22 15:53:25,110 | INFO | MainProcess | CPU paralelo progreso | trabajo=9/16
2026-05-22 15:53:25,123 | INFO | MainProcess | Progreso CPU | 62500000/100000000 (62.50%)
2026-05-22 15:53:25,137 | INFO | MainProcess | Progreso CPU | 68750000/100000000 (68.75%)
2026-05-22 15:53:25,150 | INFO | MainProcess | Progreso CPU | 75000000/100000000 (75.00%)
2026-05-22 15:53:25,150 | INFO | MainProcess | CPU paralelo progreso | trabajo=12/16
2026-05-22 15:53:25,164 | INFO | MainProcess | Progreso CPU | 81250000/100000000 (81.25%)
2026-05-22 15:53:25,178 | INFO | MainProcess | Progreso CPU | 87500000/100000000 (87.50%)
2026-05-22 15:53:25,191 | INFO | MainProcess | Progreso CPU | 93750000/100000000 (93.75%)
2026-05-22 15:53:25,191 | INFO | MainProcess | CPU paralelo progreso | trabajo=15/16
2026-05-22 15:53:25,210 | INFO | MainProcess | Progreso CPU | 100000000/100000000 (100.00%)
2026-05-22 15:53:25,210 | INFO | MainProcess | CPU paralelo progreso | trabajo=16/16
2026-05-22 15:55:07,129 | INFO | MainProcess | Lanzar N | N=100000000 | dados=1 | modo_solicitado=CPU | modo_real=CPU | trabajadores=16
2026-05-22 15:55:07,130 | INFO | MainProcess | Generar masivos | experimentos=100000000 | dados=1 | trabajadores=16
2026-05-22 15:55:07,247 | INFO | ForkProcess-498 | [CPU worker] inicio lote: experimentos=6250000, dados=1, pid=202963
2026-05-22 15:55:07,247 | INFO | ForkProcess-499 | [CPU worker] inicio lote: experimentos=6250000, dados=1, pid=202965
2026-05-22 15:55:07,247 | INFO | ForkProcess-500 | [CPU worker] inicio lote: experimentos=6250000, dados=1, pid=202966
2026-05-22 15:55:07,247 | INFO | ForkProcess-497 | [CPU worker] inicio lote: experimentos=6250000, dados=1, pid=202962
2026-05-22 15:55:07,247 | INFO | ForkProcess-501 | [CPU worker] inicio lote: experimentos=6250000, dados=1, pid=202967
2026-05-22 15:55:07,247 | INFO | ForkProcess-503 | [CPU worker] inicio lote: experimentos=6250000, dados=1, pid=202969
2026-05-22 15:55:07,247 | INFO | ForkProcess-504 | [CPU worker] inicio lote: experimentos=6250000, dados=1, pid=202970
2026-05-22 15:55:07,247 | INFO | ForkProcess-502 | [CPU worker] inicio lote: experimentos=6250000, dados=1, pid=202968
2026-05-22 15:55:07,248 | INFO | ForkProcess-505 | [CPU worker] inicio lote: experimentos=6250000, dados=1, pid=202971
2026-05-22 15:55:07,248 | INFO | ForkProcess-506 | [CPU worker] inicio lote: experimentos=6250000, dados=1, pid=202972
2026-05-22 15:55:07,251 | INFO | ForkProcess-507 | [CPU worker] inicio lote: experimentos=6250000, dados=1, pid=202973
2026-05-22 15:55:07,251 | INFO | ForkProcess-508 | [CPU worker] inicio lote: experimentos=6250000, dados=1, pid=202974
2026-05-22 15:55:07,251 | INFO | ForkProcess-509 | [CPU worker] inicio lote: experimentos=6250000, dados=1, pid=202975
2026-05-22 15:55:07,251 | INFO | ForkProcess-511 | [CPU worker] inicio lote: experimentos=6250000, dados=1, pid=202977
2026-05-22 15:55:07,251 | INFO | ForkProcess-510 | [CPU worker] inicio lote: experimentos=6250000, dados=1, pid=202976
2026-05-22 15:55:07,251 | INFO | ForkProcess-512 | [CPU worker] inicio lote: experimentos=6250000, dados=1, pid=202978
2026-05-22 15:55:19,063 | INFO | ForkProcess-501 | [CPU worker] fin lote: experimentos=6250000, pid=202967
2026-05-22 15:55:19,089 | INFO | ForkProcess-510 | [CPU worker] fin lote: experimentos=6250000, pid=202976
2026-05-22 15:55:19,101 | INFO | ForkProcess-499 | [CPU worker] fin lote: experimentos=6250000, pid=202965
2026-05-22 15:55:19,108 | INFO | ForkProcess-503 | [CPU worker] fin lote: experimentos=6250000, pid=202969
2026-05-22 15:55:19,133 | INFO | ForkProcess-500 | [CPU worker] fin lote: experimentos=6250000, pid=202966
2026-05-22 15:55:19,154 | INFO | ForkProcess-502 | [CPU worker] fin lote: experimentos=6250000, pid=202968
2026-05-22 15:55:19,161 | INFO | ForkProcess-504 | [CPU worker] fin lote: experimentos=6250000, pid=202970
2026-05-22 15:55:19,165 | INFO | ForkProcess-509 | [CPU worker] fin lote: experimentos=6250000, pid=202975
2026-05-22 15:55:19,182 | INFO | ForkProcess-506 | [CPU worker] fin lote: experimentos=6250000, pid=202972
2026-05-22 15:55:19,209 | INFO | ForkProcess-512 | [CPU worker] fin lote: experimentos=6250000, pid=202978
2026-05-22 15:55:19,229 | INFO | ForkProcess-507 | [CPU worker] fin lote: experimentos=6250000, pid=202973
2026-05-22 15:55:19,262 | INFO | ForkProcess-511 | [CPU worker] fin lote: experimentos=6250000, pid=202977
2026-05-22 15:55:19,267 | INFO | ForkProcess-508 | [CPU worker] fin lote: experimentos=6250000, pid=202974
2026-05-22 15:55:19,329 | INFO | ForkProcess-498 | [CPU worker] fin lote: experimentos=6250000, pid=202963
2026-05-22 15:55:19,343 | INFO | ForkProcess-505 | [CPU worker] fin lote: experimentos=6250000, pid=202971
2026-05-22 15:55:19,436 | INFO | ForkProcess-497 | [CPU worker] fin lote: experimentos=6250000, pid=202962
2026-05-22 15:55:19,436 | INFO | MainProcess | Progreso CPU | 6250000/100000000 (6.25%)
2026-05-22 15:55:19,437 | INFO | MainProcess | CPU paralelo progreso | trabajo=1/16
2026-05-22 15:55:19,437 | INFO | MainProcess | Progreso CPU | 12500000/100000000 (12.50%)
2026-05-22 15:55:19,437 | INFO | MainProcess | Progreso CPU | 18750000/100000000 (18.75%)
2026-05-22 15:55:19,437 | INFO | MainProcess | CPU paralelo progreso | trabajo=3/16
2026-05-22 15:55:19,437 | INFO | MainProcess | Progreso CPU | 25000000/100000000 (25.00%)
2026-05-22 15:55:19,437 | INFO | MainProcess | Progreso CPU | 31250000/100000000 (31.25%)
2026-05-22 15:55:19,437 | INFO | MainProcess | Progreso CPU | 37500000/100000000 (37.50%)
2026-05-22 15:55:19,437 | INFO | MainProcess | CPU paralelo progreso | trabajo=6/16
2026-05-22 15:55:19,437 | INFO | MainProcess | Progreso CPU | 43750000/100000000 (43.75%)
2026-05-22 15:55:19,437 | INFO | MainProcess | Progreso CPU | 50000000/100000000 (50.00%)
2026-05-22 15:55:19,437 | INFO | MainProcess | Progreso CPU | 56250000/100000000 (56.25%)
2026-05-22 15:55:19,437 | INFO | MainProcess | CPU paralelo progreso | trabajo=9/16
2026-05-22 15:55:19,437 | INFO | MainProcess | Progreso CPU | 62500000/100000000 (62.50%)
2026-05-22 15:55:19,437 | INFO | MainProcess | Progreso CPU | 68750000/100000000 (68.75%)
2026-05-22 15:55:19,437 | INFO | MainProcess | Progreso CPU | 75000000/100000000 (75.00%)
2026-05-22 15:55:19,437 | INFO | MainProcess | CPU paralelo progreso | trabajo=12/16
2026-05-22 15:55:19,437 | INFO | MainProcess | Progreso CPU | 81250000/100000000 (81.25%)
2026-05-22 15:55:19,437 | INFO | MainProcess | Progreso CPU | 87500000/100000000 (87.50%)
2026-05-22 15:55:19,438 | INFO | MainProcess | Progreso CPU | 93750000/100000000 (93.75%)
2026-05-22 15:55:19,438 | INFO | MainProcess | CPU paralelo progreso | trabajo=15/16
2026-05-22 15:55:19,438 | INFO | MainProcess | Progreso CPU | 100000000/100000000 (100.00%)
2026-05-22 15:55:19,438 | INFO | MainProcess | CPU paralelo progreso | trabajo=16/16
2026-05-22 15:55:43,460 | INFO | MainProcess | Lanzar N | N=100000000 | dados=6 | modo_solicitado=CPU | modo_real=CPU | trabajadores=16
2026-05-22 15:55:43,461 | INFO | MainProcess | Generar masivos | experimentos=100000000 | dados=6 | trabajadores=16
2026-05-22 15:55:43,577 | INFO | ForkProcess-513 | [CPU worker] inicio lote: experimentos=6250000, dados=6, pid=203749
2026-05-22 15:55:43,577 | INFO | ForkProcess-514 | [CPU worker] inicio lote: experimentos=6250000, dados=6, pid=203750
2026-05-22 15:55:43,577 | INFO | ForkProcess-515 | [CPU worker] inicio lote: experimentos=6250000, dados=6, pid=203752
2026-05-22 15:55:43,577 | INFO | ForkProcess-516 | [CPU worker] inicio lote: experimentos=6250000, dados=6, pid=203753
2026-05-22 15:55:43,577 | INFO | ForkProcess-517 | [CPU worker] inicio lote: experimentos=6250000, dados=6, pid=203754
2026-05-22 15:55:43,578 | INFO | ForkProcess-520 | [CPU worker] inicio lote: experimentos=6250000, dados=6, pid=203757
2026-05-22 15:55:43,578 | INFO | ForkProcess-521 | [CPU worker] inicio lote: experimentos=6250000, dados=6, pid=203758
2026-05-22 15:55:43,578 | INFO | ForkProcess-523 | [CPU worker] inicio lote: experimentos=6250000, dados=6, pid=203760
2026-05-22 15:55:43,578 | INFO | ForkProcess-519 | [CPU worker] inicio lote: experimentos=6250000, dados=6, pid=203756
2026-05-22 15:55:43,578 | INFO | ForkProcess-522 | [CPU worker] inicio lote: experimentos=6250000, dados=6, pid=203759
2026-05-22 15:55:43,578 | INFO | ForkProcess-524 | [CPU worker] inicio lote: experimentos=6250000, dados=6, pid=203761
2026-05-22 15:55:43,578 | INFO | ForkProcess-518 | [CPU worker] inicio lote: experimentos=6250000, dados=6, pid=203755
2026-05-22 15:55:43,578 | INFO | ForkProcess-526 | [CPU worker] inicio lote: experimentos=6250000, dados=6, pid=203763
2026-05-22 15:55:43,578 | INFO | ForkProcess-527 | [CPU worker] inicio lote: experimentos=6250000, dados=6, pid=203764
2026-05-22 15:55:43,578 | INFO | ForkProcess-525 | [CPU worker] inicio lote: experimentos=6250000, dados=6, pid=203762
2026-05-22 15:55:43,582 | INFO | ForkProcess-528 | [CPU worker] inicio lote: experimentos=6250000, dados=6, pid=203765
2026-05-22 15:56:28,092 | INFO | ForkProcess-515 | [CPU worker] fin lote: experimentos=6250000, pid=203752
2026-05-22 15:56:28,349 | INFO | ForkProcess-514 | [CPU worker] fin lote: experimentos=6250000, pid=203750
2026-05-22 15:56:28,732 | INFO | ForkProcess-527 | [CPU worker] fin lote: experimentos=6250000, pid=203764
2026-05-22 15:56:28,843 | INFO | ForkProcess-525 | [CPU worker] fin lote: experimentos=6250000, pid=203762
2026-05-22 15:56:28,866 | INFO | ForkProcess-524 | [CPU worker] fin lote: experimentos=6250000, pid=203761
2026-05-22 15:56:29,001 | INFO | ForkProcess-526 | [CPU worker] fin lote: experimentos=6250000, pid=203763
2026-05-22 15:56:29,058 | INFO | ForkProcess-522 | [CPU worker] fin lote: experimentos=6250000, pid=203759
2026-05-22 15:56:29,258 | INFO | ForkProcess-519 | [CPU worker] fin lote: experimentos=6250000, pid=203756
2026-05-22 15:56:29,279 | INFO | ForkProcess-518 | [CPU worker] fin lote: experimentos=6250000, pid=203755
2026-05-22 15:56:29,318 | INFO | ForkProcess-521 | [CPU worker] fin lote: experimentos=6250000, pid=203758
2026-05-22 15:56:29,334 | INFO | ForkProcess-516 | [CPU worker] fin lote: experimentos=6250000, pid=203753
2026-05-22 15:56:29,428 | INFO | ForkProcess-513 | [CPU worker] fin lote: experimentos=6250000, pid=203749
2026-05-22 15:56:29,435 | INFO | ForkProcess-520 | [CPU worker] fin lote: experimentos=6250000, pid=203757
2026-05-22 15:56:29,477 | INFO | MainProcess | Progreso CPU | 6250000/100000000 (6.25%)
2026-05-22 15:56:29,477 | INFO | MainProcess | CPU paralelo progreso | trabajo=1/16
2026-05-22 15:56:29,496 | INFO | MainProcess | Progreso CPU | 12500000/100000000 (12.50%)
2026-05-22 15:56:29,522 | INFO | MainProcess | Progreso CPU | 18750000/100000000 (18.75%)
2026-05-22 15:56:29,522 | INFO | MainProcess | CPU paralelo progreso | trabajo=3/16
2026-05-22 15:56:29,530 | INFO | ForkProcess-517 | [CPU worker] fin lote: experimentos=6250000, pid=203754
2026-05-22 15:56:29,540 | INFO | MainProcess | Progreso CPU | 25000000/100000000 (25.00%)
2026-05-22 15:56:29,553 | INFO | ForkProcess-528 | [CPU worker] fin lote: experimentos=6250000, pid=203765
2026-05-22 15:56:29,573 | INFO | MainProcess | Progreso CPU | 31250000/100000000 (31.25%)
2026-05-22 15:56:29,589 | INFO | MainProcess | Progreso CPU | 37500000/100000000 (37.50%)
2026-05-22 15:56:29,589 | INFO | MainProcess | CPU paralelo progreso | trabajo=6/16
2026-05-22 15:56:29,614 | INFO | MainProcess | Progreso CPU | 43750000/100000000 (43.75%)
2026-05-22 15:56:29,629 | INFO | MainProcess | Progreso CPU | 50000000/100000000 (50.00%)
2026-05-22 15:56:29,645 | INFO | MainProcess | Progreso CPU | 56250000/100000000 (56.25%)
2026-05-22 15:56:29,645 | INFO | MainProcess | CPU paralelo progreso | trabajo=9/16
2026-05-22 15:56:29,660 | INFO | MainProcess | Progreso CPU | 62500000/100000000 (62.50%)
2026-05-22 15:56:30,013 | INFO | ForkProcess-523 | [CPU worker] fin lote: experimentos=6250000, pid=203760
2026-05-22 15:56:30,051 | INFO | MainProcess | Progreso CPU | 68750000/100000000 (68.75%)
2026-05-22 15:56:30,066 | INFO | MainProcess | Progreso CPU | 75000000/100000000 (75.00%)
2026-05-22 15:56:30,066 | INFO | MainProcess | CPU paralelo progreso | trabajo=12/16
2026-05-22 15:56:30,082 | INFO | MainProcess | Progreso CPU | 81250000/100000000 (81.25%)
2026-05-22 15:56:30,096 | INFO | MainProcess | Progreso CPU | 87500000/100000000 (87.50%)
2026-05-22 15:56:30,112 | INFO | MainProcess | Progreso CPU | 93750000/100000000 (93.75%)
2026-05-22 15:56:30,113 | INFO | MainProcess | CPU paralelo progreso | trabajo=15/16
2026-05-22 15:56:30,131 | INFO | MainProcess | Progreso CPU | 100000000/100000000 (100.00%)
2026-05-22 15:56:30,131 | INFO | MainProcess | CPU paralelo progreso | trabajo=16/16
2026-05-22 15:57:09,122 | INFO | MainProcess | Sesion guardada | nombre=Dado16Hard | ruta=/media/darkseid/DATA/Repos/probability-and-statistics/dice/sessions/Dado16Hard.json
2026-05-22 15:57:53,192 | INFO | MainProcess | Lanzar N | N=100000000 | dados=1 | modo_solicitado=CPU | modo_real=CPU | trabajadores=16
2026-05-22 15:57:53,192 | INFO | MainProcess | Generar masivos | experimentos=100000000 | dados=1 | trabajadores=16
2026-05-22 15:57:53,309 | INFO | ForkProcess-529 | [CPU worker] inicio lote: experimentos=6250000, dados=1, pid=206178
2026-05-22 15:57:53,310 | INFO | ForkProcess-530 | [CPU worker] inicio lote: experimentos=6250000, dados=1, pid=206180
2026-05-22 15:57:53,310 | INFO | ForkProcess-534 | [CPU worker] inicio lote: experimentos=6250000, dados=1, pid=206184
2026-05-22 15:57:53,311 | INFO | ForkProcess-535 | [CPU worker] inicio lote: experimentos=6250000, dados=1, pid=206185
2026-05-22 15:57:53,310 | INFO | ForkProcess-531 | [CPU worker] inicio lote: experimentos=6250000, dados=1, pid=206181
2026-05-22 15:57:53,310 | INFO | ForkProcess-532 | [CPU worker] inicio lote: experimentos=6250000, dados=1, pid=206182
2026-05-22 15:57:53,311 | INFO | ForkProcess-533 | [CPU worker] inicio lote: experimentos=6250000, dados=1, pid=206183
2026-05-22 15:57:53,311 | INFO | ForkProcess-540 | [CPU worker] inicio lote: experimentos=6250000, dados=1, pid=206190
2026-05-22 15:57:53,311 | INFO | ForkProcess-541 | [CPU worker] inicio lote: experimentos=6250000, dados=1, pid=206191
2026-05-22 15:57:53,311 | INFO | ForkProcess-542 | [CPU worker] inicio lote: experimentos=6250000, dados=1, pid=206192
2026-05-22 15:57:53,311 | INFO | ForkProcess-543 | [CPU worker] inicio lote: experimentos=6250000, dados=1, pid=206193
2026-05-22 15:57:53,311 | INFO | ForkProcess-536 | [CPU worker] inicio lote: experimentos=6250000, dados=1, pid=206186
2026-05-22 15:57:53,311 | INFO | ForkProcess-537 | [CPU worker] inicio lote: experimentos=6250000, dados=1, pid=206187
2026-05-22 15:57:53,311 | INFO | ForkProcess-538 | [CPU worker] inicio lote: experimentos=6250000, dados=1, pid=206188
2026-05-22 15:57:53,311 | INFO | ForkProcess-539 | [CPU worker] inicio lote: experimentos=6250000, dados=1, pid=206189
2026-05-22 15:57:53,312 | INFO | ForkProcess-544 | [CPU worker] inicio lote: experimentos=6250000, dados=1, pid=206194
2026-05-22 15:58:04,682 | INFO | ForkProcess-537 | [CPU worker] fin lote: experimentos=6250000, pid=206187
2026-05-22 15:58:04,714 | INFO | ForkProcess-538 | [CPU worker] fin lote: experimentos=6250000, pid=206188
2026-05-22 15:58:04,904 | INFO | ForkProcess-529 | [CPU worker] fin lote: experimentos=6250000, pid=206178
2026-05-22 15:58:04,905 | INFO | MainProcess | Progreso CPU | 6250000/100000000 (6.25%)
2026-05-22 15:58:04,905 | INFO | MainProcess | CPU paralelo progreso | trabajo=1/16
2026-05-22 15:58:05,073 | INFO | ForkProcess-542 | [CPU worker] fin lote: experimentos=6250000, pid=206192
2026-05-22 15:58:05,090 | INFO | ForkProcess-536 | [CPU worker] fin lote: experimentos=6250000, pid=206186
2026-05-22 15:58:05,105 | INFO | ForkProcess-543 | [CPU worker] fin lote: experimentos=6250000, pid=206193
2026-05-22 15:58:05,154 | INFO | ForkProcess-531 | [CPU worker] fin lote: experimentos=6250000, pid=206181
2026-05-22 15:58:05,235 | INFO | ForkProcess-534 | [CPU worker] fin lote: experimentos=6250000, pid=206184
2026-05-22 15:58:05,254 | INFO | ForkProcess-530 | [CPU worker] fin lote: experimentos=6250000, pid=206180
2026-05-22 15:58:05,255 | INFO | MainProcess | Progreso CPU | 12500000/100000000 (12.50%)
2026-05-22 15:58:05,255 | INFO | MainProcess | Progreso CPU | 18750000/100000000 (18.75%)
2026-05-22 15:58:05,255 | INFO | MainProcess | CPU paralelo progreso | trabajo=3/16
2026-05-22 15:58:05,289 | INFO | ForkProcess-533 | [CPU worker] fin lote: experimentos=6250000, pid=206183
2026-05-22 15:58:05,295 | INFO | ForkProcess-532 | [CPU worker] fin lote: experimentos=6250000, pid=206182
2026-05-22 15:58:05,295 | INFO | MainProcess | Progreso CPU | 25000000/100000000 (25.00%)
2026-05-22 15:58:05,295 | INFO | MainProcess | Progreso CPU | 31250000/100000000 (31.25%)
2026-05-22 15:58:05,295 | INFO | MainProcess | Progreso CPU | 37500000/100000000 (37.50%)
2026-05-22 15:58:05,295 | INFO | MainProcess | CPU paralelo progreso | trabajo=6/16
2026-05-22 15:58:05,298 | INFO | ForkProcess-535 | [CPU worker] fin lote: experimentos=6250000, pid=206185
2026-05-22 15:58:05,299 | INFO | MainProcess | Progreso CPU | 43750000/100000000 (43.75%)
2026-05-22 15:58:05,299 | INFO | MainProcess | Progreso CPU | 50000000/100000000 (50.00%)
2026-05-22 15:58:05,299 | INFO | MainProcess | Progreso CPU | 56250000/100000000 (56.25%)
2026-05-22 15:58:05,299 | INFO | MainProcess | CPU paralelo progreso | trabajo=9/16
2026-05-22 15:58:05,299 | INFO | MainProcess | Progreso CPU | 62500000/100000000 (62.50%)
2026-05-22 15:58:05,316 | INFO | ForkProcess-539 | [CPU worker] fin lote: experimentos=6250000, pid=206189
2026-05-22 15:58:05,316 | INFO | MainProcess | Progreso CPU | 68750000/100000000 (68.75%)
2026-05-22 15:58:05,380 | INFO | ForkProcess-544 | [CPU worker] fin lote: experimentos=6250000, pid=206194
2026-05-22 15:58:05,381 | INFO | ForkProcess-541 | [CPU worker] fin lote: experimentos=6250000, pid=206191
2026-05-22 15:58:05,722 | INFO | ForkProcess-540 | [CPU worker] fin lote: experimentos=6250000, pid=206190
2026-05-22 15:58:05,723 | INFO | MainProcess | Progreso CPU | 75000000/100000000 (75.00%)
2026-05-22 15:58:05,723 | INFO | MainProcess | CPU paralelo progreso | trabajo=12/16
2026-05-22 15:58:05,723 | INFO | MainProcess | Progreso CPU | 81250000/100000000 (81.25%)
2026-05-22 15:58:05,723 | INFO | MainProcess | Progreso CPU | 87500000/100000000 (87.50%)
2026-05-22 15:58:05,723 | INFO | MainProcess | Progreso CPU | 93750000/100000000 (93.75%)
2026-05-22 15:58:05,723 | INFO | MainProcess | CPU paralelo progreso | trabajo=15/16
2026-05-22 15:58:05,723 | INFO | MainProcess | Progreso CPU | 100000000/100000000 (100.00%)
2026-05-22 15:58:05,723 | INFO | MainProcess | CPU paralelo progreso | trabajo=16/16
2026-05-22 15:58:42,145 | INFO | MainProcess | Lanzar N | N=100000000 | dados=6 | modo_solicitado=CPU | modo_real=CPU | trabajadores=16
2026-05-22 15:58:42,146 | INFO | MainProcess | Generar masivos | experimentos=100000000 | dados=6 | trabajadores=16
2026-05-22 15:58:42,271 | INFO | ForkProcess-546 | [CPU worker] inicio lote: experimentos=6250000, dados=6, pid=207222
2026-05-22 15:58:42,272 | INFO | ForkProcess-549 | [CPU worker] inicio lote: experimentos=6250000, dados=6, pid=207226
2026-05-22 15:58:42,271 | INFO | ForkProcess-545 | [CPU worker] inicio lote: experimentos=6250000, dados=6, pid=207221
2026-05-22 15:58:42,271 | INFO | ForkProcess-547 | [CPU worker] inicio lote: experimentos=6250000, dados=6, pid=207223
2026-05-22 15:58:42,272 | INFO | ForkProcess-548 | [CPU worker] inicio lote: experimentos=6250000, dados=6, pid=207225
2026-05-22 15:58:42,272 | INFO | ForkProcess-550 | [CPU worker] inicio lote: experimentos=6250000, dados=6, pid=207227
2026-05-22 15:58:42,272 | INFO | ForkProcess-551 | [CPU worker] inicio lote: experimentos=6250000, dados=6, pid=207228
2026-05-22 15:58:42,272 | INFO | ForkProcess-552 | [CPU worker] inicio lote: experimentos=6250000, dados=6, pid=207229
2026-05-22 15:58:42,273 | INFO | ForkProcess-556 | [CPU worker] inicio lote: experimentos=6250000, dados=6, pid=207233
2026-05-22 15:58:42,272 | INFO | ForkProcess-553 | [CPU worker] inicio lote: experimentos=6250000, dados=6, pid=207230
2026-05-22 15:58:42,273 | INFO | ForkProcess-554 | [CPU worker] inicio lote: experimentos=6250000, dados=6, pid=207231
2026-05-22 15:58:42,273 | INFO | ForkProcess-555 | [CPU worker] inicio lote: experimentos=6250000, dados=6, pid=207232
2026-05-22 15:58:42,273 | INFO | ForkProcess-557 | [CPU worker] inicio lote: experimentos=6250000, dados=6, pid=207234
2026-05-22 15:58:42,273 | INFO | ForkProcess-558 | [CPU worker] inicio lote: experimentos=6250000, dados=6, pid=207235
2026-05-22 15:58:42,274 | INFO | ForkProcess-559 | [CPU worker] inicio lote: experimentos=6250000, dados=6, pid=207236
2026-05-22 15:58:42,274 | INFO | ForkProcess-560 | [CPU worker] inicio lote: experimentos=6250000, dados=6, pid=207237
2026-05-22 15:59:25,651 | INFO | ForkProcess-546 | [CPU worker] fin lote: experimentos=6250000, pid=207222
2026-05-22 15:59:26,181 | INFO | ForkProcess-552 | [CPU worker] fin lote: experimentos=6250000, pid=207229
2026-05-22 15:59:26,923 | INFO | ForkProcess-557 | [CPU worker] fin lote: experimentos=6250000, pid=207234
2026-05-22 15:59:27,146 | INFO | ForkProcess-555 | [CPU worker] fin lote: experimentos=6250000, pid=207232
2026-05-22 15:59:27,270 | INFO | ForkProcess-550 | [CPU worker] fin lote: experimentos=6250000, pid=207227
2026-05-22 15:59:27,297 | INFO | ForkProcess-545 | [CPU worker] fin lote: experimentos=6250000, pid=207221
2026-05-22 15:59:27,312 | INFO | ForkProcess-553 | [CPU worker] fin lote: experimentos=6250000, pid=207230
2026-05-22 15:59:27,345 | INFO | ForkProcess-556 | [CPU worker] fin lote: experimentos=6250000, pid=207233
2026-05-22 15:59:27,357 | INFO | MainProcess | Progreso CPU | 6250000/100000000 (6.25%)
2026-05-22 15:59:27,358 | INFO | MainProcess | CPU paralelo progreso | trabajo=1/16
2026-05-22 15:59:27,396 | INFO | MainProcess | Progreso CPU | 12500000/100000000 (12.50%)
2026-05-22 15:59:27,398 | INFO | ForkProcess-558 | [CPU worker] fin lote: experimentos=6250000, pid=207235
2026-05-22 15:59:27,491 | INFO | ForkProcess-554 | [CPU worker] fin lote: experimentos=6250000, pid=207231
2026-05-22 15:59:27,492 | INFO | ForkProcess-549 | [CPU worker] fin lote: experimentos=6250000, pid=207226
2026-05-22 15:59:27,600 | INFO | ForkProcess-548 | [CPU worker] fin lote: experimentos=6250000, pid=207225
2026-05-22 15:59:27,849 | INFO | ForkProcess-559 | [CPU worker] fin lote: experimentos=6250000, pid=207236
2026-05-22 15:59:28,010 | INFO | ForkProcess-551 | [CPU worker] fin lote: experimentos=6250000, pid=207228
2026-05-22 15:59:28,191 | INFO | ForkProcess-547 | [CPU worker] fin lote: experimentos=6250000, pid=207223
2026-05-22 15:59:28,228 | INFO | MainProcess | Progreso CPU | 18750000/100000000 (18.75%)
2026-05-22 15:59:28,228 | INFO | MainProcess | CPU paralelo progreso | trabajo=3/16
2026-05-22 15:59:28,241 | INFO | MainProcess | Progreso CPU | 25000000/100000000 (25.00%)
2026-05-22 15:59:28,255 | INFO | MainProcess | Progreso CPU | 31250000/100000000 (31.25%)
2026-05-22 15:59:28,266 | INFO | ForkProcess-560 | [CPU worker] fin lote: experimentos=6250000, pid=207237
2026-05-22 15:59:28,268 | INFO | MainProcess | Progreso CPU | 37500000/100000000 (37.50%)
2026-05-22 15:59:28,269 | INFO | MainProcess | CPU paralelo progreso | trabajo=6/16
2026-05-22 15:59:28,284 | INFO | MainProcess | Progreso CPU | 43750000/100000000 (43.75%)
2026-05-22 15:59:28,299 | INFO | MainProcess | Progreso CPU | 50000000/100000000 (50.00%)
2026-05-22 15:59:28,312 | INFO | MainProcess | Progreso CPU | 56250000/100000000 (56.25%)
2026-05-22 15:59:28,319 | INFO | MainProcess | CPU paralelo progreso | trabajo=9/16
2026-05-22 15:59:28,335 | INFO | MainProcess | Progreso CPU | 62500000/100000000 (62.50%)
2026-05-22 15:59:28,348 | INFO | MainProcess | Progreso CPU | 68750000/100000000 (68.75%)
2026-05-22 15:59:28,361 | INFO | MainProcess | Progreso CPU | 75000000/100000000 (75.00%)
2026-05-22 15:59:28,361 | INFO | MainProcess | CPU paralelo progreso | trabajo=12/16
2026-05-22 15:59:28,374 | INFO | MainProcess | Progreso CPU | 81250000/100000000 (81.25%)
2026-05-22 15:59:28,386 | INFO | MainProcess | Progreso CPU | 87500000/100000000 (87.50%)
2026-05-22 15:59:28,399 | INFO | MainProcess | Progreso CPU | 93750000/100000000 (93.75%)
2026-05-22 15:59:28,400 | INFO | MainProcess | CPU paralelo progreso | trabajo=15/16
2026-05-22 15:59:28,416 | INFO | MainProcess | Progreso CPU | 100000000/100000000 (100.00%)
2026-05-22 15:59:28,417 | INFO | MainProcess | CPU paralelo progreso | trabajo=16/16
2026-05-22 16:01:07,592 | INFO | MainProcess | Sesion guardada | nombre=Dado16Hard | ruta=/media/darkseid/DATA/Repos/probability-and-statistics/dice/sessions/Dado16Hard.json
2026-05-22 16:01:09,647 | INFO | MainProcess | Sesion guardada | nombre=Dado16Hard | ruta=/media/darkseid/DATA/Repos/probability-and-statistics/dice/sessions/Dado16Hard.json
